target_id,twin_source_id,control_id,target_state,common_row_count,twin_otg_common_rows,control_otg_common_rows,contrast_control_minus_twin,computable,reason,orientation
PS_004,PS_017,PS_001,SP,226,0.00028850725379265044,0.0015061303593169907,0.0012176231055243403,True,ok,CONTROL_MINUS_TWIN
PS_004,PS_020,PS_001,SP,444,-0.0011175430730279538,0.0011514437314495314,0.0022689868044774852,True,ok,CONTROL_MINUS_TWIN
PS_004,PS_022,PS_001,SP,441,0.017969425548888876,0.0012148885272538386,-0.016754537021635037,True,ok,CONTROL_MINUS_TWIN
PS_004,PS_023,PS_001,SP,649,0.002518990699054594,0.0009791453307440683,-0.001539845368310526,True,ok,CONTROL_MINUS_TWIN
PS_004,PS_024,PS_001,SP,384,0.00032733648088586337,0.0009944889915316502,0.0006671525106457868,True,ok,CONTROL_MINUS_TWIN
PS_004,PS_026,PS_001,SP,539,0.01019352374488509,0.0006742867522968946,-0.009519236992588196,True,ok,CONTROL_MINUS_TWIN
PS_004,PS_030,PS_001,SP,533,-0.0011341711099320355,0.0015466657183962756,0.002680836828328311,True,ok,CONTROL_MINUS_TWIN
PS_004,PS_017,PS_008,SP,226,0.00028850725379265044,-4.3925395510058945e-05,-0.0003324326493027094,True,ok,CONTROL_MINUS_TWIN
PS_004,PS_020,PS_008,SP,444,-0.0011175430730279538,-0.0007566335887575944,0.00036090948427035946,True,ok,CONTROL_MINUS_TWIN
PS_004,PS_022,PS_008,SP,441,0.017969425548888876,-0.0006868319368619549,-0.01865625748575083,True,ok,CONTROL_MINUS_TWIN
PS_004,PS_023,PS_008,SP,649,0.002518990699054594,-0.0008884637568286717,-0.003407454455883266,True,ok,CONTROL_MINUS_TWIN
PS_004,PS_024,PS_008,SP,384,0.00032733648088586337,-0.0008507345280473477,-0.001178071008933211,True,ok,CONTROL_MINUS_TWIN
PS_004,PS_026,PS_008,SP,539,0.01019352374488509,-0.0011658651804100466,-0.011359388925295137,True,ok,CONTROL_MINUS_TWIN
PS_004,PS_030,PS_008,SP,533,-0.0011341711099320355,-0.0005039915873247848,0.0006301795226072507,True,ok,CONTROL_MINUS_TWIN
PS_004,PS_017,PS_009,SP,226,0.00028850725379265044,0.002573062366054993,0.0022845551122623424,True,ok,CONTROL_MINUS_TWIN
PS_004,PS_020,PS_009,SP,444,-0.0011175430730279538,0.0020175433395820917,0.0031350864126100456,True,ok,CONTROL_MINUS_TWIN
PS_004,PS_022,PS_009,SP,441,0.017969425548888876,0.001991438235314051,-0.015977987313574825,True,ok,CONTROL_MINUS_TWIN
PS_004,PS_023,PS_009,SP,649,0.002518990699054594,0.0023851438075827083,-0.00013384689147188586,True,ok,CONTROL_MINUS_TWIN
PS_004,PS_024,PS_009,SP,384,0.00032733648088586337,0.0016345340535825065,0.001307197572696643,True,ok,CONTROL_MINUS_TWIN
PS_004,PS_026,PS_009,SP,539,0.01019352374488509,0.0015548144523465333,-0.008638709292538557,True,ok,CONTROL_MINUS_TWIN
PS_004,PS_030,PS_009,SP,533,-0.0011341711099320355,0.0028773903762623967,0.004011561486194432,True,ok,CONTROL_MINUS_TWIN
PS_004,PS_017,PS_010,SP,226,0.00028850725379265044,0.05100587828403584,0.050717371030243194,True,ok,CONTROL_MINUS_TWIN
PS_004,PS_020,PS_010,SP,444,-0.0011175430730279538,0.05132699960120002,0.052444542674227976,True,ok,CONTROL_MINUS_TWIN
PS_004,PS_022,PS_010,SP,441,0.017969425548888876,0.05128648930877509,0.03331706375988622,True,ok,CONTROL_MINUS_TWIN
PS_004,PS_023,PS_010,SP,649,0.002518990699054594,0.050358015275799695,0.047839024576745104,True,ok,CONTROL_MINUS_TWIN
PS_004,PS_024,PS_010,SP,384,0.00032733648088586337,0.04910868175266378,0.048781345271777916,True,ok,CONTROL_MINUS_TWIN
PS_004,PS_026,PS_010,SP,539,0.01019352374488509,0.05031295264772982,0.04011942890284473,True,ok,CONTROL_MINUS_TWIN
PS_004,PS_030,PS_010,SP,533,-0.0011341711099320355,0.05255584064474392,0.053690011754675956,True,ok,CONTROL_MINUS_TWIN
PS_004,PS_017,PS_011,SP,226,0.00028850725379265044,-0.0009614100689021264,-0.0012499173226947768,True,ok,CONTROL_MINUS_TWIN
PS_004,PS_020,PS_011,SP,444,-0.0011175430730279538,-0.0015456625821204835,-0.00042811950909252966,True,ok,CONTROL_MINUS_TWIN
PS_004,PS_022,PS_011,SP,441,0.017969425548888876,-0.0015090765858968257,-0.0194785021347857,True,ok,CONTROL_MINUS_TWIN
PS_004,PS_023,PS_011,SP,649,0.002518990699054594,-0.001121450619217812,-0.003640441318272406,True,ok,CONTROL_MINUS_TWIN
PS_004,PS_024,PS_011,SP,384,0.00032733648088586337,-0.0016738060933276303,-0.0020011425742134936,True,ok,CONTROL_MINUS_TWIN
PS_004,PS_026,PS_011,SP,539,0.01019352374488509,-0.0016726600417612397,-0.01186618378664633,True,ok,CONTROL_MINUS_TWIN
PS_004,PS_030,PS_011,SP,533,-0.0011341711099320355,-0.0013133273521812594,-0.0001791562422492239,True,ok,CONTROL_MINUS_TWIN
PS_004,PS_017,PS_013,SP,226,0.00028850725379265044,-0.0002261167761473601,-0.0005146240299400105,True,ok,CONTROL_MINUS_TWIN
PS_004,PS_020,PS_013,SP,444,-0.0011175430730279538,4.954323168908717e-05,0.001167086304717041,True,ok,CONTROL_MINUS_TWIN
PS_004,PS_022,PS_013,SP,441,0.017969425548888876,0.0001238879447364137,-0.017845537604152462,True,ok,CONTROL_MINUS_TWIN
PS_004,PS_023,PS_013,SP,649,0.002518990699054594,0.0011313013964711488,-0.0013876893025834454,True,ok,CONTROL_MINUS_TWIN
PS_004,PS_024,PS_013,SP,384,0.00032733648088586337,-0.00010195943190941664,-0.00042929591279528,True,ok,CONTROL_MINUS_TWIN
PS_004,PS_026,PS_013,SP,539,0.01019352374488509,0.0004826628247980892,-0.009710860920087001,True,ok,CONTROL_MINUS_TWIN
PS_004,PS_030,PS_013,SP,533,-0.0011341711099320355,0.0002631442498981923,0.0013973153598302278,True,ok,CONTROL_MINUS_TWIN
PS_004,PS_017,PS_018,SP,134,-0.00010876490004043879,-0.0006157998882365054,-0.0005070349881960666,True,ok,CONTROL_MINUS_TWIN
PS_004,PS_020,PS_018,SP,269,-0.0018701348533037114,-0.001512176907146761,0.0003579579461569504,True,ok,CONTROL_MINUS_TWIN
PS_004,PS_022,PS_018,SP,264,0.004870948089382425,-0.001491018140333998,-0.006361966229716423,True,ok,CONTROL_MINUS_TWIN
PS_004,PS_023,PS_018,SP,302,0.00033042919837018153,-0.0014926405021210877,-0.0018230697004912692,True,ok,CONTROL_MINUS_TWIN
PS_004,PS_024,PS_018,SP,275,0.0001817540838336927,-0.0014892379371967447,-0.0016709920210304374,True,ok,CONTROL_MINUS_TWIN
PS_004,PS_026,PS_018,SP,302,0.010020784738338586,-0.0014926405021210877,-0.011513425240459674,True,ok,CONTROL_MINUS_TWIN
PS_004,PS_030,PS_018,SP,296,-0.001829957042143282,-0.0015229525080446109,0.00030700453409867115,True,ok,CONTROL_MINUS_TWIN
PS_004,PS_017,PS_019,SP,226,0.00028850725379265044,0.000944454293301953,0.0006559470395093026,True,ok,CONTROL_MINUS_TWIN
PS_004,PS_020,PS_019,SP,444,-0.0011175430730279538,-0.00046017884648170623,0.0006573642265462476,True,ok,CONTROL_MINUS_TWIN
PS_004,PS_022,PS_019,SP,441,0.017969425548888876,-0.00034459634123945246,-0.01831402189012833,True,ok,CONTROL_MINUS_TWIN
PS_004,PS_023,PS_019,SP,594,0.0017033026429351186,-0.0006051466207472427,-0.0023084492636823613,True,ok,CONTROL_MINUS_TWIN
PS_004,PS_024,PS_019,SP,384,0.00032733648088586337,-0.0011965519286580434,-0.0015238884095439068,True,ok,CONTROL_MINUS_TWIN
PS_004,PS_026,PS_019,SP,537,0.010176210721489817,-0.0005154816358373393,-0.010691692357327157,True,ok,CONTROL_MINUS_TWIN
PS_004,PS_030,PS_019,SP,531,-0.0011431081535104824,-0.0004540707942231603,0.0006890373592873221,True,ok,CONTROL_MINUS_TWIN
PS_004,PS_017,PS_021,SP,225,0.00022917396753725436,-0.00043503689376724747,-0.0006642108613045018,True,ok,CONTROL_MINUS_TWIN
PS_004,PS_020,PS_021,SP,440,-0.0011566423308270492,-0.0013679143798975626,-0.00021127204907051347,True,ok,CONTROL_MINUS_TWIN
PS_004,PS_022,PS_021,SP,438,0.017654590070988244,-0.0012293919226061684,-0.018883981993594413,True,ok,CONTROL_MINUS_TWIN
PS_004,PS_023,PS_021,SP,630,0.002213686556658021,-0.0007532294832468187,-0.00296691603990484,True,ok,CONTROL_MINUS_TWIN
PS_004,PS_024,PS_021,SP,384,0.00032733648088586337,-0.0019307997804542745,-0.002258136261340138,True,ok,CONTROL_MINUS_TWIN
PS_004,PS_026,PS_021,SP,538,0.01021009161465116,-0.0011718453907818664,-0.011381937005433027,True,ok,CONTROL_MINUS_TWIN
PS_004,PS_030,PS_021,SP,520,-0.001156735997182249,-0.0011704064236613791,-1.3670426479130138e-05,True,ok,CONTROL_MINUS_TWIN
PS_004,PS_017,PS_025,SP,179,-0.00019960335956700423,0.008428971613107149,0.008628574972674153,True,ok,CONTROL_MINUS_TWIN
PS_004,PS_020,PS_025,SP,315,-0.001753901259084284,0.013481888069511162,0.015235789328595446,True,ok,CONTROL_MINUS_TWIN
PS_004,PS_022,PS_025,SP,309,0.006976407591160992,0.013576965511675532,0.0066005579205145395,True,ok,CONTROL_MINUS_TWIN
PS_004,PS_023,PS_025,SP,368,0.0001055026309947256,0.014370995003103761,0.014265492372109036,True,ok,CONTROL_MINUS_TWIN
PS_004,PS_024,PS_025,SP,323,-0.0005486566796855039,0.012405439227561241,0.012954095907246745,True,ok,CONTROL_MINUS_TWIN
PS_004,PS_026,PS_025,SP,365,0.009779022514667595,0.014515665405221135,0.00473664289055354,True,ok,CONTROL_MINUS_TWIN
PS_004,PS_030,PS_025,SP,351,-0.001930719773189045,0.014179946495265317,0.016110666268454362,True,ok,CONTROL_MINUS_TWIN
PS_004,PS_017,PS_027,SP,226,0.00028850725379265044,-0.0007639924633282037,-0.0010524997171208542,True,ok,CONTROL_MINUS_TWIN
PS_004,PS_020,PS_027,SP,444,-0.0011175430730279538,-0.00162786751114756,-0.0005103244381196061,True,ok,CONTROL_MINUS_TWIN
PS_004,PS_022,PS_027,SP,441,0.017969425548888876,-0.00144851870743316,-0.019417944256322036,True,ok,CONTROL_MINUS_TWIN
PS_004,PS_023,PS_027,SP,636,0.002182712793760578,0.0001248482932838281,-0.00205786450047675,True,ok,CONTROL_MINUS_TWIN
PS_004,PS_024,PS_027,SP,384,0.00032733648088586337,-0.0020980022178379923,-0.0024253386987238557,True,ok,CONTROL_MINUS_TWIN
PS_004,PS_026,PS_027,SP,539,0.01019352374488509,-0.0009456422639886955,-0.011139166008873786,True,ok,CONTROL_MINUS_TWIN
PS_004,PS_030,PS_027,SP,531,-0.0010956431172111578,-0.0009777303179949494,0.00011791279921620837,True,ok,CONTROL_MINUS_TWIN
PS_004,PS_017,PS_028,SP,226,0.00028850725379265044,0.012320647034285991,0.01203213978049334,True,ok,CONTROL_MINUS_TWIN
PS_004,PS_020,PS_028,SP,444,-0.0011175430730279538,0.012334453236777294,0.013451996309805248,True,ok,CONTROL_MINUS_TWIN
PS_004,PS_022,PS_028,SP,441,0.017969425548888876,0.01236385634761563,-0.005605569201273246,True,ok,CONTROL_MINUS_TWIN
PS_004,PS_023,PS_028,SP,649,0.002518990699054594,0.012035427350503763,0.009516436651449169,True,ok,CONTROL_MINUS_TWIN
PS_004,PS_024,PS_028,SP,384,0.00032733648088586337,0.011674409977107812,0.011347073496221948,True,ok,CONTROL_MINUS_TWIN
PS_004,PS_026,PS_028,SP,539,0.01019352374488509,0.011505482812516076,0.0013119590676309856,True,ok,CONTROL_MINUS_TWIN
PS_004,PS_030,PS_028,SP,533,-0.0011341711099320355,0.013205308231412315,0.01433947934134435,True,ok,CONTROL_MINUS_TWIN
PS_004,PS_017,PS_029,SP,226,0.00028850725379265044,-6.600969039365773e-05,-0.00035451694418630816,True,ok,CONTROL_MINUS_TWIN
PS_004,PS_020,PS_029,SP,406,-0.0011568498380778308,-0.0010849830156521093,7.186682242572157e-05,True,ok,CONTROL_MINUS_TWIN
PS_004,PS_022,PS_029,SP,404,0.01450405496737155,-0.0010190737071600654,-0.015523128674531615,True,ok,CONTROL_MINUS_TWIN
PS_004,PS_023,PS_029,SP,442,0.0007291950470804942,-0.0011107687883882104,-0.0018399638354687047,True,ok,CONTROL_MINUS_TWIN
PS_004,PS_024,PS_029,SP,381,0.0003215335068688062,-0.0017324715591530392,-0.0020540050660218453,True,ok,CONTROL_MINUS_TWIN
PS_004,PS_026,PS_029,SP,442,0.010098589494626053,-0.0008954636387305294,-0.010994053133356583,True,ok,CONTROL_MINUS_TWIN
PS_004,PS_030,PS_029,SP,441,-0.0013577795775422084,-0.0009878968412908341,0.0003698827362513743,True,ok,CONTROL_MINUS_TWIN
PS_004,PS_017,PS_031,SP,224,0.00017977369381482963,-0.00015467904400359722,-0.00033445273781842685,True,ok,CONTROL_MINUS_TWIN
PS_004,PS_020,PS_031,SP,388,-0.001445927120826463,-0.0007482978566071864,0.0006976292642192766,True,ok,CONTROL_MINUS_TWIN
PS_004,PS_022,PS_031,SP,383,0.012163775654988006,-0.0007576149032464292,-0.012921390558234436,True,ok,CONTROL_MINUS_TWIN
PS_004,PS_023,PS_031,SP,444,0.0007469974538778582,-0.0006676148600245901,-0.0014146123139024483,True,ok,CONTROL_MINUS_TWIN
PS_004,PS_024,PS_031,SP,375,0.00013184173138936287,-0.000517220049599601,-0.0006490617809889639,True,ok,CONTROL_MINUS_TWIN
PS_004,PS_026,PS_031,SP,442,0.009807807459003788,-0.0006800219153350953,-0.010487829374338883,True,ok,CONTROL_MINUS_TWIN
PS_004,PS_030,PS_031,SP,420,-0.0015783265262199198,-0.0007122596001480699,0.0008660669260718498,True,ok,CONTROL_MINUS_TWIN
PS_004,PS_017,PS_032,SP,226,0.00028850725379265044,0.019800492618287657,0.019511985364495006,True,ok,CONTROL_MINUS_TWIN
PS_004,PS_020,PS_032,SP,438,-0.0011393463359270252,0.02918129904577706,0.030320645381704085,True,ok,CONTROL_MINUS_TWIN
PS_004,PS_022,PS_032,SP,436,0.017781489924279338,0.028866390193438216,0.011084900269158877,True,ok,CONTROL_MINUS_TWIN
PS_004,PS_023,PS_032,SP,484,0.0008585113259097325,0.03542747939037014,0.0345689680644604,True,ok,CONTROL_MINUS_TWIN
PS_004,PS_024,PS_032,SP,377,0.00034528639985985377,0.02899782332195757,0.028652536922097717,True,ok,CONTROL_MINUS_TWIN
PS_004,PS_026,PS_032,SP,475,0.010195471522664326,0.03478283651334877,0.024587364990684445,True,ok,CONTROL_MINUS_TWIN
PS_004,PS_030,PS_032,SP,479,-0.0014883730733547366,0.03157874414052957,0.033067117213884306,True,ok,CONTROL_MINUS_TWIN
PS_004,PS_017,PS_033,SP,226,0.00028850725379265044,0.007817901987233821,0.007529394733441171,True,ok,CONTROL_MINUS_TWIN
PS_004,PS_020,PS_033,SP,444,-0.0011175430730279538,0.0073704279367778035,0.008487971009805757,True,ok,CONTROL_MINUS_TWIN
PS_004,PS_022,PS_033,SP,441,0.017969425548888876,0.007398091580391602,-0.010571333968497274,True,ok,CONTROL_MINUS_TWIN
PS_004,PS_023,PS_033,SP,649,0.002518990699054594,0.007114906570433965,0.0045959158713793705,True,ok,CONTROL_MINUS_TWIN
PS_004,PS_024,PS_033,SP,384,0.00032733648088586337,0.006573201655621808,0.006245865174735944,True,ok,CONTROL_MINUS_TWIN
PS_004,PS_026,PS_033,SP,539,0.01019352374488509,0.0064154431866841576,-0.003778080558200933,True,ok,CONTROL_MINUS_TWIN
PS_004,PS_030,PS_033,SP,533,-0.0011341711099320355,0.00848104315025831,0.009615214260190345,True,ok,CONTROL_MINUS_TWIN
PS_004,PS_017,PS_034,SP,226,0.00028850725379265044,0.006336140306339267,0.0060476330525466165,True,ok,CONTROL_MINUS_TWIN
PS_004,PS_020,PS_034,SP,444,-0.0011175430730279538,0.006775681543602405,0.007893224616630359,True,ok,CONTROL_MINUS_TWIN
PS_004,PS_022,PS_034,SP,441,0.017969425548888876,0.006948020336203772,-0.011021405212685104,True,ok,CONTROL_MINUS_TWIN
PS_004,PS_023,PS_034,SP,649,0.002518990699054594,0.00782030796727582,0.005301317268221226,True,ok,CONTROL_MINUS_TWIN
PS_004,PS_024,PS_034,SP,384,0.00032733648088586337,0.007543265075943495,0.007215928595057632,True,ok,CONTROL_MINUS_TWIN
PS_004,PS_026,PS_034,SP,539,0.01019352374488509,0.007693124619582201,-0.00250039912530289,True,ok,CONTROL_MINUS_TWIN
PS_004,PS_030,PS_034,SP,533,-0.0011341711099320355,0.007129394085121799,0.008263565195053835,True,ok,CONTROL_MINUS_TWIN
PS_004,PS_017,PS_035,SP,226,0.00028850725379265044,0.0025062255965066157,0.0022177183427139653,True,ok,CONTROL_MINUS_TWIN
PS_004,PS_020,PS_035,SP,444,-0.0011175430730279538,3.663598875923088e-05,0.0011541790617871847,True,ok,CONTROL_MINUS_TWIN
PS_004,PS_022,PS_035,SP,441,0.017969425548888876,0.0001975695766412086,-0.017771855972247667,True,ok,CONTROL_MINUS_TWIN
PS_004,PS_023,PS_035,SP,649,0.002518990699054594,0.0008760318769392046,-0.0016429588221153896,True,ok,CONTROL_MINUS_TWIN
PS_004,PS_024,PS_035,SP,384,0.00032733648088586337,-1.5629301499162085e-05,-0.00034296578238502545,True,ok,CONTROL_MINUS_TWIN
PS_004,PS_026,PS_035,SP,539,0.01019352374488509,0.00021155245122130018,-0.00998197129366379,True,ok,CONTROL_MINUS_TWIN
PS_004,PS_030,PS_035,SP,533,-0.0011341711099320355,0.0004771194453166115,0.001611290555248647,True,ok,CONTROL_MINUS_TWIN
PS_004,PS_017,PS_036,SP,226,0.00028850725379265044,-0.0011291234430315829,-0.0014176306968242333,True,ok,CONTROL_MINUS_TWIN
PS_004,PS_020,PS_036,SP,444,-0.0011175430730279538,-0.0014815903999334176,-0.0003640473269054638,True,ok,CONTROL_MINUS_TWIN
PS_004,PS_022,PS_036,SP,441,0.017969425548888876,-0.0014406472895129585,-0.019410072838401835,True,ok,CONTROL_MINUS_TWIN
PS_004,PS_023,PS_036,SP,649,0.002518990699054594,-0.0015525191296937788,-0.004071509828748373,True,ok,CONTROL_MINUS_TWIN
PS_004,PS_024,PS_036,SP,384,0.00032733648088586337,-0.0017540296233605757,-0.002081366104246439,True,ok,CONTROL_MINUS_TWIN
PS_004,PS_026,PS_036,SP,539,0.01019352374488509,-0.0018629244353158304,-0.012056448180200921,True,ok,CONTROL_MINUS_TWIN
PS_004,PS_030,PS_036,SP,533,-0.0011341711099320355,-0.0012459920146000378,-0.00011182090466800229,True,ok,CONTROL_MINUS_TWIN
PS_004,PS_017,PS_038,SP,226,0.00028850725379265044,0.01385888636050767,0.01357037910671502,True,ok,CONTROL_MINUS_TWIN
PS_004,PS_020,PS_038,SP,444,-0.0011175430730279538,0.01289014667036175,0.014007689743389704,True,ok,CONTROL_MINUS_TWIN
PS_004,PS_022,PS_038,SP,441,0.017969425548888876,0.01306941404918787,-0.0049000114997010055,True,ok,CONTROL_MINUS_TWIN
PS_004,PS_023,PS_038,SP,649,0.002518990699054594,0.01636656959834162,0.013847578899287026,True,ok,CONTROL_MINUS_TWIN
PS_004,PS_024,PS_038,SP,384,0.00032733648088586337,0.012734483390873467,0.012407146909987603,True,ok,CONTROL_MINUS_TWIN
PS_004,PS_026,PS_038,SP,539,0.01019352374488509,0.014796086051599888,0.004602562306714797,True,ok,CONTROL_MINUS_TWIN
PS_004,PS_030,PS_038,SP,533,-0.0011341711099320355,0.013154199515976805,0.01428837062590884,True,ok,CONTROL_MINUS_TWIN
PS_004,PS_017,PS_039,SP,226,0.00028850725379265044,0.029425547431637143,0.029137040177844492,True,ok,CONTROL_MINUS_TWIN
PS_004,PS_020,PS_039,SP,444,-0.0011175430730279538,0.024491899192666616,0.02560944226569457,True,ok,CONTROL_MINUS_TWIN
PS_004,PS_022,PS_039,SP,441,0.017969425548888876,0.024555728962912013,0.006586303414023137,True,ok,CONTROL_MINUS_TWIN
PS_004,PS_023,PS_039,SP,649,0.002518990699054594,0.02762710052140321,0.025108109822348616,True,ok,CONTROL_MINUS_TWIN
PS_004,PS_024,PS_039,SP,384,0.00032733648088586337,0.025121925576827357,0.024794589095941493,True,ok,CONTROL_MINUS_TWIN
PS_004,PS_026,PS_039,SP,539,0.01019352374488509,0.026040805915346635,0.015847282170461545,True,ok,CONTROL_MINUS_TWIN
PS_004,PS_030,PS_039,SP,533,-0.0011341711099320355,0.02453784677060365,0.025672017880535684,True,ok,CONTROL_MINUS_TWIN
PS_004,PS_017,PS_040,SP,226,0.00028850725379265044,0.010874488319362687,0.010585981065570037,True,ok,CONTROL_MINUS_TWIN
PS_004,PS_020,PS_040,SP,444,-0.0011175430730279538,0.014496589702867074,0.015614132775895028,True,ok,CONTROL_MINUS_TWIN
PS_004,PS_022,PS_040,SP,441,0.017969425548888876,0.014364095091628892,-0.0036053304572599837,True,ok,CONTROL_MINUS_TWIN
PS_004,PS_023,PS_040,SP,649,0.002518990699054594,0.01351808740024944,0.010999096701194845,True,ok,CONTROL_MINUS_TWIN
PS_004,PS_024,PS_040,SP,384,0.00032733648088586337,0.014648625381619377,0.014321288900733514,True,ok,CONTROL_MINUS_TWIN
PS_004,PS_026,PS_040,SP,539,0.01019352374488509,0.014251608803234516,0.0040580850583494255,True,ok,CONTROL_MINUS_TWIN
PS_004,PS_030,PS_040,SP,533,-0.0011341711099320355,0.013743924905793094,0.01487809601572513,True,ok,CONTROL_MINUS_TWIN
PS_017,PS_004,PS_001,SP,2079,-0.00646258403427194,0.018590777391110813,0.025053361425382753,True,ok,CONTROL_MINUS_TWIN
PS_017,PS_020,PS_001,SP,1412,0.0002774008476112283,0.017296180869781415,0.017018780022170187,True,ok,CONTROL_MINUS_TWIN
PS_017,PS_022,PS_001,SP,1394,0.04830509332804504,0.016800457823812315,-0.03150463550423273,True,ok,CONTROL_MINUS_TWIN
PS_017,PS_023,PS_001,SP,1194,-0.002927549695056493,0.009579449432285628,0.01250699912734212,True,ok,CONTROL_MINUS_TWIN
PS_017,PS_024,PS_001,SP,573,-0.0005387396536181421,0.005055288212006764,0.0055940278656249065,True,ok,CONTROL_MINUS_TWIN
PS_017,PS_026,PS_001,SP,1255,0.01205513073536349,0.01692386628120532,0.004868735545841829,True,ok,CONTROL_MINUS_TWIN
PS_017,PS_030,PS_001,SP,1690,-0.005379018094872172,0.01937648597433783,0.024755504069210003,True,ok,CONTROL_MINUS_TWIN
PS_017,PS_004,PS_008,SP,2079,-0.00646258403427194,0.014114733525263295,0.020577317559535235,True,ok,CONTROL_MINUS_TWIN
PS_017,PS_020,PS_008,SP,1412,0.0002774008476112283,0.014016516198516786,0.013739115350905558,True,ok,CONTROL_MINUS_TWIN
PS_017,PS_022,PS_008,SP,1394,0.04830509332804504,0.013569058391510583,-0.03473603493653446,True,ok,CONTROL_MINUS_TWIN
PS_017,PS_023,PS_008,SP,1194,-0.002927549695056493,0.006934045024635675,0.009861594719692168,True,ok,CONTROL_MINUS_TWIN
PS_017,PS_024,PS_008,SP,573,-0.0005387396536181421,0.003006665244241133,0.003545404897859275,True,ok,CONTROL_MINUS_TWIN
PS_017,PS_026,PS_008,SP,1255,0.01205513073536349,0.013802946021744741,0.0017478152863812518,True,ok,CONTROL_MINUS_TWIN
PS_017,PS_030,PS_008,SP,1690,-0.005379018094872172,0.015668819484327356,0.02104783757919953,True,ok,CONTROL_MINUS_TWIN
PS_017,PS_004,PS_009,SP,2079,-0.00646258403427194,0.027815794181841033,0.03427837821611297,True,ok,CONTROL_MINUS_TWIN
PS_017,PS_020,PS_009,SP,1412,0.0002774008476112283,0.026818682475067017,0.02654128162745579,True,ok,CONTROL_MINUS_TWIN
PS_017,PS_022,PS_009,SP,1394,0.04830509332804504,0.026085419927227238,-0.022219673400817805,True,ok,CONTROL_MINUS_TWIN
PS_017,PS_023,PS_009,SP,1194,-0.002927549695056493,0.01609603121258904,0.019023580907645533,True,ok,CONTROL_MINUS_TWIN
PS_017,PS_024,PS_009,SP,573,-0.0005387396536181421,0.009546313464549178,0.01008505311816732,True,ok,CONTROL_MINUS_TWIN
PS_017,PS_026,PS_009,SP,1255,0.01205513073536349,0.02659500995688799,0.014539879221524499,True,ok,CONTROL_MINUS_TWIN
PS_017,PS_030,PS_009,SP,1690,-0.005379018094872172,0.029466423719940224,0.034845441814812396,True,ok,CONTROL_MINUS_TWIN
PS_017,PS_004,PS_010,SP,2079,-0.00646258403427194,0.09089939597128911,0.09736198000556105,True,ok,CONTROL_MINUS_TWIN
PS_017,PS_020,PS_010,SP,1412,0.0002774008476112283,0.08761389207432452,0.08733649122671329,True,ok,CONTROL_MINUS_TWIN
PS_017,PS_022,PS_010,SP,1394,0.04830509332804504,0.08681209328678141,0.03850699995873637,True,ok,CONTROL_MINUS_TWIN
PS_017,PS_023,PS_010,SP,1194,-0.002927549695056493,0.0705947790311886,0.07352232872624509,True,ok,CONTROL_MINUS_TWIN
PS_017,PS_024,PS_010,SP,573,-0.0005387396536181421,0.06496139469837373,0.06550013435199187,True,ok,CONTROL_MINUS_TWIN
PS_017,PS_026,PS_010,SP,1255,0.01205513073536349,0.08693906819567197,0.07488393746030848,True,ok,CONTROL_MINUS_TWIN
PS_017,PS_030,PS_010,SP,1690,-0.005379018094872172,0.0921214862545126,0.09750050434938476,True,ok,CONTROL_MINUS_TWIN
PS_017,PS_004,PS_011,SP,2079,-0.00646258403427194,0.015329288585386305,0.021791872619658245,True,ok,CONTROL_MINUS_TWIN
PS_017,PS_020,PS_011,SP,1412,0.0002774008476112283,0.012893519906795554,0.012616119059184326,True,ok,CONTROL_MINUS_TWIN
PS_017,PS_022,PS_011,SP,1394,0.04830509332804504,0.012369916979180814,-0.03593517634886423,True,ok,CONTROL_MINUS_TWIN
PS_017,PS_023,PS_011,SP,1194,-0.002927549695056493,0.005820032711419405,0.008747582406475898,True,ok,CONTROL_MINUS_TWIN
PS_017,PS_024,PS_011,SP,573,-0.0005387396536181421,0.002051957866108206,0.002590697519726348,True,ok,CONTROL_MINUS_TWIN
PS_017,PS_026,PS_011,SP,1255,0.01205513073536349,0.01220748117533968,0.0001523504399761899,True,ok,CONTROL_MINUS_TWIN
PS_017,PS_030,PS_011,SP,1690,-0.005379018094872172,0.01529955115964142,0.02067856925451359,True,ok,CONTROL_MINUS_TWIN
PS_017,PS_004,PS_013,SP,2079,-0.00646258403427194,0.01264106222954188,0.01910364626381382,True,ok,CONTROL_MINUS_TWIN
PS_017,PS_020,PS_013,SP,1412,0.0002774008476112283,0.013256508643753627,0.012979107796142399,True,ok,CONTROL_MINUS_TWIN
PS_017,PS_022,PS_013,SP,1394,0.04830509332804504,0.012795707721013017,-0.035509385607032026,True,ok,CONTROL_MINUS_TWIN
PS_017,PS_023,PS_013,SP,1194,-0.002927549695056493,0.005979266800546314,0.008906816495602807,True,ok,CONTROL_MINUS_TWIN
PS_017,PS_024,PS_013,SP,573,-0.0005387396536181421,0.00310606602187382,0.003644805675491962,True,ok,CONTROL_MINUS_TWIN
PS_017,PS_026,PS_013,SP,1255,0.01205513073536349,0.012885033412891586,0.0008299026775280965,True,ok,CONTROL_MINUS_TWIN
PS_017,PS_030,PS_013,SP,1690,-0.005379018094872172,0.014751268091113351,0.020130286185985523,True,ok,CONTROL_MINUS_TWIN
PS_017,PS_004,PS_018,SP,40,0.00022450927459383152,0.007901599327067077,0.0076770900524732455,True,ok,CONTROL_MINUS_TWIN
PS_017,PS_020,PS_018,SP,61,0.0037566087103761414,0.010310773716129845,0.006554165005753704,True,ok,CONTROL_MINUS_TWIN
PS_017,PS_022,PS_018,SP,62,0.04352769414552593,0.01066258547001829,-0.03286510867550764,True,ok,CONTROL_MINUS_TWIN
PS_017,PS_023,PS_018,SP,61,0.0009251538004682522,0.013321911397330612,0.01239675759686236,True,ok,CONTROL_MINUS_TWIN
PS_017,PS_024,PS_018,SP,31,-0.0008761074186036943,0.010807683000235019,0.011683790418838713,True,ok,CONTROL_MINUS_TWIN
PS_017,PS_026,PS_018,SP,63,0.0015948726483120818,0.011093099898873665,0.009498227250561583,True,ok,CONTROL_MINUS_TWIN
PS_017,PS_030,PS_018,SP,63,0.0020340832455858354,0.011093099898873665,0.00905901665328783,True,ok,CONTROL_MINUS_TWIN
PS_017,PS_004,PS_019,SP,1712,-0.003627012763778373,-0.001838521786408344,0.0017884909773700289,True,ok,CONTROL_MINUS_TWIN
PS_017,PS_020,PS_019,SP,1384,0.00017423988771775312,-9.4954460409781e-05,-0.0002691943481275341,True,ok,CONTROL_MINUS_TWIN
PS_017,PS_022,PS_019,SP,1374,0.04739428525936667,-7.895445801095469e-05,-0.04747323971737762,True,ok,CONTROL_MINUS_TWIN
PS_017,PS_023,PS_019,SP,1194,-0.002927549695056493,-0.000487211973267454,0.002440337721789039,True,ok,CONTROL_MINUS_TWIN
PS_017,PS_024,PS_019,SP,573,-0.0005387396536181421,-0.0006395094997199563,-0.00010076984610181416,True,ok,CONTROL_MINUS_TWIN
PS_017,PS_026,PS_019,SP,1251,0.011985995853725472,-0.0007142977637301026,-0.012700293617455574,True,ok,CONTROL_MINUS_TWIN
PS_017,PS_030,PS_019,SP,1560,-0.003668752362829368,-0.0005725278854153831,0.003096224477413985,True,ok,CONTROL_MINUS_TWIN
PS_017,PS_004,PS_021,SP,1694,-0.0039658845234491966,-0.004336380935310129,-0.0003704964118609322,True,ok,CONTROL_MINUS_TWIN
PS_017,PS_020,PS_021,SP,1397,0.0002586787272883598,-0.0018671123673651285,-0.0021257910946534883,True,ok,CONTROL_MINUS_TWIN
PS_017,PS_022,PS_021,SP,1375,0.0483927622201236,-0.0017954833385343816,-0.05018824555865798,True,ok,CONTROL_MINUS_TWIN
PS_017,PS_023,PS_021,SP,1164,-0.003040116607415898,-0.0014568154718809928,0.001583301135534905,True,ok,CONTROL_MINUS_TWIN
PS_017,PS_024,PS_021,SP,571,-0.0005764934715565481,-0.0006866013941707674,-0.00011010792261421931,True,ok,CONTROL_MINUS_TWIN
PS_017,PS_026,PS_021,SP,1243,0.01202440101223571,-0.0020694282884484855,-0.014093829300684195,True,ok,CONTROL_MINUS_TWIN
PS_017,PS_030,PS_021,SP,1627,-0.00509711758383781,-0.003464743396629451,0.0016323741872083589,True,ok,CONTROL_MINUS_TWIN
PS_017,PS_004,PS_025,SP,89,-0.0004888359226353604,0.024382533494558715,0.024871369417194075,True,ok,CONTROL_MINUS_TWIN
PS_017,PS_020,PS_025,SP,87,-0.0012508522898073676,0.02436655571371564,0.02561740800352301,True,ok,CONTROL_MINUS_TWIN
PS_017,PS_022,PS_025,SP,88,0.02057191581914569,0.024055962282317742,0.003484046463172054,True,ok,CONTROL_MINUS_TWIN
PS_017,PS_023,PS_025,SP,90,-0.0009963074487728436,0.023732748279288902,0.024729055728061746,True,ok,CONTROL_MINUS_TWIN
PS_017,PS_024,PS_025,SP,86,0.002478767501707342,0.02329473441403607,0.020815966912328728,True,ok,CONTROL_MINUS_TWIN
PS_017,PS_026,PS_025,SP,89,0.0018730693839034904,0.02330117152862129,0.0214281021447178,True,ok,CONTROL_MINUS_TWIN
PS_017,PS_030,PS_025,SP,91,0.0006857737460041202,0.023810683392080808,0.023124909646076688,True,ok,CONTROL_MINUS_TWIN
PS_017,PS_004,PS_027,SP,1806,-0.004542384354160739,-0.005078100221038141,-0.0005357158668774023,True,ok,CONTROL_MINUS_TWIN
PS_017,PS_020,PS_027,SP,1409,0.00027778469276684703,-0.0027410367618731085,-0.0030188214546399555,True,ok,CONTROL_MINUS_TWIN
PS_017,PS_022,PS_027,SP,1392,0.04830212930475461,-0.0027292840687758793,-0.05103141337353049,True,ok,CONTROL_MINUS_TWIN
PS_017,PS_023,PS_027,SP,1192,-0.0028886951059880622,-0.0025181831771077315,0.00037051192888033074,True,ok,CONTROL_MINUS_TWIN
PS_017,PS_024,PS_027,SP,573,-0.0005387396536181421,-0.002623349842437367,-0.0020846101888192248,True,ok,CONTROL_MINUS_TWIN
PS_017,PS_026,PS_027,SP,1255,0.01205513073536349,-0.0028736015399381115,-0.014928732275301601,True,ok,CONTROL_MINUS_TWIN
PS_017,PS_030,PS_027,SP,1660,-0.005162152105819613,-0.003969437832779407,0.001192714273040206,True,ok,CONTROL_MINUS_TWIN
PS_017,PS_004,PS_028,SP,2079,-0.00646258403427194,0.017192503277631555,0.023655087311903494,True,ok,CONTROL_MINUS_TWIN
PS_017,PS_020,PS_028,SP,1412,0.0002774008476112283,0.01717192079857057,0.016894519950959343,True,ok,CONTROL_MINUS_TWIN
PS_017,PS_022,PS_028,SP,1394,0.04830509332804504,0.01699197681452748,-0.031313116513517564,True,ok,CONTROL_MINUS_TWIN
PS_017,PS_023,PS_028,SP,1194,-0.002927549695056493,0.014736792343321925,0.017664342038378418,True,ok,CONTROL_MINUS_TWIN
PS_017,PS_024,PS_028,SP,573,-0.0005387396536181421,0.01415076920345977,0.014689508857077913,True,ok,CONTROL_MINUS_TWIN
PS_017,PS_026,PS_028,SP,1255,0.01205513073536349,0.017267207785849017,0.005212077050485528,True,ok,CONTROL_MINUS_TWIN
PS_017,PS_030,PS_028,SP,1690,-0.005379018094872172,0.017973789304862278,0.02335280739973445,True,ok,CONTROL_MINUS_TWIN
PS_017,PS_004,PS_029,SP,989,-0.0018161724177312016,-0.002650150229732695,-0.0008339778120014935,True,ok,CONTROL_MINUS_TWIN
PS_017,PS_020,PS_029,SP,969,-0.0003298592514109147,-0.002210009979266639,-0.0018801507278557242,True,ok,CONTROL_MINUS_TWIN
PS_017,PS_022,PS_029,SP,970,0.03751698202533614,-0.0021643848396501394,-0.03968136686498628,True,ok,CONTROL_MINUS_TWIN
PS_017,PS_023,PS_029,SP,905,-0.0036009412054543583,-0.0019364382643715303,0.001664502941082828,True,ok,CONTROL_MINUS_TWIN
PS_017,PS_024,PS_029,SP,551,-0.0008509249114819067,-0.0022131704676469077,-0.001362245556165001,True,ok,CONTROL_MINUS_TWIN
PS_017,PS_026,PS_029,SP,904,0.010901756845002754,-0.0023370889593175917,-0.013238845804320346,True,ok,CONTROL_MINUS_TWIN
PS_017,PS_030,PS_029,SP,1010,-0.0022638593850125427,-0.0017857083667853213,0.0004781510182272214,True,ok,CONTROL_MINUS_TWIN
PS_017,PS_004,PS_031,SP,611,-0.0012809915202381394,0.00056408535200635,0.0018450768722444895,True,ok,CONTROL_MINUS_TWIN
PS_017,PS_020,PS_031,SP,604,-0.0006199319212217905,0.0011606229172223502,0.0017805548384441407,True,ok,CONTROL_MINUS_TWIN
PS_017,PS_022,PS_031,SP,606,0.03191563136591708,0.0012991871849396125,-0.03061644418097747,True,ok,CONTROL_MINUS_TWIN
PS_017,PS_023,PS_031,SP,560,-0.002219432974728177,0.0017533680644453535,0.0039728010391735305,True,ok,CONTROL_MINUS_TWIN
PS_017,PS_024,PS_031,SP,444,0.0008434011684432009,0.0005629918386272914,-0.0002804093298159095,True,ok,CONTROL_MINUS_TWIN
PS_017,PS_026,PS_031,SP,568,0.00927468003594508,0.0015792031940475848,-0.007695476841897496,True,ok,CONTROL_MINUS_TWIN
PS_017,PS_030,PS_031,SP,617,-0.0013205059014095542,0.001443891959521982,0.002764397860931536,True,ok,CONTROL_MINUS_TWIN
PS_017,PS_004,PS_032,SP,1357,-0.0027352119914663756,0.007266671856929072,0.010001883848395447,True,ok,CONTROL_MINUS_TWIN
PS_017,PS_020,PS_032,SP,1352,0.00031073257475299626,0.006948619977895809,0.006637887403142813,True,ok,CONTROL_MINUS_TWIN
PS_017,PS_022,PS_032,SP,1341,0.04751801001427708,0.0071961353685084176,-0.04032187464576866,True,ok,CONTROL_MINUS_TWIN
PS_017,PS_023,PS_032,SP,1094,-0.0032145409208892833,0.009013485941467635,0.012228026862356918,True,ok,CONTROL_MINUS_TWIN
PS_017,PS_024,PS_032,SP,572,-0.0005426640976882724,0.014241504153194112,0.014784168250882385,True,ok,CONTROL_MINUS_TWIN
PS_017,PS_026,PS_032,SP,1201,0.01222789460997948,0.00642623877906217,-0.00580165583091731,True,ok,CONTROL_MINUS_TWIN
PS_017,PS_030,PS_032,SP,1431,-0.0036246964965583814,0.006679722683074443,0.010304419179632825,True,ok,CONTROL_MINUS_TWIN
PS_017,PS_004,PS_033,SP,2079,-0.00646258403427194,0.028480761103237343,0.03494334513750928,True,ok,CONTROL_MINUS_TWIN
PS_017,PS_020,PS_033,SP,1412,0.0002774008476112283,0.02568470676499183,0.0254073059173806,True,ok,CONTROL_MINUS_TWIN
PS_017,PS_022,PS_033,SP,1394,0.04830509332804504,0.02518326686820946,-0.023121826459835584,True,ok,CONTROL_MINUS_TWIN
PS_017,PS_023,PS_033,SP,1194,-0.002927549695056493,0.018238349409888735,0.021165899104945228,True,ok,CONTROL_MINUS_TWIN
PS_017,PS_024,PS_033,SP,573,-0.0005387396536181421,0.013305938644127817,0.013844678297745959,True,ok,CONTROL_MINUS_TWIN
PS_017,PS_026,PS_033,SP,1255,0.01205513073536349,0.02529684763854176,0.013241716903178269,True,ok,CONTROL_MINUS_TWIN
PS_017,PS_030,PS_033,SP,1690,-0.005379018094872172,0.02822941753866008,0.03360843563353225,True,ok,CONTROL_MINUS_TWIN
PS_017,PS_004,PS_034,SP,2079,-0.00646258403427194,0.01849372310645267,0.02495630714072461,True,ok,CONTROL_MINUS_TWIN
PS_017,PS_020,PS_034,SP,1412,0.0002774008476112283,0.01695172363232745,0.01667432278471622,True,ok,CONTROL_MINUS_TWIN
PS_017,PS_022,PS_034,SP,1394,0.04830509332804504,0.01653552082113173,-0.03176957250691331,True,ok,CONTROL_MINUS_TWIN
PS_017,PS_023,PS_034,SP,1194,-0.002927549695056493,0.009312623801245722,0.012240173496302215,True,ok,CONTROL_MINUS_TWIN
PS_017,PS_024,PS_034,SP,573,-0.0005387396536181421,0.007050235155089353,0.007588974808707495,True,ok,CONTROL_MINUS_TWIN
PS_017,PS_026,PS_034,SP,1255,0.01205513073536349,0.01608626050056572,0.004031129765202229,True,ok,CONTROL_MINUS_TWIN
PS_017,PS_030,PS_034,SP,1690,-0.005379018094872172,0.019073277245427317,0.02445229534029949,True,ok,CONTROL_MINUS_TWIN
PS_017,PS_004,PS_035,SP,2079,-0.00646258403427194,0.012248610905127133,0.018711194939399073,True,ok,CONTROL_MINUS_TWIN
PS_017,PS_020,PS_035,SP,1412,0.0002774008476112283,0.010883976760485935,0.010606575912874706,True,ok,CONTROL_MINUS_TWIN
PS_017,PS_022,PS_035,SP,1394,0.04830509332804504,0.01051354641198457,-0.03779154691606047,True,ok,CONTROL_MINUS_TWIN
PS_017,PS_023,PS_035,SP,1194,-0.002927549695056493,0.005498581803385014,0.008426131498441507,True,ok,CONTROL_MINUS_TWIN
PS_017,PS_024,PS_035,SP,573,-0.0005387396536181421,0.0020433181807155767,0.002582057834333719,True,ok,CONTROL_MINUS_TWIN
PS_017,PS_026,PS_035,SP,1255,0.01205513073536349,0.009963806635384514,-0.002091324099978975,True,ok,CONTROL_MINUS_TWIN
PS_017,PS_030,PS_035,SP,1690,-0.005379018094872172,0.012600153545254497,0.01797917164012667,True,ok,CONTROL_MINUS_TWIN
PS_017,PS_004,PS_036,SP,2079,-0.00646258403427194,0.01006833147842194,0.01653091551269388,True,ok,CONTROL_MINUS_TWIN
PS_017,PS_020,PS_036,SP,1412,0.0002774008476112283,0.009552500568221024,0.009275099720609796,True,ok,CONTROL_MINUS_TWIN
PS_017,PS_022,PS_036,SP,1394,0.04830509332804504,0.009228945977705481,-0.03907614735033956,True,ok,CONTROL_MINUS_TWIN
PS_017,PS_023,PS_036,SP,1194,-0.002927549695056493,0.005310432882414708,0.0082379825774712,True,ok,CONTROL_MINUS_TWIN
PS_017,PS_024,PS_036,SP,573,-0.0005387396536181421,0.0018246578657498819,0.002363397519368024,True,ok,CONTROL_MINUS_TWIN
PS_017,PS_026,PS_036,SP,1255,0.01205513073536349,0.0092767900792506,-0.0027783406561128904,True,ok,CONTROL_MINUS_TWIN
PS_017,PS_030,PS_036,SP,1690,-0.005379018094872172,0.010876648675223519,0.01625566677009569,True,ok,CONTROL_MINUS_TWIN
PS_017,PS_004,PS_038,SP,2079,-0.00646258403427194,0.006258196994256754,0.012720781028528694,True,ok,CONTROL_MINUS_TWIN
PS_017,PS_020,PS_038,SP,1412,0.0002774008476112283,0.007607018336348456,0.007329617488737228,True,ok,CONTROL_MINUS_TWIN
PS_017,PS_022,PS_038,SP,1394,0.04830509332804504,0.007456313302262603,-0.04084878002578244,True,ok,CONTROL_MINUS_TWIN
PS_017,PS_023,PS_038,SP,1194,-0.002927549695056493,0.005244215277373593,0.008171764972430086,True,ok,CONTROL_MINUS_TWIN
PS_017,PS_024,PS_038,SP,573,-0.0005387396536181421,0.004737884730411819,0.005276624384029961,True,ok,CONTROL_MINUS_TWIN
PS_017,PS_026,PS_038,SP,1255,0.01205513073536349,0.0064388827823808475,-0.005616247952982642,True,ok,CONTROL_MINUS_TWIN
PS_017,PS_030,PS_038,SP,1690,-0.005379018094872172,0.007617006419492575,0.012996024514364747,True,ok,CONTROL_MINUS_TWIN
PS_017,PS_004,PS_039,SP,2079,-0.00646258403427194,0.024528301305089095,0.030990885339361035,True,ok,CONTROL_MINUS_TWIN
PS_017,PS_020,PS_039,SP,1412,0.0002774008476112283,0.026000383756022115,0.025722982908410887,True,ok,CONTROL_MINUS_TWIN
PS_017,PS_022,PS_039,SP,1394,0.04830509332804504,0.025682425541305287,-0.022622667786739756,True,ok,CONTROL_MINUS_TWIN
PS_017,PS_023,PS_039,SP,1194,-0.002927549695056493,0.021749829285557104,0.024677378980613597,True,ok,CONTROL_MINUS_TWIN
PS_017,PS_024,PS_039,SP,573,-0.0005387396536181421,0.022361069139740647,0.02289980879335879,True,ok,CONTROL_MINUS_TWIN
PS_017,PS_026,PS_039,SP,1255,0.01205513073536349,0.024880205242474154,0.012825074507110665,True,ok,CONTROL_MINUS_TWIN
PS_017,PS_030,PS_039,SP,1690,-0.005379018094872172,0.026823769347574453,0.032202787442446625,True,ok,CONTROL_MINUS_TWIN
PS_017,PS_004,PS_040,SP,2078,-0.006436802566109984,0.025347877020526315,0.0317846795866363,True,ok,CONTROL_MINUS_TWIN
PS_017,PS_020,PS_040,SP,1412,0.0002774008476112283,0.024589456228427585,0.024312055380816357,True,ok,CONTROL_MINUS_TWIN
PS_017,PS_022,PS_040,SP,1394,0.04830509332804504,0.024191505969443278,-0.024113587358601765,True,ok,CONTROL_MINUS_TWIN
PS_017,PS_023,PS_040,SP,1194,-0.002927549695056493,0.017157098268223592,0.020084647963280085,True,ok,CONTROL_MINUS_TWIN
PS_017,PS_024,PS_040,SP,573,-0.0005387396536181421,0.018338086939524677,0.01887682659314282,True,ok,CONTROL_MINUS_TWIN
PS_017,PS_026,PS_040,SP,1255,0.01205513073536349,0.02380448996297238,0.011749359227608891,True,ok,CONTROL_MINUS_TWIN
PS_017,PS_030,PS_040,SP,1690,-0.005379018094872172,0.026348480315788333,0.031727498410660505,True,ok,CONTROL_MINUS_TWIN
PS_020,PS_004,PS_001,SP,1606,-0.004086727752177756,0.018734116623343344,0.0228208443755211,True,ok,CONTROL_MINUS_TWIN
PS_020,PS_017,PS_001,SP,280,0.0001284327324921515,0.0004983896143057436,0.00036995688181359204,True,ok,CONTROL_MINUS_TWIN
PS_020,PS_022,PS_001,SP,472,0.034246153187619005,0.0007195529582258338,-0.033526600229393175,True,ok,CONTROL_MINUS_TWIN
PS_020,PS_023,PS_001,SP,578,0.003113571719642612,0.00032108679590600944,-0.0027924849237366024,True,ok,CONTROL_MINUS_TWIN
PS_020,PS_024,PS_001,SP,260,0.006087078950402135,0.0005766821582797489,-0.005510396792122386,True,ok,CONTROL_MINUS_TWIN
PS_020,PS_026,PS_001,SP,433,0.005379538390243129,0.0004876752058265675,-0.004891863184416562,True,ok,CONTROL_MINUS_TWIN
PS_020,PS_030,PS_001,SP,766,0.0009428521824772287,0.0031126693208368555,0.002169817138359627,True,ok,CONTROL_MINUS_TWIN
PS_020,PS_004,PS_008,SP,1607,-0.004078507526576396,0.015798436384729657,0.019876943911306053,True,ok,CONTROL_MINUS_TWIN
PS_020,PS_017,PS_008,SP,280,0.0001284327324921515,0.00047861145563030637,0.00035017872313815486,True,ok,CONTROL_MINUS_TWIN
PS_020,PS_022,PS_008,SP,472,0.034246153187619005,0.00019980819750082396,-0.03404634499011818,True,ok,CONTROL_MINUS_TWIN
PS_020,PS_023,PS_008,SP,578,0.003113571719642612,2.715441881252778e-05,-0.003086417300830084,True,ok,CONTROL_MINUS_TWIN
PS_020,PS_024,PS_008,SP,260,0.006087078950402135,0.0005688265189175198,-0.005518252431484615,True,ok,CONTROL_MINUS_TWIN
PS_020,PS_026,PS_008,SP,433,0.005379538390243129,0.0003594257065962503,-0.005020112683646879,True,ok,CONTROL_MINUS_TWIN
PS_020,PS_030,PS_008,SP,766,0.0009428521824772287,0.0017836931141344617,0.000840840931657233,True,ok,CONTROL_MINUS_TWIN
PS_020,PS_004,PS_009,SP,1607,-0.004078507526576396,0.027395252303756848,0.031473759830333244,True,ok,CONTROL_MINUS_TWIN
PS_020,PS_017,PS_009,SP,280,0.0001284327324921515,0.0002653168091858796,0.00013688407669372807,True,ok,CONTROL_MINUS_TWIN
PS_020,PS_022,PS_009,SP,472,0.034246153187619005,0.0019865935344321912,-0.03225955965318682,True,ok,CONTROL_MINUS_TWIN
PS_020,PS_023,PS_009,SP,578,0.003113571719642612,0.0019250128508217675,-0.0011885588688208444,True,ok,CONTROL_MINUS_TWIN
PS_020,PS_024,PS_009,SP,260,0.006087078950402135,0.0005360469628335786,-0.005551031987568556,True,ok,CONTROL_MINUS_TWIN
PS_020,PS_026,PS_009,SP,433,0.005379538390243129,0.0013163426363176564,-0.004063195753925473,True,ok,CONTROL_MINUS_TWIN
PS_020,PS_030,PS_009,SP,766,0.0009428521824772287,0.005530620460351833,0.004587768277874604,True,ok,CONTROL_MINUS_TWIN
PS_020,PS_004,PS_010,SP,1607,-0.004078507526576396,0.09090748301144332,0.0949859905380197,True,ok,CONTROL_MINUS_TWIN
PS_020,PS_017,PS_010,SP,280,0.0001284327324921515,0.04941382761139858,0.04928539487890643,True,ok,CONTROL_MINUS_TWIN
PS_020,PS_022,PS_010,SP,472,0.034246153187619005,0.051386503468225195,0.01714035028060619,True,ok,CONTROL_MINUS_TWIN
PS_020,PS_023,PS_010,SP,578,0.003113571719642612,0.04668196635753695,0.04356839463789434,True,ok,CONTROL_MINUS_TWIN
PS_020,PS_024,PS_010,SP,260,0.006087078950402135,0.04865998839942112,0.04257290944901899,True,ok,CONTROL_MINUS_TWIN
PS_020,PS_026,PS_010,SP,433,0.005379538390243129,0.047963380412231846,0.04258384202198871,True,ok,CONTROL_MINUS_TWIN
PS_020,PS_030,PS_010,SP,766,0.0009428521824772287,0.055512597460720875,0.054569745278243646,True,ok,CONTROL_MINUS_TWIN
PS_020,PS_004,PS_011,SP,1607,-0.004078507526576396,0.019379341480103063,0.02345784900667946,True,ok,CONTROL_MINUS_TWIN
PS_020,PS_017,PS_011,SP,280,0.0001284327324921515,0.003461477246477263,0.0033330445139851117,True,ok,CONTROL_MINUS_TWIN
PS_020,PS_022,PS_011,SP,472,0.034246153187619005,0.0024925115484719547,-0.031753641639147054,True,ok,CONTROL_MINUS_TWIN
PS_020,PS_023,PS_011,SP,578,0.003113571719642612,0.00238579559883487,-0.0007277761208077417,True,ok,CONTROL_MINUS_TWIN
PS_020,PS_024,PS_011,SP,260,0.006087078950402135,0.0030932115117810986,-0.002993867438621036,True,ok,CONTROL_MINUS_TWIN
PS_020,PS_026,PS_011,SP,433,0.005379538390243129,0.0031070717547269956,-0.0022724666355161335,True,ok,CONTROL_MINUS_TWIN
PS_020,PS_030,PS_011,SP,766,0.0009428521824772287,0.0023870812966433827,0.001444229114166154,True,ok,CONTROL_MINUS_TWIN
PS_020,PS_004,PS_013,SP,1607,-0.004078507526576396,0.017205330992378018,0.021283838518954414,True,ok,CONTROL_MINUS_TWIN
PS_020,PS_017,PS_013,SP,280,0.0001284327324921515,0.004995567872829031,0.004867135140336879,True,ok,CONTROL_MINUS_TWIN
PS_020,PS_022,PS_013,SP,472,0.034246153187619005,0.0035894098973320715,-0.030656743290286934,True,ok,CONTROL_MINUS_TWIN
PS_020,PS_023,PS_013,SP,578,0.003113571719642612,0.0028661483960401163,-0.0002474233236024956,True,ok,CONTROL_MINUS_TWIN
PS_020,PS_024,PS_013,SP,260,0.006087078950402135,0.0051161286350254985,-0.0009709503153766362,True,ok,CONTROL_MINUS_TWIN
PS_020,PS_026,PS_013,SP,433,0.005379538390243129,0.003952803682777662,-0.001426734707465467,True,ok,CONTROL_MINUS_TWIN
PS_020,PS_030,PS_013,SP,766,0.0009428521824772287,0.0031473184605053175,0.002204466278028089,True,ok,CONTROL_MINUS_TWIN
PS_020,PS_004,PS_018,SP,16,-0.0014209760024865292,-0.0006856191856288128,0.0007353568168577164,True,ok,CONTROL_MINUS_TWIN
PS_020,PS_017,PS_018,SP,16,0.0003691677026660921,-0.0006856191856288128,-0.001054786888294905,True,ok,CONTROL_MINUS_TWIN
PS_020,PS_022,PS_018,SP,16,0.012861900853163178,-0.0006856191856288128,-0.01354752003879199,True,ok,CONTROL_MINUS_TWIN
PS_020,PS_023,PS_018,SP,15,0.01030467221405773,-0.000665191900075952,-0.010969864114133683,True,ok,CONTROL_MINUS_TWIN
PS_020,PS_024,PS_018,SP,16,0.015851680551665838,-0.0006856191856288128,-0.01653729973729465,True,ok,CONTROL_MINUS_TWIN
PS_020,PS_026,PS_018,SP,16,0.011141856563510851,-0.0006856191856288128,-0.011827475749139664,True,ok,CONTROL_MINUS_TWIN
PS_020,PS_030,PS_018,SP,16,0.008146344851616926,-0.0006856191856288128,-0.008831964037245739,True,ok,CONTROL_MINUS_TWIN
PS_020,PS_004,PS_019,SP,1060,0.0014745470562916863,0.010949535124639656,0.00947498806834797,True,ok,CONTROL_MINUS_TWIN
PS_020,PS_017,PS_019,SP,280,0.0001284327324921515,0.004869064891073072,0.004740632158580921,True,ok,CONTROL_MINUS_TWIN
PS_020,PS_022,PS_019,SP,469,0.03419600672195612,0.006661169095452897,-0.027534837626503224,True,ok,CONTROL_MINUS_TWIN
PS_020,PS_023,PS_019,SP,578,0.003113571719642612,0.005997663810315117,0.0028840920906725055,True,ok,CONTROL_MINUS_TWIN
PS_020,PS_024,PS_019,SP,260,0.006087078950402135,0.005280371178171251,-0.0008067077722308837,True,ok,CONTROL_MINUS_TWIN
PS_020,PS_026,PS_019,SP,433,0.005379538390243129,0.0065037173657264795,0.0011241789754833503,True,ok,CONTROL_MINUS_TWIN
PS_020,PS_030,PS_019,SP,704,0.0009233279439382139,0.006876405169640519,0.005953077225702305,True,ok,CONTROL_MINUS_TWIN
PS_020,PS_004,PS_021,SP,858,-0.0004999778965796425,0.003232563368581673,0.0037325412651613155,True,ok,CONTROL_MINUS_TWIN
PS_020,PS_017,PS_021,SP,280,0.0001284327324921515,0.004762032140636474,0.0046335994081443226,True,ok,CONTROL_MINUS_TWIN
PS_020,PS_022,PS_021,SP,463,0.03340962578884517,0.004069469773963431,-0.029340156014881737,True,ok,CONTROL_MINUS_TWIN
PS_020,PS_023,PS_021,SP,540,0.003172358939406865,0.0031441275568901174,-2.8231382516747533e-05,True,ok,CONTROL_MINUS_TWIN
PS_020,PS_024,PS_021,SP,260,0.006087078950402135,0.004700262353399865,-0.0013868165970022696,True,ok,CONTROL_MINUS_TWIN
PS_020,PS_026,PS_021,SP,427,0.005367081320931021,0.004167529836721591,-0.0011995514842094296,True,ok,CONTROL_MINUS_TWIN
PS_020,PS_030,PS_021,SP,691,0.000695524360533932,0.0032363439061475416,0.0025408195456136096,True,ok,CONTROL_MINUS_TWIN
PS_020,PS_004,PS_025,SP,143,0.00010728456307596869,0.027519670767998855,0.027412386204922888,True,ok,CONTROL_MINUS_TWIN
PS_020,PS_017,PS_025,SP,142,0.00042905616947174277,0.027437544380099897,0.027008488210628154,True,ok,CONTROL_MINUS_TWIN
PS_020,PS_022,PS_025,SP,143,0.013540565517810245,0.027519670767998855,0.01397910525018861,True,ok,CONTROL_MINUS_TWIN
PS_020,PS_023,PS_025,SP,143,0.0016837973649066074,0.027519670767998855,0.02583587340309225,True,ok,CONTROL_MINUS_TWIN
PS_020,PS_024,PS_025,SP,142,0.004646721134928698,0.027437544380099897,0.022790823245171198,True,ok,CONTROL_MINUS_TWIN
PS_020,PS_026,PS_025,SP,143,0.0020100738623325294,0.027519670767998855,0.025509596905666326,True,ok,CONTROL_MINUS_TWIN
PS_020,PS_030,PS_025,SP,143,0.0017052756893079606,0.027519670767998855,0.025814395078690894,True,ok,CONTROL_MINUS_TWIN
PS_020,PS_004,PS_027,SP,1007,-0.0003388686808765626,-0.0009056670509618517,-0.0005667983700852891,True,ok,CONTROL_MINUS_TWIN
PS_020,PS_017,PS_027,SP,280,0.0001284327324921515,0.0007529108542565759,0.0006244781217644244,True,ok,CONTROL_MINUS_TWIN
PS_020,PS_022,PS_027,SP,472,0.034246153187619005,0.0003922986096643044,-0.0338538545779547,True,ok,CONTROL_MINUS_TWIN
PS_020,PS_023,PS_027,SP,569,0.0032315305659326686,-1.0524071966718646e-05,-0.0032420546378993872,True,ok,CONTROL_MINUS_TWIN
PS_020,PS_024,PS_027,SP,260,0.006087078950402135,0.0008399183840249267,-0.005247160566377208,True,ok,CONTROL_MINUS_TWIN
PS_020,PS_026,PS_027,SP,433,0.005379538390243129,0.0003822822748223431,-0.004997256115420786,True,ok,CONTROL_MINUS_TWIN
PS_020,PS_030,PS_027,SP,751,0.0009610023286056868,-0.0003407792413589114,-0.0013017815699645982,True,ok,CONTROL_MINUS_TWIN
PS_020,PS_004,PS_028,SP,1607,-0.004078507526576396,0.013592694943303951,0.017671202469880347,True,ok,CONTROL_MINUS_TWIN
PS_020,PS_017,PS_028,SP,280,0.0001284327324921515,0.005317572890645331,0.00518914015815318,True,ok,CONTROL_MINUS_TWIN
PS_020,PS_022,PS_028,SP,472,0.034246153187619005,0.009793094120793142,-0.024453059066825863,True,ok,CONTROL_MINUS_TWIN
PS_020,PS_023,PS_028,SP,578,0.003113571719642612,0.0094732753377612,0.006359703618118589,True,ok,CONTROL_MINUS_TWIN
PS_020,PS_024,PS_028,SP,260,0.006087078950402135,0.006759852116434453,0.0006727731660323179,True,ok,CONTROL_MINUS_TWIN
PS_020,PS_026,PS_028,SP,433,0.005379538390243129,0.007524094998170777,0.002144556607927648,True,ok,CONTROL_MINUS_TWIN
PS_020,PS_030,PS_028,SP,766,0.0009428521824772287,0.011219025511453075,0.010276173328975846,True,ok,CONTROL_MINUS_TWIN
PS_020,PS_004,PS_029,SP,438,-0.0001451594213326031,0.002684470562598778,0.002829629983931381,True,ok,CONTROL_MINUS_TWIN
PS_020,PS_017,PS_029,SP,280,0.0001284327324921515,0.0016924416275223633,0.0015640088950302118,True,ok,CONTROL_MINUS_TWIN
PS_020,PS_022,PS_029,SP,406,0.027905920894729427,0.002646592159052715,-0.02525932873567671,True,ok,CONTROL_MINUS_TWIN
PS_020,PS_023,PS_029,SP,404,0.0024407118986184,0.002343357211430242,-9.735468718815796e-05,True,ok,CONTROL_MINUS_TWIN
PS_020,PS_024,PS_029,SP,260,0.006087078950402135,0.0021805426265132065,-0.003906536323888928,True,ok,CONTROL_MINUS_TWIN
PS_020,PS_026,PS_029,SP,379,0.004502868547449839,0.002912859713239825,-0.001590008834210014,True,ok,CONTROL_MINUS_TWIN
PS_020,PS_030,PS_029,SP,435,0.0017556314477986425,0.002699002419870318,0.0009433709720716756,True,ok,CONTROL_MINUS_TWIN
PS_020,PS_004,PS_031,SP,319,-1.99849504571286e-05,0.000493611207724386,0.0005135961581815146,True,ok,CONTROL_MINUS_TWIN
PS_020,PS_017,PS_031,SP,274,0.000276188887401177,0.00041268898063393303,0.00013650009323275605,True,ok,CONTROL_MINUS_TWIN
PS_020,PS_022,PS_031,SP,316,0.022248042961162028,0.00045760792378581223,-0.021790435037376217,True,ok,CONTROL_MINUS_TWIN
PS_020,PS_023,PS_031,SP,303,0.002336007321224999,0.0005206127422319184,-0.0018153945789930806,True,ok,CONTROL_MINUS_TWIN
PS_020,PS_024,PS_031,SP,243,0.005557604658220189,0.0003470778417760962,-0.005210526816444093,True,ok,CONTROL_MINUS_TWIN
PS_020,PS_026,PS_031,SP,299,0.003914669268675466,0.0005708151584213651,-0.0033438541102541013,True,ok,CONTROL_MINUS_TWIN
PS_020,PS_030,PS_031,SP,319,0.0019011994520831427,0.000493611207724386,-0.0014075882443587567,True,ok,CONTROL_MINUS_TWIN
PS_020,PS_004,PS_032,SP,549,-0.00037026967085597093,0.021785839234531843,0.022156108905387814,True,ok,CONTROL_MINUS_TWIN
PS_020,PS_017,PS_032,SP,280,0.0001284327324921515,0.027763779487634963,0.02763534675514281,True,ok,CONTROL_MINUS_TWIN
PS_020,PS_022,PS_032,SP,445,0.0326473150389527,0.02411927154641805,-0.008528043492534648,True,ok,CONTROL_MINUS_TWIN
PS_020,PS_023,PS_032,SP,470,0.0035225326267342705,0.023650020325098057,0.020127487698363786,True,ok,CONTROL_MINUS_TWIN
PS_020,PS_024,PS_032,SP,260,0.006087078950402135,0.02557651840804324,0.019489439457641106,True,ok,CONTROL_MINUS_TWIN
PS_020,PS_026,PS_032,SP,401,0.0058114369917043225,0.024270759555189002,0.01845932256348468,True,ok,CONTROL_MINUS_TWIN
PS_020,PS_030,PS_032,SP,534,0.001040171171259173,0.022146410741976787,0.021106239570717614,True,ok,CONTROL_MINUS_TWIN
PS_020,PS_004,PS_033,SP,1607,-0.004078507526576396,0.025726357408370676,0.02980486493494707,True,ok,CONTROL_MINUS_TWIN
PS_020,PS_017,PS_033,SP,280,0.0001284327324921515,0.0020902160655628214,0.00196178333307067,True,ok,CONTROL_MINUS_TWIN
PS_020,PS_022,PS_033,SP,472,0.034246153187619005,0.0060269909582086195,-0.028219162229410386,True,ok,CONTROL_MINUS_TWIN
PS_020,PS_023,PS_033,SP,578,0.003113571719642612,0.0056773887955564005,0.0025638170759137886,True,ok,CONTROL_MINUS_TWIN
PS_020,PS_024,PS_033,SP,260,0.006087078950402135,0.0031358291084608025,-0.002951249841941332,True,ok,CONTROL_MINUS_TWIN
PS_020,PS_026,PS_033,SP,433,0.005379538390243129,0.004103589537597877,-0.001275948852645252,True,ok,CONTROL_MINUS_TWIN
PS_020,PS_030,PS_033,SP,766,0.0009428521824772287,0.010155438193781105,0.009212586011303876,True,ok,CONTROL_MINUS_TWIN
PS_020,PS_004,PS_034,SP,1607,-0.004078507526576396,0.022199694624226995,0.02627820215080339,True,ok,CONTROL_MINUS_TWIN
PS_020,PS_017,PS_034,SP,280,0.0001284327324921515,0.010295320067517821,0.01016688733502567,True,ok,CONTROL_MINUS_TWIN
PS_020,PS_022,PS_034,SP,472,0.034246153187619005,0.00842239470104392,-0.025823758486575085,True,ok,CONTROL_MINUS_TWIN
PS_020,PS_023,PS_034,SP,578,0.003113571719642612,0.007280689543792126,0.004167117824149514,True,ok,CONTROL_MINUS_TWIN
PS_020,PS_024,PS_034,SP,260,0.006087078950402135,0.01162972798654631,0.005542649036144175,True,ok,CONTROL_MINUS_TWIN
PS_020,PS_026,PS_034,SP,433,0.005379538390243129,0.008706758606266622,0.003327220216023493,True,ok,CONTROL_MINUS_TWIN
PS_020,PS_030,PS_034,SP,766,0.0009428521824772287,0.008416211255270471,0.0074733590727932425,True,ok,CONTROL_MINUS_TWIN
PS_020,PS_004,PS_035,SP,1607,-0.004078507526576396,0.01785577625128408,0.021934283777860476,True,ok,CONTROL_MINUS_TWIN
PS_020,PS_017,PS_035,SP,280,0.0001284327324921515,0.004144577941039309,0.0040161452085471575,True,ok,CONTROL_MINUS_TWIN
PS_020,PS_022,PS_035,SP,472,0.034246153187619005,0.00688275619732312,-0.027363396990295885,True,ok,CONTROL_MINUS_TWIN
PS_020,PS_023,PS_035,SP,578,0.003113571719642612,0.007102403132138179,0.003988831412495567,True,ok,CONTROL_MINUS_TWIN
PS_020,PS_024,PS_035,SP,260,0.006087078950402135,0.0051588788392574365,-0.0009282001111446982,True,ok,CONTROL_MINUS_TWIN
PS_020,PS_026,PS_035,SP,433,0.005379538390243129,0.007029503716640427,0.0016499653263972978,True,ok,CONTROL_MINUS_TWIN
PS_020,PS_030,PS_035,SP,766,0.0009428521824772287,0.007586619985222184,0.006643767802744956,True,ok,CONTROL_MINUS_TWIN
PS_020,PS_004,PS_036,SP,1607,-0.004078507526576396,0.010746792633459644,0.01482530016003604,True,ok,CONTROL_MINUS_TWIN
PS_020,PS_017,PS_036,SP,280,0.0001284327324921515,0.0016768322585707512,0.0015483995260785997,True,ok,CONTROL_MINUS_TWIN
PS_020,PS_022,PS_036,SP,472,0.034246153187619005,0.0018304266525640024,-0.032415726535055006,True,ok,CONTROL_MINUS_TWIN
PS_020,PS_023,PS_036,SP,578,0.003113571719642612,0.0020306494933518306,-0.0010829222262907813,True,ok,CONTROL_MINUS_TWIN
PS_020,PS_024,PS_036,SP,260,0.006087078950402135,0.001642829902724019,-0.004444249047678116,True,ok,CONTROL_MINUS_TWIN
PS_020,PS_026,PS_036,SP,433,0.005379538390243129,0.0023349596340636186,-0.0030445787561795105,True,ok,CONTROL_MINUS_TWIN
PS_020,PS_030,PS_036,SP,766,0.0009428521824772287,0.0031540171432722364,0.0022111649607950076,True,ok,CONTROL_MINUS_TWIN
PS_020,PS_004,PS_038,SP,1607,-0.004078507526576396,0.017236676971689138,0.021315184498265534,True,ok,CONTROL_MINUS_TWIN
PS_020,PS_017,PS_038,SP,280,0.0001284327324921515,0.0116792964951982,0.011550863762706049,True,ok,CONTROL_MINUS_TWIN
PS_020,PS_022,PS_038,SP,472,0.034246153187619005,0.015771346534331935,-0.01847480665328707,True,ok,CONTROL_MINUS_TWIN
PS_020,PS_023,PS_038,SP,578,0.003113571719642612,0.014233614762744911,0.011120043043102299,True,ok,CONTROL_MINUS_TWIN
PS_020,PS_024,PS_038,SP,260,0.006087078950402135,0.013195176643549945,0.007108097693147811,True,ok,CONTROL_MINUS_TWIN
PS_020,PS_026,PS_038,SP,433,0.005379538390243129,0.014987097824936294,0.009607559434693165,True,ok,CONTROL_MINUS_TWIN
PS_020,PS_030,PS_038,SP,766,0.0009428521824772287,0.015347919233122245,0.014405067050645017,True,ok,CONTROL_MINUS_TWIN
PS_020,PS_004,PS_039,SP,1607,-0.004078507526576396,0.03511393834536923,0.039192445871945626,True,ok,CONTROL_MINUS_TWIN
PS_020,PS_017,PS_039,SP,280,0.0001284327324921515,0.032098385595400625,0.03196995286290848,True,ok,CONTROL_MINUS_TWIN
PS_020,PS_022,PS_039,SP,472,0.034246153187619005,0.03536663801706083,0.0011204848294418257,True,ok,CONTROL_MINUS_TWIN
PS_020,PS_023,PS_039,SP,578,0.003113571719642612,0.03428743945856874,0.03117386773892613,True,ok,CONTROL_MINUS_TWIN
PS_020,PS_024,PS_039,SP,260,0.006087078950402135,0.0330741090546081,0.026987030104205965,True,ok,CONTROL_MINUS_TWIN
PS_020,PS_026,PS_039,SP,433,0.005379538390243129,0.036160569028688264,0.030781030638445134,True,ok,CONTROL_MINUS_TWIN
PS_020,PS_030,PS_039,SP,766,0.0009428521824772287,0.030828263172864162,0.029885410990386933,True,ok,CONTROL_MINUS_TWIN
PS_020,PS_004,PS_040,SP,1607,-0.004078507526576396,0.02846045727224321,0.032538964798819604,True,ok,CONTROL_MINUS_TWIN
PS_020,PS_017,PS_040,SP,280,0.0001284327324921515,0.030377515227164406,0.030249082494672255,True,ok,CONTROL_MINUS_TWIN
PS_020,PS_022,PS_040,SP,472,0.034246153187619005,0.019691634699915504,-0.014554518487703502,True,ok,CONTROL_MINUS_TWIN
PS_020,PS_023,PS_040,SP,578,0.003113571719642612,0.0165146849961311,0.013401113276488488,True,ok,CONTROL_MINUS_TWIN
PS_020,PS_024,PS_040,SP,260,0.006087078950402135,0.030099774064859756,0.02401269511445762,True,ok,CONTROL_MINUS_TWIN
PS_020,PS_026,PS_040,SP,433,0.005379538390243129,0.021464183641803424,0.016084645251560295,True,ok,CONTROL_MINUS_TWIN
PS_020,PS_030,PS_040,SP,766,0.0009428521824772287,0.015917961696872582,0.014975109514395353,True,ok,CONTROL_MINUS_TWIN
PS_022,PS_004,PS_001,SP,1486,0.05067892610080171,0.020417249284457317,-0.030261676816344396,True,ok,CONTROL_MINUS_TWIN
PS_022,PS_017,PS_001,SP,259,0.0042619387702294426,0.003199121438669565,-0.0010628173315598774,True,ok,CONTROL_MINUS_TWIN
PS_022,PS_020,PS_001,SP,513,0.0036531221304794068,0.002409166631700231,-0.0012439554987791757,True,ok,CONTROL_MINUS_TWIN
PS_022,PS_023,PS_001,SP,564,0.017100814124272876,0.007795348235597632,-0.009305465888675243,True,ok,CONTROL_MINUS_TWIN
PS_022,PS_024,PS_001,SP,261,0.013495126206326435,0.0020846155203014492,-0.011410510686024986,True,ok,CONTROL_MINUS_TWIN
PS_022,PS_026,PS_001,SP,474,-0.0016877209297422868,0.0031180468369558165,0.004805767766698103,True,ok,CONTROL_MINUS_TWIN
PS_022,PS_030,PS_001,SP,829,0.015555775803176526,0.005856722421792547,-0.009699053381383979,True,ok,CONTROL_MINUS_TWIN
PS_022,PS_004,PS_008,SP,1487,0.050554233794438005,0.02501589692792612,-0.025538336866511885,True,ok,CONTROL_MINUS_TWIN
PS_022,PS_017,PS_008,SP,259,0.0042619387702294426,0.004437030410008286,0.00017509163977884323,True,ok,CONTROL_MINUS_TWIN
PS_022,PS_020,PS_008,SP,513,0.0036531221304794068,0.004257753248589097,0.00060463111810969,True,ok,CONTROL_MINUS_TWIN
PS_022,PS_023,PS_008,SP,564,0.017100814124272876,0.010025021279797833,-0.007075792844475043,True,ok,CONTROL_MINUS_TWIN
PS_022,PS_024,PS_008,SP,261,0.013495126206326435,0.0032349687554181737,-0.010260157450908261,True,ok,CONTROL_MINUS_TWIN
PS_022,PS_026,PS_008,SP,474,-0.0016877209297422868,0.004931119337378158,0.006618840267120445,True,ok,CONTROL_MINUS_TWIN
PS_022,PS_030,PS_008,SP,829,0.015555775803176526,0.008553199819028252,-0.007002575984148274,True,ok,CONTROL_MINUS_TWIN
PS_022,PS_004,PS_009,SP,1487,0.050554233794438005,0.012194461506627383,-0.03835977228781062,True,ok,CONTROL_MINUS_TWIN
PS_022,PS_017,PS_009,SP,259,0.0042619387702294426,0.005856614835180494,0.0015946760649510512,True,ok,CONTROL_MINUS_TWIN
PS_022,PS_020,PS_009,SP,513,0.0036531221304794068,0.002633280719360892,-0.0010198414111185147,True,ok,CONTROL_MINUS_TWIN
PS_022,PS_023,PS_009,SP,564,0.017100814124272876,0.007183555716647971,-0.009917258407624904,True,ok,CONTROL_MINUS_TWIN
PS_022,PS_024,PS_009,SP,261,0.013495126206326435,0.004256551771737782,-0.009238574434588653,True,ok,CONTROL_MINUS_TWIN
PS_022,PS_026,PS_009,SP,474,-0.0016877209297422868,0.0034784217044828217,0.0051661426342251085,True,ok,CONTROL_MINUS_TWIN
PS_022,PS_030,PS_009,SP,829,0.015555775803176526,0.004028975395077371,-0.011526800408099155,True,ok,CONTROL_MINUS_TWIN
PS_022,PS_004,PS_010,SP,1487,0.050554233794438005,0.01305111828398113,-0.037503115510456875,True,ok,CONTROL_MINUS_TWIN
PS_022,PS_017,PS_010,SP,259,0.0042619387702294426,0.03514189285466256,0.030879954084433114,True,ok,CONTROL_MINUS_TWIN
PS_022,PS_020,PS_010,SP,513,0.0036531221304794068,0.018381408567601593,0.014728286437122186,True,ok,CONTROL_MINUS_TWIN
PS_022,PS_023,PS_010,SP,564,0.017100814124272876,0.016260832827238385,-0.0008399812970344908,True,ok,CONTROL_MINUS_TWIN
PS_022,PS_024,PS_010,SP,261,0.013495126206326435,0.03332618270147296,0.019831056495146524,True,ok,CONTROL_MINUS_TWIN
PS_022,PS_026,PS_010,SP,474,-0.0016877209297422868,0.019743019755020727,0.021430740684763014,True,ok,CONTROL_MINUS_TWIN
PS_022,PS_030,PS_010,SP,829,0.015555775803176526,0.013510702018334826,-0.0020450737848417,True,ok,CONTROL_MINUS_TWIN
PS_022,PS_004,PS_011,SP,1487,0.050554233794438005,0.027114402307765087,-0.02343983148667292,True,ok,CONTROL_MINUS_TWIN
PS_022,PS_017,PS_011,SP,259,0.0042619387702294426,0.011165885183655657,0.0069039464134262145,True,ok,CONTROL_MINUS_TWIN
PS_022,PS_020,PS_011,SP,513,0.0036531221304794068,0.008822085055139157,0.005168962924659751,True,ok,CONTROL_MINUS_TWIN
PS_022,PS_023,PS_011,SP,564,0.017100814124272876,0.014127937603346762,-0.002972876520926114,True,ok,CONTROL_MINUS_TWIN
PS_022,PS_024,PS_011,SP,261,0.013495126206326435,0.009028501881721818,-0.004466624324604616,True,ok,CONTROL_MINUS_TWIN
PS_022,PS_026,PS_011,SP,474,-0.0016877209297422868,0.00944095656556513,0.011128677495307417,True,ok,CONTROL_MINUS_TWIN
PS_022,PS_030,PS_011,SP,829,0.015555775803176526,0.013532185373129953,-0.0020235904300465735,True,ok,CONTROL_MINUS_TWIN
PS_022,PS_004,PS_013,SP,1487,0.050554233794438005,0.030633069205044952,-0.019921164589393053,True,ok,CONTROL_MINUS_TWIN
PS_022,PS_017,PS_013,SP,259,0.0042619387702294426,0.013958641259381965,0.009696702489152522,True,ok,CONTROL_MINUS_TWIN
PS_022,PS_020,PS_013,SP,513,0.0036531221304794068,0.010891838998719705,0.007238716868240298,True,ok,CONTROL_MINUS_TWIN
PS_022,PS_023,PS_013,SP,564,0.017100814124272876,0.016490566055921474,-0.0006102480683514017,True,ok,CONTROL_MINUS_TWIN
PS_022,PS_024,PS_013,SP,261,0.013495126206326435,0.012211657117287712,-0.0012834690890387232,True,ok,CONTROL_MINUS_TWIN
PS_022,PS_026,PS_013,SP,474,-0.0016877209297422868,0.011601972888614531,0.013289693818356818,True,ok,CONTROL_MINUS_TWIN
PS_022,PS_030,PS_013,SP,829,0.015555775803176526,0.015378551089973165,-0.00017722471320336108,True,ok,CONTROL_MINUS_TWIN
PS_022,PS_004,PS_018,SP,16,0.009450548523845657,0.0096024839688518,0.00015193544500614192,True,ok,CONTROL_MINUS_TWIN
PS_022,PS_017,PS_018,SP,16,0.011194791198548687,0.0096024839688518,-0.0015923072296968876,True,ok,CONTROL_MINUS_TWIN
PS_022,PS_020,PS_018,SP,16,0.010428979817879436,0.0096024839688518,-0.0008264958490276364,True,ok,CONTROL_MINUS_TWIN
PS_022,PS_023,PS_018,SP,16,0.018604401288057827,0.0096024839688518,-0.009001917319206028,True,ok,CONTROL_MINUS_TWIN
PS_022,PS_024,PS_018,SP,16,0.021753388363612118,0.0096024839688518,-0.012150904394760319,True,ok,CONTROL_MINUS_TWIN
PS_022,PS_026,PS_018,SP,16,1.848125244575255e-05,0.0096024839688518,0.009584002716406047,True,ok,CONTROL_MINUS_TWIN
PS_022,PS_030,PS_018,SP,16,0.016459385995762806,0.0096024839688518,-0.006856902026911006,True,ok,CONTROL_MINUS_TWIN
PS_022,PS_004,PS_019,SP,965,0.026815266298058242,0.040158402216728194,0.013343135918669952,True,ok,CONTROL_MINUS_TWIN
PS_022,PS_017,PS_019,SP,259,0.0042619387702294426,0.013626647710835948,0.009364708940606505,True,ok,CONTROL_MINUS_TWIN
PS_022,PS_020,PS_019,SP,510,0.004137830170277031,0.014987967116149921,0.01085013694587289,True,ok,CONTROL_MINUS_TWIN
PS_022,PS_023,PS_019,SP,564,0.017100814124272876,0.0210194932080389,0.003918679083766023,True,ok,CONTROL_MINUS_TWIN
PS_022,PS_024,PS_019,SP,261,0.013495126206326435,0.012318620161137685,-0.0011765060451887493,True,ok,CONTROL_MINUS_TWIN
PS_022,PS_026,PS_019,SP,474,-0.0016877209297422868,0.014833653274725724,0.01652137420446801,True,ok,CONTROL_MINUS_TWIN
PS_022,PS_030,PS_019,SP,746,0.014313410050816669,0.023131823640151192,0.008818413589334523,True,ok,CONTROL_MINUS_TWIN
PS_022,PS_004,PS_021,SP,908,0.017829306801838828,0.02579022215258927,0.007960915350750442,True,ok,CONTROL_MINUS_TWIN
PS_022,PS_017,PS_021,SP,259,0.0042619387702294426,0.01334762356571646,0.009085684795487017,True,ok,CONTROL_MINUS_TWIN
PS_022,PS_020,PS_021,SP,503,0.0033903866840860747,0.010369100889355123,0.006978714205269049,True,ok,CONTROL_MINUS_TWIN
PS_022,PS_023,PS_021,SP,535,0.01574423355544674,0.014755561199980352,-0.0009886723554663884,True,ok,CONTROL_MINUS_TWIN
PS_022,PS_024,PS_021,SP,261,0.013495126206326435,0.011336835856605613,-0.002158290349720822,True,ok,CONTROL_MINUS_TWIN
PS_022,PS_026,PS_021,SP,467,-0.0019510510076259577,0.010495127468917412,0.01244617847654337,True,ok,CONTROL_MINUS_TWIN
PS_022,PS_030,PS_021,SP,756,0.012910304859204629,0.01653164868361457,0.003621343824409942,True,ok,CONTROL_MINUS_TWIN
PS_022,PS_004,PS_025,SP,131,0.006896326896971826,0.04107970835982863,0.03418338146285681,True,ok,CONTROL_MINUS_TWIN
PS_022,PS_017,PS_025,SP,131,0.008989189548541209,0.04107970835982863,0.032090518811287425,True,ok,CONTROL_MINUS_TWIN
PS_022,PS_020,PS_025,SP,130,0.008972900774434146,0.04186704081292325,0.0328941400384891,True,ok,CONTROL_MINUS_TWIN
PS_022,PS_023,PS_025,SP,131,0.01265220007858321,0.04107970835982863,0.02842750828124542,True,ok,CONTROL_MINUS_TWIN
PS_022,PS_024,PS_025,SP,130,0.018240662100335155,0.04186704081292325,0.023626378712588096,True,ok,CONTROL_MINUS_TWIN
PS_022,PS_026,PS_025,SP,131,0.003979922069745253,0.04107970835982863,0.03709978629008338,True,ok,CONTROL_MINUS_TWIN
PS_022,PS_030,PS_025,SP,131,0.013653724594304235,0.04107970835982863,0.027425983765524395,True,ok,CONTROL_MINUS_TWIN
PS_022,PS_004,PS_027,SP,1026,0.021651858430249048,0.022038802459322833,0.0003869440290737852,True,ok,CONTROL_MINUS_TWIN
PS_022,PS_017,PS_027,SP,259,0.0042619387702294426,0.007114659763084136,0.002852720992854694,True,ok,CONTROL_MINUS_TWIN
PS_022,PS_020,PS_027,SP,512,0.003486386174652613,0.005360890663739758,0.0018745044890871448,True,ok,CONTROL_MINUS_TWIN
PS_022,PS_023,PS_027,SP,558,0.016187345732158548,0.009841436867977282,-0.0063459088641812655,True,ok,CONTROL_MINUS_TWIN
PS_022,PS_024,PS_027,SP,261,0.013495126206326435,0.005469075311009937,-0.008026050895316498,True,ok,CONTROL_MINUS_TWIN
PS_022,PS_026,PS_027,SP,473,-0.0016753045517546236,0.005868804667537357,0.007544109219291981,True,ok,CONTROL_MINUS_TWIN
PS_022,PS_030,PS_027,SP,809,0.014712932079385684,0.011774135198471446,-0.002938796880914238,True,ok,CONTROL_MINUS_TWIN
PS_022,PS_004,PS_028,SP,1487,0.050554233794438005,0.021650144272585617,-0.02890408952185239,True,ok,CONTROL_MINUS_TWIN
PS_022,PS_017,PS_028,SP,259,0.0042619387702294426,-0.0013201644325511012,-0.005582103202780544,True,ok,CONTROL_MINUS_TWIN
PS_022,PS_020,PS_028,SP,513,0.0036531221304794068,-0.0037951643367574103,-0.007448286467236817,True,ok,CONTROL_MINUS_TWIN
PS_022,PS_023,PS_028,SP,564,0.017100814124272876,-0.00031375952746054425,-0.01741457365173342,True,ok,CONTROL_MINUS_TWIN
PS_022,PS_024,PS_028,SP,261,0.013495126206326435,-0.0024020021931528378,-0.015897128399479273,True,ok,CONTROL_MINUS_TWIN
PS_022,PS_026,PS_028,SP,474,-0.0016877209297422868,-0.002759995358791574,-0.0010722744290492872,True,ok,CONTROL_MINUS_TWIN
PS_022,PS_030,PS_028,SP,829,0.015555775803176526,-0.0022790262952547546,-0.01783480209843128,True,ok,CONTROL_MINUS_TWIN
PS_022,PS_004,PS_029,SP,436,0.005334850630755436,0.011408684800344925,0.0060738341695894885,True,ok,CONTROL_MINUS_TWIN
PS_022,PS_017,PS_029,SP,259,0.0042619387702294426,0.009209602286513158,0.004947663516283715,True,ok,CONTROL_MINUS_TWIN
PS_022,PS_020,PS_029,SP,408,0.00583518668843843,0.01123007873698155,0.005394892048543119,True,ok,CONTROL_MINUS_TWIN
PS_022,PS_023,PS_029,SP,395,0.011923766561226287,0.012221397213792857,0.00029763065256657034,True,ok,CONTROL_MINUS_TWIN
PS_022,PS_024,PS_029,SP,257,0.01421196274072923,0.008951753469997478,-0.005260209270731751,True,ok,CONTROL_MINUS_TWIN
PS_022,PS_026,PS_029,SP,384,-0.000813839806144509,0.009610849892159455,0.010424689698303964,True,ok,CONTROL_MINUS_TWIN
PS_022,PS_030,PS_029,SP,433,0.009649362778339582,0.01112252898213087,0.0014731662037912874,True,ok,CONTROL_MINUS_TWIN
PS_022,PS_004,PS_031,SP,310,0.003584324294112609,0.005764617566235412,0.0021802932721228033,True,ok,CONTROL_MINUS_TWIN
PS_022,PS_017,PS_031,SP,256,0.004312369098516688,0.006323294873212287,0.0020109257746955995,True,ok,CONTROL_MINUS_TWIN
PS_022,PS_020,PS_031,SP,306,0.005247923996764919,0.0062397135705687355,0.0009917895738038168,True,ok,CONTROL_MINUS_TWIN
PS_022,PS_023,PS_031,SP,292,0.009196283247071092,0.006254045677717389,-0.0029422375693537034,True,ok,CONTROL_MINUS_TWIN
PS_022,PS_024,PS_031,SP,237,0.012879076549646637,0.004576756992432183,-0.008302319557214454,True,ok,CONTROL_MINUS_TWIN
PS_022,PS_026,PS_031,SP,295,-0.00036182712308003087,0.00539238649494864,0.005754213618028671,True,ok,CONTROL_MINUS_TWIN
PS_022,PS_030,PS_031,SP,310,0.008781349350706142,0.005764617566235412,-0.0030167317844707296,True,ok,CONTROL_MINUS_TWIN
PS_022,PS_004,PS_032,SP,574,0.0059067338716251375,0.002346467365245318,-0.0035602665063798195,True,ok,CONTROL_MINUS_TWIN
PS_022,PS_017,PS_032,SP,258,0.0044063257517495714,0.0072143890764102304,0.002808063324660659,True,ok,CONTROL_MINUS_TWIN
PS_022,PS_020,PS_032,SP,483,0.0038290094570948077,0.0007430592136186132,-0.0030859502434761946,True,ok,CONTROL_MINUS_TWIN
PS_022,PS_023,PS_032,SP,471,0.014527506979347612,0.0036382070600017857,-0.010889299919345827,True,ok,CONTROL_MINUS_TWIN
PS_022,PS_024,PS_032,SP,261,0.013495126206326435,0.005147828771339055,-0.00834729743498738,True,ok,CONTROL_MINUS_TWIN
PS_022,PS_026,PS_032,SP,434,-0.0027398498474671545,0.0009020221440248152,0.0036418719914919698,True,ok,CONTROL_MINUS_TWIN
PS_022,PS_030,PS_032,SP,563,0.00918400918146016,0.002040208470087186,-0.007143800711372973,True,ok,CONTROL_MINUS_TWIN
PS_022,PS_004,PS_033,SP,1487,0.050554233794438005,0.011500642716306561,-0.039053591078131444,True,ok,CONTROL_MINUS_TWIN
PS_022,PS_017,PS_033,SP,259,0.0042619387702294426,0.0010785574240537443,-0.0031833813461756982,True,ok,CONTROL_MINUS_TWIN
PS_022,PS_020,PS_033,SP,513,0.0036531221304794068,-0.0015041802301731452,-0.005157302360652552,True,ok,CONTROL_MINUS_TWIN
PS_022,PS_023,PS_033,SP,564,0.017100814124272876,0.002470961606650078,-0.014629852517622798,True,ok,CONTROL_MINUS_TWIN
PS_022,PS_024,PS_033,SP,261,0.013495126206326435,-0.00023356641184996835,-0.013728692618176403,True,ok,CONTROL_MINUS_TWIN
PS_022,PS_026,PS_033,SP,474,-0.0016877209297422868,-0.00040796281300172627,0.0012797581167405606,True,ok,CONTROL_MINUS_TWIN
PS_022,PS_030,PS_033,SP,829,0.015555775803176526,-0.0007310920800457227,-0.01628686788322225,True,ok,CONTROL_MINUS_TWIN
PS_022,PS_004,PS_034,SP,1487,0.050554233794438005,0.029588513834717875,-0.02096571995972013,True,ok,CONTROL_MINUS_TWIN
PS_022,PS_017,PS_034,SP,259,0.0042619387702294426,0.01506941793872683,0.010807479168497388,True,ok,CONTROL_MINUS_TWIN
PS_022,PS_020,PS_034,SP,513,0.0036531221304794068,0.014110631469490688,0.010457509339011281,True,ok,CONTROL_MINUS_TWIN
PS_022,PS_023,PS_034,SP,564,0.017100814124272876,0.020452197197212994,0.0033513830729401187,True,ok,CONTROL_MINUS_TWIN
PS_022,PS_024,PS_034,SP,261,0.013495126206326435,0.015030592558524365,0.0015354663521979298,True,ok,CONTROL_MINUS_TWIN
PS_022,PS_026,PS_034,SP,474,-0.0016877209297422868,0.014993779753976512,0.0166815006837188,True,ok,CONTROL_MINUS_TWIN
PS_022,PS_030,PS_034,SP,829,0.015555775803176526,0.017743772574012905,0.0021879967708363784,True,ok,CONTROL_MINUS_TWIN
PS_022,PS_004,PS_035,SP,1487,0.050554233794438005,0.038320360774663165,-0.01223387301977484,True,ok,CONTROL_MINUS_TWIN
PS_022,PS_017,PS_035,SP,259,0.0042619387702294426,0.012421445743643341,0.008159506973413898,True,ok,CONTROL_MINUS_TWIN
PS_022,PS_020,PS_035,SP,513,0.0036531221304794068,0.015500764375912697,0.01184764224543329,True,ok,CONTROL_MINUS_TWIN
PS_022,PS_023,PS_035,SP,564,0.017100814124272876,0.02291425281722704,0.005813438692954163,True,ok,CONTROL_MINUS_TWIN
PS_022,PS_024,PS_035,SP,261,0.013495126206326435,0.011758783514257447,-0.0017363426920689873,True,ok,CONTROL_MINUS_TWIN
PS_022,PS_026,PS_035,SP,474,-0.0016877209297422868,0.016029588887116808,0.017717309816859095,True,ok,CONTROL_MINUS_TWIN
PS_022,PS_030,PS_035,SP,829,0.015555775803176526,0.02119153119127013,0.005635755388093605,True,ok,CONTROL_MINUS_TWIN
PS_022,PS_004,PS_036,SP,1487,0.050554233794438005,0.030939339176380976,-0.01961489461805703,True,ok,CONTROL_MINUS_TWIN
PS_022,PS_017,PS_036,SP,259,0.0042619387702294426,0.008741600954884934,0.004479662184655491,True,ok,CONTROL_MINUS_TWIN
PS_022,PS_020,PS_036,SP,513,0.0036531221304794068,0.007470950260166011,0.003817828129686604,True,ok,CONTROL_MINUS_TWIN
PS_022,PS_023,PS_036,SP,564,0.017100814124272876,0.013060920661450079,-0.004039893462822797,True,ok,CONTROL_MINUS_TWIN
PS_022,PS_024,PS_036,SP,261,0.013495126206326435,0.007194737624659071,-0.006300388581667364,True,ok,CONTROL_MINUS_TWIN
PS_022,PS_026,PS_036,SP,474,-0.0016877209297422868,0.008249496516617723,0.00993721744636001,True,ok,CONTROL_MINUS_TWIN
PS_022,PS_030,PS_036,SP,829,0.015555775803176526,0.010270189879046633,-0.005285585924129893,True,ok,CONTROL_MINUS_TWIN
PS_022,PS_004,PS_038,SP,1487,0.050554233794438005,0.05636107850629728,0.005806844711859271,True,ok,CONTROL_MINUS_TWIN
PS_022,PS_017,PS_038,SP,259,0.0042619387702294426,0.02195906054582369,0.017697121775594248,True,ok,CONTROL_MINUS_TWIN
PS_022,PS_020,PS_038,SP,513,0.0036531221304794068,0.025737990257314942,0.022084868126835536,True,ok,CONTROL_MINUS_TWIN
PS_022,PS_023,PS_038,SP,564,0.017100814124272876,0.03287408669454151,0.015773272570268636,True,ok,CONTROL_MINUS_TWIN
PS_022,PS_024,PS_038,SP,261,0.013495126206326435,0.022249307734471067,0.008754181528144632,True,ok,CONTROL_MINUS_TWIN
PS_022,PS_026,PS_038,SP,474,-0.0016877209297422868,0.025610056087397512,0.0272977770171398,True,ok,CONTROL_MINUS_TWIN
PS_022,PS_030,PS_038,SP,829,0.015555775803176526,0.034066744526858435,0.01851096872368191,True,ok,CONTROL_MINUS_TWIN
PS_022,PS_004,PS_039,SP,1487,0.050554233794438005,0.05487803491075445,0.004323801116316445,True,ok,CONTROL_MINUS_TWIN
PS_022,PS_017,PS_039,SP,259,0.0042619387702294426,0.04430980161799171,0.04004786284776227,True,ok,CONTROL_MINUS_TWIN
PS_022,PS_020,PS_039,SP,513,0.0036531221304794068,0.04477136919791782,0.04111824706743841,True,ok,CONTROL_MINUS_TWIN
PS_022,PS_023,PS_039,SP,564,0.017100814124272876,0.052793998315686395,0.03569318419141352,True,ok,CONTROL_MINUS_TWIN
PS_022,PS_024,PS_039,SP,261,0.013495126206326435,0.04352584670440679,0.030030720498080355,True,ok,CONTROL_MINUS_TWIN
PS_022,PS_026,PS_039,SP,474,-0.0016877209297422868,0.04590489103729578,0.04759261196703807,True,ok,CONTROL_MINUS_TWIN
PS_022,PS_030,PS_039,SP,829,0.015555775803176526,0.0471086058739695,0.03155283007079297,True,ok,CONTROL_MINUS_TWIN
PS_022,PS_004,PS_040,SP,1486,0.050452781478335054,0.025462528369297396,-0.024990253109037658,True,ok,CONTROL_MINUS_TWIN
PS_022,PS_017,PS_040,SP,259,0.0042619387702294426,0.03916145294764581,0.034899514177416366,True,ok,CONTROL_MINUS_TWIN
PS_022,PS_020,PS_040,SP,513,0.0036531221304794068,0.023256194622724567,0.01960307249224516,True,ok,CONTROL_MINUS_TWIN
PS_022,PS_023,PS_040,SP,564,0.017100814124272876,0.02691354524051743,0.009812731116244554,True,ok,CONTROL_MINUS_TWIN
PS_022,PS_024,PS_040,SP,261,0.013495126206326435,0.03577101057238541,0.022275884366058974,True,ok,CONTROL_MINUS_TWIN
PS_022,PS_026,PS_040,SP,474,-0.0016877209297422868,0.025045000521949565,0.02673272145169185,True,ok,CONTROL_MINUS_TWIN
PS_022,PS_030,PS_040,SP,829,0.015555775803176526,0.019377133629740563,0.003821357826564037,True,ok,CONTROL_MINUS_TWIN
PS_023,PS_004,PS_001,SP,1863,0.0018281295806093362,0.026951978576659846,0.02512384899605051,True,ok,CONTROL_MINUS_TWIN
PS_023,PS_017,PS_001,SP,806,0.009024912137088406,0.048714317058957374,0.03968940492186897,True,ok,CONTROL_MINUS_TWIN
PS_023,PS_020,PS_001,SP,746,0.007879022495262736,0.017804886860670558,0.009925864365407822,True,ok,CONTROL_MINUS_TWIN
PS_023,PS_022,PS_001,SP,707,0.02996383136305379,0.018592938145436028,-0.011370893217617764,True,ok,CONTROL_MINUS_TWIN
PS_023,PS_024,PS_001,SP,1199,0.003739935681609359,0.0341672594431664,0.03042732376155704,True,ok,CONTROL_MINUS_TWIN
PS_023,PS_026,PS_001,SP,1443,0.022438301467151388,0.02872028789894613,0.006281986431794742,True,ok,CONTROL_MINUS_TWIN
PS_023,PS_030,PS_001,SP,1062,0.0013308045687075165,0.02040825675480032,0.019077452186092803,True,ok,CONTROL_MINUS_TWIN
PS_023,PS_004,PS_008,SP,1862,0.0018170238613145276,0.022977588855872026,0.0211605649945575,True,ok,CONTROL_MINUS_TWIN
PS_023,PS_017,PS_008,SP,811,0.008997166327624838,0.044062178493388296,0.03506501216576346,True,ok,CONTROL_MINUS_TWIN
PS_023,PS_020,PS_008,SP,746,0.007879022495262736,0.013700136501662925,0.005821114006400188,True,ok,CONTROL_MINUS_TWIN
PS_023,PS_022,PS_008,SP,707,0.02996383136305379,0.014449838820338616,-0.015513992542715176,True,ok,CONTROL_MINUS_TWIN
PS_023,PS_024,PS_008,SP,1199,0.003739935681609359,0.030223193142243907,0.026483257460634547,True,ok,CONTROL_MINUS_TWIN
PS_023,PS_026,PS_008,SP,1443,0.022438301467151388,0.024836072373412073,0.002397770906260685,True,ok,CONTROL_MINUS_TWIN
PS_023,PS_030,PS_008,SP,1062,0.0013308045687075165,0.016003441820822424,0.014672637252114908,True,ok,CONTROL_MINUS_TWIN
PS_023,PS_004,PS_009,SP,1861,0.0018427706019874604,0.040107718517210594,0.038264947915223134,True,ok,CONTROL_MINUS_TWIN
PS_023,PS_017,PS_009,SP,811,0.008997166327624838,0.07089345308900437,0.06189628676137953,True,ok,CONTROL_MINUS_TWIN
PS_023,PS_020,PS_009,SP,746,0.007879022495262736,0.024558852128055687,0.01667982963279295,True,ok,CONTROL_MINUS_TWIN
PS_023,PS_022,PS_009,SP,707,0.02996383136305379,0.025554102547162165,-0.004409728815891627,True,ok,CONTROL_MINUS_TWIN
PS_023,PS_024,PS_009,SP,1199,0.003739935681609359,0.04959862876165193,0.04585869308004257,True,ok,CONTROL_MINUS_TWIN
PS_023,PS_026,PS_009,SP,1443,0.022438301467151388,0.04147340174695751,0.019035100279806122,True,ok,CONTROL_MINUS_TWIN
PS_023,PS_030,PS_009,SP,1062,0.0013308045687075165,0.02869160113924047,0.027360796570532954,True,ok,CONTROL_MINUS_TWIN
PS_023,PS_004,PS_010,SP,1868,0.0018310629441525908,0.10172531311675775,0.09989425017260517,True,ok,CONTROL_MINUS_TWIN
PS_023,PS_017,PS_010,SP,811,0.008997166327624838,0.14423369624164967,0.13523652991402482,True,ok,CONTROL_MINUS_TWIN
PS_023,PS_020,PS_010,SP,746,0.007879022495262736,0.08197895000194379,0.07409992750668105,True,ok,CONTROL_MINUS_TWIN
PS_023,PS_022,PS_010,SP,707,0.02996383136305379,0.08379799761782201,0.05383416625476822,True,ok,CONTROL_MINUS_TWIN
PS_023,PS_024,PS_010,SP,1199,0.003739935681609359,0.11534829123259562,0.11160835555098625,True,ok,CONTROL_MINUS_TWIN
PS_023,PS_026,PS_010,SP,1443,0.022438301467151388,0.10363799556678588,0.08119969409963448,True,ok,CONTROL_MINUS_TWIN
PS_023,PS_030,PS_010,SP,1062,0.0013308045687075165,0.08801015996027867,0.08667935539157115,True,ok,CONTROL_MINUS_TWIN
PS_023,PS_004,PS_011,SP,1868,0.0018310629441525908,0.02010581056320237,0.018274747619049778,True,ok,CONTROL_MINUS_TWIN
PS_023,PS_017,PS_011,SP,811,0.008997166327624838,0.035118571704245025,0.026121405376620187,True,ok,CONTROL_MINUS_TWIN
PS_023,PS_020,PS_011,SP,746,0.007879022495262736,0.010331542046949391,0.002452519551686655,True,ok,CONTROL_MINUS_TWIN
PS_023,PS_022,PS_011,SP,707,0.02996383136305379,0.010710048254964778,-0.019253783108089013,True,ok,CONTROL_MINUS_TWIN
PS_023,PS_024,PS_011,SP,1199,0.003739935681609359,0.024218970507889542,0.020479034826280183,True,ok,CONTROL_MINUS_TWIN
PS_023,PS_026,PS_011,SP,1443,0.022438301467151388,0.02113038304588729,-0.0013079184212640982,True,ok,CONTROL_MINUS_TWIN
PS_023,PS_030,PS_011,SP,1062,0.0013308045687075165,0.013785136720860049,0.012454332152152532,True,ok,CONTROL_MINUS_TWIN
PS_023,PS_004,PS_013,SP,1868,0.0018310629441525908,0.022931837294602526,0.021100774350449936,True,ok,CONTROL_MINUS_TWIN
PS_023,PS_017,PS_013,SP,811,0.008997166327624838,0.040742263618988875,0.03174509729136404,True,ok,CONTROL_MINUS_TWIN
PS_023,PS_020,PS_013,SP,746,0.007879022495262736,0.011316065845281113,0.003437043350018376,True,ok,CONTROL_MINUS_TWIN
PS_023,PS_022,PS_013,SP,707,0.02996383136305379,0.011719811410435585,-0.018244019952618207,True,ok,CONTROL_MINUS_TWIN
PS_023,PS_024,PS_013,SP,1199,0.003739935681609359,0.02830903827686483,0.024569102595255472,True,ok,CONTROL_MINUS_TWIN
PS_023,PS_026,PS_013,SP,1443,0.022438301467151388,0.024123426564089508,0.0016851250969381198,True,ok,CONTROL_MINUS_TWIN
PS_023,PS_030,PS_013,SP,1062,0.0013308045687075165,0.014232134941419068,0.012901330372711552,True,ok,CONTROL_MINUS_TWIN
PS_023,PS_004,PS_018,SP,871,0.005686282539475243,0.005423829904695081,-0.0002624526347801623,True,ok,CONTROL_MINUS_TWIN
PS_023,PS_017,PS_018,SP,456,0.007078030475440686,0.011075647888600368,0.003997617413159682,True,ok,CONTROL_MINUS_TWIN
PS_023,PS_020,PS_018,SP,605,0.005563564355775791,0.004519100735472403,-0.0010444636203033875,True,ok,CONTROL_MINUS_TWIN
PS_023,PS_022,PS_018,SP,574,0.02217695818678466,0.0051573100349629405,-0.01701964815182172,True,ok,CONTROL_MINUS_TWIN
PS_023,PS_024,PS_018,SP,836,0.0003124491676893687,0.006704648341997417,0.006392199174308048,True,ok,CONTROL_MINUS_TWIN
PS_023,PS_026,PS_018,SP,901,0.025535763142579486,0.005887792326416522,-0.019647970816162964,True,ok,CONTROL_MINUS_TWIN
PS_023,PS_030,PS_018,SP,819,0.00045417533912959357,0.004973778636302349,0.004519603297172756,True,ok,CONTROL_MINUS_TWIN
PS_023,PS_004,PS_019,SP,1524,0.003855094575406892,0.002818866703936218,-0.001036227871470674,True,ok,CONTROL_MINUS_TWIN
PS_023,PS_017,PS_019,SP,810,0.009001318630649346,0.00770310418538811,-0.0012982144452612365,True,ok,CONTROL_MINUS_TWIN
PS_023,PS_020,PS_019,SP,746,0.007879022495262736,9.349722358867676e-05,-0.00778552527167406,True,ok,CONTROL_MINUS_TWIN
PS_023,PS_022,PS_019,SP,707,0.02996383136305379,0.00029924533215628865,-0.029664586030897503,True,ok,CONTROL_MINUS_TWIN
PS_023,PS_024,PS_019,SP,1199,0.003739935681609359,0.004500253117379775,0.0007603174357704162,True,ok,CONTROL_MINUS_TWIN
PS_023,PS_026,PS_019,SP,1438,0.02257340666261213,0.0032891807263444525,-0.019284225936267677,True,ok,CONTROL_MINUS_TWIN
PS_023,PS_030,PS_019,SP,1062,0.0013308045687075165,0.0008944562614403642,-0.0004363483072671523,True,ok,CONTROL_MINUS_TWIN
PS_023,PS_004,PS_021,SP,1642,0.0021646237470230034,0.004143326702565911,0.0019787029555429075,True,ok,CONTROL_MINUS_TWIN
PS_023,PS_017,PS_021,SP,788,0.00900234357319682,0.010615988858521462,0.0016136452853246427,True,ok,CONTROL_MINUS_TWIN
PS_023,PS_020,PS_021,SP,742,0.007794928260512101,0.001774087781249812,-0.006020840479262289,True,ok,CONTROL_MINUS_TWIN
PS_023,PS_022,PS_021,SP,703,0.029704025436821636,0.0020857197557438284,-0.027618305681077808,True,ok,CONTROL_MINUS_TWIN
PS_023,PS_024,PS_021,SP,1184,0.0035619127189882097,0.006405623761668214,0.002843711042680004,True,ok,CONTROL_MINUS_TWIN
PS_023,PS_026,PS_021,SP,1428,0.02227887183316766,0.005153447513139661,-0.017125424320027997,True,ok,CONTROL_MINUS_TWIN
PS_023,PS_030,PS_021,SP,1055,0.0012787118011890058,0.0022312827021648204,0.0009525709009758146,True,ok,CONTROL_MINUS_TWIN
PS_023,PS_004,PS_025,SP,1213,0.0044413021271482445,0.006458627801393543,0.002017325674245299,True,ok,CONTROL_MINUS_TWIN
PS_023,PS_017,PS_025,SP,714,0.007752164557959761,0.0006214970782092363,-0.007130667479750524,True,ok,CONTROL_MINUS_TWIN
PS_023,PS_020,PS_025,SP,605,0.00497810658240376,0.01142714597888797,0.00644903939648421,True,ok,CONTROL_MINUS_TWIN
PS_023,PS_022,PS_025,SP,568,0.021038974432371772,0.011689454135321034,-0.009349520297050738,True,ok,CONTROL_MINUS_TWIN
PS_023,PS_024,PS_025,SP,1078,0.004464429627373444,0.005558974640154403,0.0010945450127809592,True,ok,CONTROL_MINUS_TWIN
PS_023,PS_026,PS_025,SP,1218,0.022247455760550282,0.006300767312516484,-0.015946688448033798,True,ok,CONTROL_MINUS_TWIN
PS_023,PS_030,PS_025,SP,902,0.0003874412107679817,0.00872340901452022,0.008335967803752238,True,ok,CONTROL_MINUS_TWIN
PS_023,PS_004,PS_027,SP,1601,0.0025913730862825723,0.003443539411096548,0.0008521663248139758,True,ok,CONTROL_MINUS_TWIN
PS_023,PS_017,PS_027,SP,778,0.008832374342885994,0.007544052538737932,-0.0012883218041480626,True,ok,CONTROL_MINUS_TWIN
PS_023,PS_020,PS_027,SP,746,0.007879022495262736,0.002736718386126647,-0.005142304109136089,True,ok,CONTROL_MINUS_TWIN
PS_023,PS_022,PS_027,SP,707,0.02996383136305379,0.0030771542093959645,-0.026886677153657827,True,ok,CONTROL_MINUS_TWIN
PS_023,PS_024,PS_027,SP,1185,0.0034292025712951146,0.004903476699264588,0.001474274127969473,True,ok,CONTROL_MINUS_TWIN
PS_023,PS_026,PS_027,SP,1433,0.022574303358607356,0.004072345586527158,-0.018501957772080198,True,ok,CONTROL_MINUS_TWIN
PS_023,PS_030,PS_027,SP,1062,0.0013308045687075165,0.002639833142144131,0.0013090285734366144,True,ok,CONTROL_MINUS_TWIN
PS_023,PS_004,PS_028,SP,1868,0.0018310629441525908,0.022890684525826842,0.02105962158167425,True,ok,CONTROL_MINUS_TWIN
PS_023,PS_017,PS_028,SP,811,0.008997166327624838,0.038086937530513995,0.029089771202889157,True,ok,CONTROL_MINUS_TWIN
PS_023,PS_020,PS_028,SP,746,0.007879022495262736,0.029698252094951066,0.02181922959968833,True,ok,CONTROL_MINUS_TWIN
PS_023,PS_022,PS_028,SP,707,0.02996383136305379,0.031169933381603468,0.0012061020185496762,True,ok,CONTROL_MINUS_TWIN
PS_023,PS_024,PS_028,SP,1199,0.003739935681609359,0.0319690827298679,0.02822914704825854,True,ok,CONTROL_MINUS_TWIN
PS_023,PS_026,PS_028,SP,1443,0.022438301467151388,0.02763998338717865,0.005201681920027262,True,ok,CONTROL_MINUS_TWIN
PS_023,PS_030,PS_028,SP,1062,0.0013308045687075165,0.028871107623207083,0.027540303054499567,True,ok,CONTROL_MINUS_TWIN
PS_023,PS_004,PS_029,SP,1150,0.00679497102675105,0.007200053968355054,0.00040508294160400415,True,ok,CONTROL_MINUS_TWIN
PS_023,PS_017,PS_029,SP,735,0.009009231330034485,0.01781432049677739,0.008805089166742906,True,ok,CONTROL_MINUS_TWIN
PS_023,PS_020,PS_029,SP,715,0.008476787098870557,-0.00035914196175758015,-0.008835929060628137,True,ok,CONTROL_MINUS_TWIN
PS_023,PS_022,PS_029,SP,685,0.03049297665532226,-0.00017446121687034188,-0.0306674378721926,True,ok,CONTROL_MINUS_TWIN
PS_023,PS_024,PS_029,SP,1126,0.0030757564376594493,0.010746127039285965,0.007670370601626515,True,ok,CONTROL_MINUS_TWIN
PS_023,PS_026,PS_029,SP,1209,0.026380335851928095,0.009455713369371233,-0.016924622482556863,True,ok,CONTROL_MINUS_TWIN
PS_023,PS_030,PS_029,SP,973,0.001698040066147856,0.0011932782959367394,-0.0005047617702111165,True,ok,CONTROL_MINUS_TWIN
PS_023,PS_004,PS_031,SP,1326,0.005398285758894922,0.020478424246028706,0.015080138487133785,True,ok,CONTROL_MINUS_TWIN
PS_023,PS_017,PS_031,SP,786,0.008878400273006216,0.03557271069118712,0.026694310418180905,True,ok,CONTROL_MINUS_TWIN
PS_023,PS_020,PS_031,SP,728,0.00790946114087578,0.014715121135520214,0.006805659994644435,True,ok,CONTROL_MINUS_TWIN
PS_023,PS_022,PS_031,SP,690,0.029469788561301852,0.015606563567704446,-0.013863224993597406,True,ok,CONTROL_MINUS_TWIN
PS_023,PS_024,PS_031,SP,1177,0.0034360921511587053,0.024896533353991335,0.02146044120283263,True,ok,CONTROL_MINUS_TWIN
PS_023,PS_026,PS_031,SP,1342,0.02408428612040487,0.02185855812851533,-0.0022257279918895395,True,ok,CONTROL_MINUS_TWIN
PS_023,PS_030,PS_031,SP,1027,0.001386021905589098,0.01597855929230526,0.014592537386716162,True,ok,CONTROL_MINUS_TWIN
PS_023,PS_004,PS_032,SP,1060,0.00659652556128465,0.027628802771579385,0.021032277210294735,True,ok,CONTROL_MINUS_TWIN
PS_023,PS_017,PS_032,SP,593,0.008463156829876757,0.007604536577004425,-0.0008586202528723316,True,ok,CONTROL_MINUS_TWIN
PS_023,PS_020,PS_032,SP,732,0.008203362778433445,0.025660204096071306,0.01745684131763786,True,ok,CONTROL_MINUS_TWIN
PS_023,PS_022,PS_032,SP,700,0.0301821677067077,0.024591919567484934,-0.005590248139222764,True,ok,CONTROL_MINUS_TWIN
PS_023,PS_024,PS_032,SP,987,0.0003215669138191754,0.022098483467495295,0.02177691655367612,True,ok,CONTROL_MINUS_TWIN
PS_023,PS_026,PS_032,SP,1100,0.02650912094132058,0.026819460430567175,0.0003103394892465944,True,ok,CONTROL_MINUS_TWIN
PS_023,PS_030,PS_032,SP,964,0.0015189501428556143,0.026257406595452046,0.02473845645259643,True,ok,CONTROL_MINUS_TWIN
PS_023,PS_004,PS_033,SP,1868,0.0018310629441525908,0.03520985240124191,0.03337878945708932,True,ok,CONTROL_MINUS_TWIN
PS_023,PS_017,PS_033,SP,811,0.008997166327624838,0.05907298045160059,0.05007581412397575,True,ok,CONTROL_MINUS_TWIN
PS_023,PS_020,PS_033,SP,746,0.007879022495262736,0.029945848441427687,0.02206682594616495,True,ok,CONTROL_MINUS_TWIN
PS_023,PS_022,PS_033,SP,707,0.02996383136305379,0.031231017837366384,0.0012671864743125927,True,ok,CONTROL_MINUS_TWIN
PS_023,PS_024,PS_033,SP,1199,0.003739935681609359,0.044128683659530266,0.04038874797792091,True,ok,CONTROL_MINUS_TWIN
PS_023,PS_026,PS_033,SP,1443,0.022438301467151388,0.03800595753532456,0.015567656068173175,True,ok,CONTROL_MINUS_TWIN
PS_023,PS_030,PS_033,SP,1062,0.0013308045687075165,0.03228769949521527,0.03095689492650775,True,ok,CONTROL_MINUS_TWIN
PS_023,PS_004,PS_034,SP,1864,0.0018828513231835264,0.027693322321991953,0.025810470998808427,True,ok,CONTROL_MINUS_TWIN
PS_023,PS_017,PS_034,SP,811,0.008997166327624838,0.04138121668001296,0.03238405035238812,True,ok,CONTROL_MINUS_TWIN
PS_023,PS_020,PS_034,SP,746,0.007879022495262736,0.01752714696425089,0.009648124468988155,True,ok,CONTROL_MINUS_TWIN
PS_023,PS_022,PS_034,SP,707,0.02996383136305379,0.018085846189600616,-0.011877985173453176,True,ok,CONTROL_MINUS_TWIN
PS_023,PS_024,PS_034,SP,1199,0.003739935681609359,0.03161615300964252,0.027876217328033158,True,ok,CONTROL_MINUS_TWIN
PS_023,PS_026,PS_034,SP,1443,0.022438301467151388,0.02839969495503073,0.005961393487879343,True,ok,CONTROL_MINUS_TWIN
PS_023,PS_030,PS_034,SP,1062,0.0013308045687075165,0.021089769914960005,0.01975896534625249,True,ok,CONTROL_MINUS_TWIN
PS_023,PS_004,PS_035,SP,1868,0.0018310629441525908,0.017621347543242703,0.015790284599090113,True,ok,CONTROL_MINUS_TWIN
PS_023,PS_017,PS_035,SP,811,0.008997166327624838,0.029789041371956163,0.020791875044331325,True,ok,CONTROL_MINUS_TWIN
PS_023,PS_020,PS_035,SP,746,0.007879022495262736,0.008520448537680119,0.0006414260424173826,True,ok,CONTROL_MINUS_TWIN
PS_023,PS_022,PS_035,SP,707,0.02996383136305379,0.008813955692638466,-0.021149875670415326,True,ok,CONTROL_MINUS_TWIN
PS_023,PS_024,PS_035,SP,1199,0.003739935681609359,0.020360396616615463,0.016620460935006104,True,ok,CONTROL_MINUS_TWIN
PS_023,PS_026,PS_035,SP,1443,0.022438301467151388,0.01771078440394066,-0.004727517063210729,True,ok,CONTROL_MINUS_TWIN
PS_023,PS_030,PS_035,SP,1062,0.0013308045687075165,0.011849543579212425,0.010518739010504909,True,ok,CONTROL_MINUS_TWIN
PS_023,PS_004,PS_036,SP,1846,0.0018158834469895607,0.015910818637732756,0.014094935190743195,True,ok,CONTROL_MINUS_TWIN
PS_023,PS_017,PS_036,SP,802,0.009012653701151473,0.03205500077623937,0.0230423470750879,True,ok,CONTROL_MINUS_TWIN
PS_023,PS_020,PS_036,SP,746,0.007879022495262736,0.013065672558911067,0.005186650063648331,True,ok,CONTROL_MINUS_TWIN
PS_023,PS_022,PS_036,SP,707,0.02996383136305379,0.013903551391701761,-0.01606027997135203,True,ok,CONTROL_MINUS_TWIN
PS_023,PS_024,PS_036,SP,1193,0.0036133552478350775,0.02231501968432463,0.018701664436489553,True,ok,CONTROL_MINUS_TWIN
PS_023,PS_026,PS_036,SP,1440,0.022499219056552597,0.018672486814433037,-0.00382673224211956,True,ok,CONTROL_MINUS_TWIN
PS_023,PS_030,PS_036,SP,1062,0.0013308045687075165,0.014320977325667596,0.01299017275696008,True,ok,CONTROL_MINUS_TWIN
PS_023,PS_004,PS_038,SP,1868,0.0018310629441525908,0.017536666774047006,0.015705603829894416,True,ok,CONTROL_MINUS_TWIN
PS_023,PS_017,PS_038,SP,811,0.008997166327624838,0.01914650160428627,0.010149335276661432,True,ok,CONTROL_MINUS_TWIN
PS_023,PS_020,PS_038,SP,746,0.007879022495262736,0.013599577774580148,0.005720555279317412,True,ok,CONTROL_MINUS_TWIN
PS_023,PS_022,PS_038,SP,707,0.02996383136305379,0.013506652340138786,-0.016457179022915006,True,ok,CONTROL_MINUS_TWIN
PS_023,PS_024,PS_038,SP,1199,0.003739935681609359,0.01785271817202999,0.014112782490420632,True,ok,CONTROL_MINUS_TWIN
PS_023,PS_026,PS_038,SP,1443,0.022438301467151388,0.01729087372386675,-0.005147427743284638,True,ok,CONTROL_MINUS_TWIN
PS_023,PS_030,PS_038,SP,1062,0.0013308045687075165,0.015283900073542217,0.0139530955048347,True,ok,CONTROL_MINUS_TWIN
PS_023,PS_004,PS_039,SP,1868,0.0018310629441525908,0.0340075729615427,0.03217651001739011,True,ok,CONTROL_MINUS_TWIN
PS_023,PS_017,PS_039,SP,811,0.008997166327624838,0.042170568048009796,0.03317340172038496,True,ok,CONTROL_MINUS_TWIN
PS_023,PS_020,PS_039,SP,746,0.007879022495262736,0.024732035751057407,0.01685301325579467,True,ok,CONTROL_MINUS_TWIN
PS_023,PS_022,PS_039,SP,707,0.02996383136305379,0.024502057741393322,-0.005461773621660469,True,ok,CONTROL_MINUS_TWIN
PS_023,PS_024,PS_039,SP,1199,0.003739935681609359,0.03600042659691173,0.03226049091530237,True,ok,CONTROL_MINUS_TWIN
PS_023,PS_026,PS_039,SP,1443,0.022438301467151388,0.03366045834842122,0.011222156881269832,True,ok,CONTROL_MINUS_TWIN
PS_023,PS_030,PS_039,SP,1062,0.0013308045687075165,0.027440242853725948,0.02610943828501843,True,ok,CONTROL_MINUS_TWIN
PS_023,PS_004,PS_040,SP,1868,0.0018310629441525908,0.029824255588246452,0.02799319264409386,True,ok,CONTROL_MINUS_TWIN
PS_023,PS_017,PS_040,SP,811,0.008997166327624838,0.04641100048561367,0.03741383415798883,True,ok,CONTROL_MINUS_TWIN
PS_023,PS_020,PS_040,SP,746,0.007879022495262736,0.024959628590028624,0.017080606094765888,True,ok,CONTROL_MINUS_TWIN
PS_023,PS_022,PS_040,SP,707,0.02996383136305379,0.025734990436801136,-0.0042288409262526555,True,ok,CONTROL_MINUS_TWIN
PS_023,PS_024,PS_040,SP,1199,0.003739935681609359,0.03752259942277657,0.03378266374116721,True,ok,CONTROL_MINUS_TWIN
PS_023,PS_026,PS_040,SP,1443,0.022438301467151388,0.03349660961633786,0.011058308149186472,True,ok,CONTROL_MINUS_TWIN
PS_023,PS_030,PS_040,SP,1062,0.0013308045687075165,0.02622049177735323,0.024889687208645712,True,ok,CONTROL_MINUS_TWIN
PS_024,PS_004,PS_001,SP,1538,0.00300820409861674,0.028937084015840504,0.025928879917223764,True,ok,CONTROL_MINUS_TWIN
PS_024,PS_017,PS_001,SP,1180,-0.0007395280848679214,0.016232869162985518,0.01697239724785344,True,ok,CONTROL_MINUS_TWIN
PS_024,PS_020,PS_001,SP,1315,0.0076938044095486505,0.029094707790013136,0.021400903380464485,True,ok,CONTROL_MINUS_TWIN
PS_024,PS_022,PS_001,SP,1305,0.037383863552328284,0.02895001856905083,-0.008433844983277455,True,ok,CONTROL_MINUS_TWIN
PS_024,PS_023,PS_001,SP,1666,0.0014919081151138491,0.03470182924996657,0.03320992113485272,True,ok,CONTROL_MINUS_TWIN
PS_024,PS_026,PS_001,SP,1661,0.020763037124616253,0.03517804278101296,0.01441500565639671,True,ok,CONTROL_MINUS_TWIN
PS_024,PS_030,PS_001,SP,1515,0.0030346071599098787,0.033239205881761075,0.030204598721851196,True,ok,CONTROL_MINUS_TWIN
PS_024,PS_004,PS_008,SP,1538,0.00300820409861674,0.024380123557557205,0.021371919458940465,True,ok,CONTROL_MINUS_TWIN
PS_024,PS_017,PS_008,SP,1182,-0.0007169867615543224,0.01311625917213298,0.013833245933687302,True,ok,CONTROL_MINUS_TWIN
PS_024,PS_020,PS_008,SP,1315,0.0076938044095486505,0.02450859421830584,0.01681478980875719,True,ok,CONTROL_MINUS_TWIN
PS_024,PS_022,PS_008,SP,1305,0.037383863552328284,0.024405978620426483,-0.0129778849319018,True,ok,CONTROL_MINUS_TWIN
PS_024,PS_023,PS_008,SP,1669,0.0014925013911807686,0.030088489924213792,0.028595988533033023,True,ok,CONTROL_MINUS_TWIN
PS_024,PS_026,PS_008,SP,1661,0.020763037124616253,0.030601213581400562,0.009838176456784309,True,ok,CONTROL_MINUS_TWIN
PS_024,PS_030,PS_008,SP,1515,0.0030346071599098787,0.028306157321918837,0.02527155016200896,True,ok,CONTROL_MINUS_TWIN
PS_024,PS_004,PS_009,SP,1538,0.00300820409861674,0.03929102757258531,0.03628282347396857,True,ok,CONTROL_MINUS_TWIN
PS_024,PS_017,PS_009,SP,1182,-0.0007169867615543224,0.02504022076509825,0.025757207526652573,True,ok,CONTROL_MINUS_TWIN
PS_024,PS_020,PS_009,SP,1315,0.0076938044095486505,0.03823477212492479,0.030540967715376142,True,ok,CONTROL_MINUS_TWIN
PS_024,PS_022,PS_009,SP,1305,0.037383863552328284,0.03805618074359951,0.0006723171912712267,True,ok,CONTROL_MINUS_TWIN
PS_024,PS_023,PS_009,SP,1669,0.0014925013911807686,0.04763107955383967,0.0461385781626589,True,ok,CONTROL_MINUS_TWIN
PS_024,PS_026,PS_009,SP,1661,0.020763037124616253,0.048303769554466976,0.027540732429850723,True,ok,CONTROL_MINUS_TWIN
PS_024,PS_030,PS_009,SP,1515,0.0030346071599098787,0.04419608582423899,0.041161478664329114,True,ok,CONTROL_MINUS_TWIN
PS_024,PS_004,PS_010,SP,1538,0.00300820409861674,0.09840038804772946,0.09539218394911272,True,ok,CONTROL_MINUS_TWIN
PS_024,PS_017,PS_010,SP,1182,-0.0007169867615543224,0.0778622591578733,0.07857924591942762,True,ok,CONTROL_MINUS_TWIN
PS_024,PS_020,PS_010,SP,1315,0.0076938044095486505,0.09572114481595459,0.08802734040640595,True,ok,CONTROL_MINUS_TWIN
PS_024,PS_022,PS_010,SP,1305,0.037383863552328284,0.09539042150956878,0.058006557957240495,True,ok,CONTROL_MINUS_TWIN
PS_024,PS_023,PS_010,SP,1669,0.0014925013911807686,0.1094738107229295,0.10798130933174874,True,ok,CONTROL_MINUS_TWIN
PS_024,PS_026,PS_010,SP,1661,0.020763037124616253,0.11061033265764855,0.0898472955330323,True,ok,CONTROL_MINUS_TWIN
PS_024,PS_030,PS_010,SP,1515,0.0030346071599098787,0.10458789482633812,0.10155328766642824,True,ok,CONTROL_MINUS_TWIN
PS_024,PS_004,PS_011,SP,1538,0.00300820409861674,0.02406839001166903,0.02106018591305229,True,ok,CONTROL_MINUS_TWIN
PS_024,PS_017,PS_011,SP,1182,-0.0007169867615543224,0.011385177785702985,0.012102164547257308,True,ok,CONTROL_MINUS_TWIN
PS_024,PS_020,PS_011,SP,1315,0.0076938044095486505,0.024623509057805068,0.016929704648256418,True,ok,CONTROL_MINUS_TWIN
PS_024,PS_022,PS_011,SP,1305,0.037383863552328284,0.024428012114633788,-0.012955851437694496,True,ok,CONTROL_MINUS_TWIN
PS_024,PS_023,PS_011,SP,1669,0.0014925013911807686,0.02912974015090273,0.02763723875972196,True,ok,CONTROL_MINUS_TWIN
PS_024,PS_026,PS_011,SP,1661,0.020763037124616253,0.02961258699355792,0.008849549868941667,True,ok,CONTROL_MINUS_TWIN
PS_024,PS_030,PS_011,SP,1515,0.0030346071599098787,0.028731357111444936,0.025696749951535057,True,ok,CONTROL_MINUS_TWIN
PS_024,PS_004,PS_013,SP,1538,0.00300820409861674,0.02307264034686845,0.02006443624825171,True,ok,CONTROL_MINUS_TWIN
PS_024,PS_017,PS_013,SP,1182,-0.0007169867615543224,0.012376566984701881,0.013093553746256203,True,ok,CONTROL_MINUS_TWIN
PS_024,PS_020,PS_013,SP,1315,0.0076938044095486505,0.023110641950636973,0.015416837541088323,True,ok,CONTROL_MINUS_TWIN
PS_024,PS_022,PS_013,SP,1305,0.037383863552328284,0.023002280856076585,-0.014381582696251699,True,ok,CONTROL_MINUS_TWIN
PS_024,PS_023,PS_013,SP,1669,0.0014925013911807686,0.029269828410930405,0.027777327019749637,True,ok,CONTROL_MINUS_TWIN
PS_024,PS_026,PS_013,SP,1661,0.020763037124616253,0.029753631917644192,0.00899059479302794,True,ok,CONTROL_MINUS_TWIN
PS_024,PS_030,PS_013,SP,1515,0.0030346071599098787,0.02723926091990915,0.02420465375999927,True,ok,CONTROL_MINUS_TWIN
PS_024,PS_004,PS_018,SP,1154,0.003124660502758933,0.005741427951230248,0.0026167674484713146,True,ok,CONTROL_MINUS_TWIN
PS_024,PS_017,PS_018,SP,935,3.826136943004682e-05,0.0014813855529743694,0.0014431241835443226,True,ok,CONTROL_MINUS_TWIN
PS_024,PS_020,PS_018,SP,996,0.006834974450530225,0.0070495843786132495,0.00021460992808302465,True,ok,CONTROL_MINUS_TWIN
PS_024,PS_022,PS_018,SP,986,0.03349041048362626,0.007027302970296752,-0.02646310751332951,True,ok,CONTROL_MINUS_TWIN
PS_024,PS_023,PS_018,SP,1263,0.001729008136068709,0.0072275321617691485,0.0054985240257004395,True,ok,CONTROL_MINUS_TWIN
PS_024,PS_026,PS_018,SP,1265,0.019966679296152257,0.007298099131341093,-0.012668580164811163,True,ok,CONTROL_MINUS_TWIN
PS_024,PS_030,PS_018,SP,1170,0.003139063190110064,0.007223218131926855,0.004084154941816791,True,ok,CONTROL_MINUS_TWIN
PS_024,PS_004,PS_019,SP,1534,0.00305980744212829,0.005340280397513414,0.002280472955385124,True,ok,CONTROL_MINUS_TWIN
PS_024,PS_017,PS_019,SP,1182,-0.0007169867615543224,0.0007862925964488079,0.0015032793580031303,True,ok,CONTROL_MINUS_TWIN
PS_024,PS_020,PS_019,SP,1315,0.0076938044095486505,0.006484350247956884,-0.0012094541615917664,True,ok,CONTROL_MINUS_TWIN
PS_024,PS_022,PS_019,SP,1305,0.037383863552328284,0.006453884819350088,-0.030929978732978196,True,ok,CONTROL_MINUS_TWIN
PS_024,PS_023,PS_019,SP,1668,0.0014937137535307177,0.006628953023372512,0.0051352392698417945,True,ok,CONTROL_MINUS_TWIN
PS_024,PS_026,PS_019,SP,1661,0.020763037124616253,0.006760202424005803,-0.01400283470061045,True,ok,CONTROL_MINUS_TWIN
PS_024,PS_030,PS_019,SP,1515,0.0030346071599098787,0.0069945163933153864,0.003959909233405508,True,ok,CONTROL_MINUS_TWIN
PS_024,PS_004,PS_021,SP,1521,0.0030328071618917277,0.004067878122778958,0.00103507096088723,True,ok,CONTROL_MINUS_TWIN
PS_024,PS_017,PS_021,SP,1173,-0.0007633880492240799,0.0004084830375573195,0.0011718710867813995,True,ok,CONTROL_MINUS_TWIN
PS_024,PS_020,PS_021,SP,1312,0.00763017494653162,0.004954821014064914,-0.0026753539324667064,True,ok,CONTROL_MINUS_TWIN
PS_024,PS_022,PS_021,SP,1302,0.037212644616218364,0.004929858636663724,-0.03228278597955464,True,ok,CONTROL_MINUS_TWIN
PS_024,PS_023,PS_021,SP,1655,0.0015096763682150988,0.005454552072758932,0.0039448757045438335,True,ok,CONTROL_MINUS_TWIN
PS_024,PS_026,PS_021,SP,1650,0.020606108264306193,0.0055974592434956255,-0.015008649020810567,True,ok,CONTROL_MINUS_TWIN
PS_024,PS_030,PS_021,SP,1507,0.0030112682323965648,0.005545004168446131,0.0025337359360495665,True,ok,CONTROL_MINUS_TWIN
PS_024,PS_004,PS_025,SP,1167,0.00032031069116113947,0.003294572075939313,0.0029742613847781735,True,ok,CONTROL_MINUS_TWIN
PS_024,PS_017,PS_025,SP,1067,-0.0005931643449025789,0.0025094065194228438,0.0031025708643254227,True,ok,CONTROL_MINUS_TWIN
PS_024,PS_020,PS_025,SP,927,0.0025184423943249434,0.005427198774844863,0.0029087563805199196,True,ok,CONTROL_MINUS_TWIN
PS_024,PS_022,PS_025,SP,915,0.020401703496837058,0.005479412314253175,-0.014922291182583883,True,ok,CONTROL_MINUS_TWIN
PS_024,PS_023,PS_025,SP,1268,-0.00037529372112069664,0.002477398680547603,0.0028526924016682997,True,ok,CONTROL_MINUS_TWIN
PS_024,PS_026,PS_025,SP,1263,0.013811110684128769,0.0024672812939893693,-0.0113438293901394,True,ok,CONTROL_MINUS_TWIN
PS_024,PS_030,PS_025,SP,1114,0.0007492706752934564,0.0037690725680635875,0.003019801892770131,True,ok,CONTROL_MINUS_TWIN
PS_024,PS_004,PS_027,SP,1532,0.0030650738885403678,0.003053369816466457,-1.170407207391061e-05,True,ok,CONTROL_MINUS_TWIN
PS_024,PS_017,PS_027,SP,1178,-0.000720804013262473,-0.0010023863332451408,-0.0002815823199826678,True,ok,CONTROL_MINUS_TWIN
PS_024,PS_020,PS_027,SP,1315,0.0076938044095486505,0.004329031499675874,-0.0033647729098727763,True,ok,CONTROL_MINUS_TWIN
PS_024,PS_022,PS_027,SP,1305,0.037383863552328284,0.004310567042216731,-0.03307329651011155,True,ok,CONTROL_MINUS_TWIN
PS_024,PS_023,PS_027,SP,1663,0.0015249628861448428,0.003969452839287763,0.00244448995314292,True,ok,CONTROL_MINUS_TWIN
PS_024,PS_026,PS_027,SP,1658,0.02079481083185432,0.004132556283173605,-0.016662254548680713,True,ok,CONTROL_MINUS_TWIN
PS_024,PS_030,PS_027,SP,1514,0.003021244629941855,0.004432367914218617,0.001411123284276762,True,ok,CONTROL_MINUS_TWIN
PS_024,PS_004,PS_028,SP,1538,0.00300820409861674,0.02485165751235808,0.02184345341374134,True,ok,CONTROL_MINUS_TWIN
PS_024,PS_017,PS_028,SP,1182,-0.0007169867615543224,0.015636845355416054,0.016353832116970377,True,ok,CONTROL_MINUS_TWIN
PS_024,PS_020,PS_028,SP,1315,0.0076938044095486505,0.027227679339537292,0.01953387492998864,True,ok,CONTROL_MINUS_TWIN
PS_024,PS_022,PS_028,SP,1305,0.037383863552328284,0.027193408553800327,-0.010190454998527956,True,ok,CONTROL_MINUS_TWIN
PS_024,PS_023,PS_028,SP,1669,0.0014925013911807686,0.02626061470019795,0.02476811330901718,True,ok,CONTROL_MINUS_TWIN
PS_024,PS_026,PS_028,SP,1661,0.020763037124616253,0.026753055900305044,0.005990018775688791,True,ok,CONTROL_MINUS_TWIN
PS_024,PS_030,PS_028,SP,1515,0.0030346071599098787,0.02763454204405917,0.024599934884149292,True,ok,CONTROL_MINUS_TWIN
PS_024,PS_004,PS_029,SP,1470,0.0025470579547577227,0.005020364905057195,0.0024733069502994726,True,ok,CONTROL_MINUS_TWIN
PS_024,PS_017,PS_029,SP,1163,-0.0006847771387682514,0.003140023235303352,0.0038248003740716033,True,ok,CONTROL_MINUS_TWIN
PS_024,PS_020,PS_029,SP,1260,0.006481921812617732,0.004099792972721915,-0.002382128839895817,True,ok,CONTROL_MINUS_TWIN
PS_024,PS_022,PS_029,SP,1250,0.033843215389244036,0.004060370058536766,-0.02978284533070727,True,ok,CONTROL_MINUS_TWIN
PS_024,PS_023,PS_029,SP,1588,0.0011102781088629804,0.008111270198258823,0.0070009920893958424,True,ok,CONTROL_MINUS_TWIN
PS_024,PS_026,PS_029,SP,1587,0.01923133099178098,0.008118994009721665,-0.011112336982059316,True,ok,CONTROL_MINUS_TWIN
PS_024,PS_030,PS_029,SP,1448,0.00237919490739652,0.005962251650263754,0.003583056742867234,True,ok,CONTROL_MINUS_TWIN
PS_024,PS_004,PS_031,SP,1374,0.001121401875699743,0.014359973175924863,0.01323857130022512,True,ok,CONTROL_MINUS_TWIN
PS_024,PS_017,PS_031,SP,1173,-0.0007995123065260776,0.009138773815664629,0.009938286122190707,True,ok,CONTROL_MINUS_TWIN
PS_024,PS_020,PS_031,SP,1145,0.004099935978791026,0.01293191398477632,0.008831978005985293,True,ok,CONTROL_MINUS_TWIN
PS_024,PS_022,PS_031,SP,1134,0.026534875644762992,0.012696671112909383,-0.01383820453185361,True,ok,CONTROL_MINUS_TWIN
PS_024,PS_023,PS_031,SP,1485,0.00010299648598618288,0.01775901318223208,0.017656016696245898,True,ok,CONTROL_MINUS_TWIN
PS_024,PS_026,PS_031,SP,1484,0.016312387947685816,0.0178136811199599,0.0015012931722740847,True,ok,CONTROL_MINUS_TWIN
PS_024,PS_030,PS_031,SP,1335,0.0011145270580918964,0.0161131659226149,0.014998638864523003,True,ok,CONTROL_MINUS_TWIN
PS_024,PS_004,PS_032,SP,1471,0.003377552428606087,0.008482193977979058,0.005104641549372971,True,ok,CONTROL_MINUS_TWIN
PS_024,PS_017,PS_032,SP,1123,-0.0005858023283991445,0.006657143310871659,0.007242945639270804,True,ok,CONTROL_MINUS_TWIN
PS_024,PS_020,PS_032,SP,1314,0.007709718601699653,0.008658141389617763,0.0009484227879181101,True,ok,CONTROL_MINUS_TWIN
PS_024,PS_022,PS_032,SP,1304,0.03743223729334108,0.008653953231042719,-0.028778284062298362,True,ok,CONTROL_MINUS_TWIN
PS_024,PS_023,PS_032,SP,1594,0.0018445767500896715,0.009066372664981455,0.0072217959148917835,True,ok,CONTROL_MINUS_TWIN
PS_024,PS_026,PS_032,SP,1596,0.02136446587787847,0.00915353015489561,-0.01221093572298286,True,ok,CONTROL_MINUS_TWIN
PS_024,PS_030,PS_032,SP,1498,0.0030580019198776787,0.00901906610022285,0.005961064180345171,True,ok,CONTROL_MINUS_TWIN
PS_024,PS_004,PS_033,SP,1538,0.00300820409861674,0.037336744951819524,0.034328540853202784,True,ok,CONTROL_MINUS_TWIN
PS_024,PS_017,PS_033,SP,1182,-0.0007169867615543224,0.023491265698209488,0.02420825245976381,True,ok,CONTROL_MINUS_TWIN
PS_024,PS_020,PS_033,SP,1315,0.0076938044095486505,0.03799398381163313,0.03030017940208448,True,ok,CONTROL_MINUS_TWIN
PS_024,PS_022,PS_033,SP,1305,0.037383863552328284,0.03786446594776677,0.00048060239543848415,True,ok,CONTROL_MINUS_TWIN
PS_024,PS_023,PS_033,SP,1669,0.0014925013911807686,0.042251120949190486,0.04075861955800972,True,ok,CONTROL_MINUS_TWIN
PS_024,PS_026,PS_033,SP,1661,0.020763037124616253,0.04290522310921164,0.022142185984595386,True,ok,CONTROL_MINUS_TWIN
PS_024,PS_030,PS_033,SP,1515,0.0030346071599098787,0.04169112278377139,0.03865651562386151,True,ok,CONTROL_MINUS_TWIN
PS_024,PS_004,PS_034,SP,1538,0.00300820409861674,0.0297614582708332,0.02675325417221646,True,ok,CONTROL_MINUS_TWIN
PS_024,PS_017,PS_034,SP,1182,-0.0007169867615543224,0.01670398355605715,0.017420970317611473,True,ok,CONTROL_MINUS_TWIN
PS_024,PS_020,PS_034,SP,1315,0.0076938044095486505,0.0301278041066306,0.02243399969708195,True,ok,CONTROL_MINUS_TWIN
PS_024,PS_022,PS_034,SP,1305,0.037383863552328284,0.029970540636581486,-0.007413322915746798,True,ok,CONTROL_MINUS_TWIN
PS_024,PS_023,PS_034,SP,1669,0.0014925013911807686,0.034722144241716275,0.03322964285053551,True,ok,CONTROL_MINUS_TWIN
PS_024,PS_026,PS_034,SP,1661,0.020763037124616253,0.03523682405129296,0.01447378692667671,True,ok,CONTROL_MINUS_TWIN
PS_024,PS_030,PS_034,SP,1515,0.0030346071599098787,0.03411969551864302,0.031085088358733144,True,ok,CONTROL_MINUS_TWIN
PS_024,PS_004,PS_035,SP,1538,0.00300820409861674,0.022422617185432876,0.019414413086816136,True,ok,CONTROL_MINUS_TWIN
PS_024,PS_017,PS_035,SP,1182,-0.0007169867615543224,0.010781961279048728,0.01149894804060305,True,ok,CONTROL_MINUS_TWIN
PS_024,PS_020,PS_035,SP,1315,0.0076938044095486505,0.023044123187459062,0.015350318777910411,True,ok,CONTROL_MINUS_TWIN
PS_024,PS_022,PS_035,SP,1305,0.037383863552328284,0.022914418132557707,-0.014469445419770577,True,ok,CONTROL_MINUS_TWIN
PS_024,PS_023,PS_035,SP,1669,0.0014925013911807686,0.026176648751594554,0.024684147360413786,True,ok,CONTROL_MINUS_TWIN
PS_024,PS_026,PS_035,SP,1661,0.020763037124616253,0.02649442549882567,0.005731388374209417,True,ok,CONTROL_MINUS_TWIN
PS_024,PS_030,PS_035,SP,1515,0.0030346071599098787,0.02617033983279432,0.023135732672884442,True,ok,CONTROL_MINUS_TWIN
PS_024,PS_004,PS_036,SP,1534,0.0031006709171450125,0.01885958718025276,0.01575891626310775,True,ok,CONTROL_MINUS_TWIN
PS_024,PS_017,PS_036,SP,1178,-0.0006665588616499504,0.00838364169386719,0.00905020055551714,True,ok,CONTROL_MINUS_TWIN
PS_024,PS_020,PS_036,SP,1315,0.0076938044095486505,0.02006406275056681,0.01237025834101816,True,ok,CONTROL_MINUS_TWIN
PS_024,PS_022,PS_036,SP,1305,0.037383863552328284,0.01996412447781762,-0.017419739074510665,True,ok,CONTROL_MINUS_TWIN
PS_024,PS_023,PS_036,SP,1665,0.0015694586646116462,0.022190348630123757,0.02062088996551211,True,ok,CONTROL_MINUS_TWIN
PS_024,PS_026,PS_036,SP,1657,0.0208821785283489,0.022593308284239562,0.0017111297558906613,True,ok,CONTROL_MINUS_TWIN
PS_024,PS_030,PS_036,SP,1515,0.0030346071599098787,0.022217219467537935,0.019182612307628057,True,ok,CONTROL_MINUS_TWIN
PS_024,PS_004,PS_038,SP,1538,0.00300820409861674,0.01972038852994102,0.01671218443132428,True,ok,CONTROL_MINUS_TWIN
PS_024,PS_017,PS_038,SP,1182,-0.0007169867615543224,0.013429270634571028,0.01414625739612535,True,ok,CONTROL_MINUS_TWIN
PS_024,PS_020,PS_038,SP,1315,0.0076938044095486505,0.021294566433105774,0.013600762023557124,True,ok,CONTROL_MINUS_TWIN
PS_024,PS_022,PS_038,SP,1305,0.037383863552328284,0.021335616119634873,-0.01604824743269341,True,ok,CONTROL_MINUS_TWIN
PS_024,PS_023,PS_038,SP,1669,0.0014925013911807686,0.021148185267718465,0.019655683876537697,True,ok,CONTROL_MINUS_TWIN
PS_024,PS_026,PS_038,SP,1661,0.020763037124616253,0.021395684849253326,0.0006326477246370726,True,ok,CONTROL_MINUS_TWIN
PS_024,PS_030,PS_038,SP,1515,0.0030346071599098787,0.021954768940820796,0.018920161780910917,True,ok,CONTROL_MINUS_TWIN
PS_024,PS_004,PS_039,SP,1538,0.00300820409861674,0.03720539548573117,0.03419719138711443,True,ok,CONTROL_MINUS_TWIN
PS_024,PS_017,PS_039,SP,1182,-0.0007169867615543224,0.028474469435236266,0.02919145619679059,True,ok,CONTROL_MINUS_TWIN
PS_024,PS_020,PS_039,SP,1315,0.0076938044095486505,0.038585651126025786,0.030891846716477135,True,ok,CONTROL_MINUS_TWIN
PS_024,PS_022,PS_039,SP,1305,0.037383863552328284,0.03865520543754068,0.0012713418852123987,True,ok,CONTROL_MINUS_TWIN
PS_024,PS_023,PS_039,SP,1669,0.0014925013911807686,0.04138699073045921,0.039894489339278444,True,ok,CONTROL_MINUS_TWIN
PS_024,PS_026,PS_039,SP,1661,0.020763037124616253,0.04171252469847125,0.020949487573854994,True,ok,CONTROL_MINUS_TWIN
PS_024,PS_030,PS_039,SP,1515,0.0030346071599098787,0.041170460864187075,0.038135853704277196,True,ok,CONTROL_MINUS_TWIN
PS_024,PS_004,PS_040,SP,1538,0.00300820409861674,0.03207733080106789,0.029069126702451147,True,ok,CONTROL_MINUS_TWIN
PS_024,PS_017,PS_040,SP,1182,-0.0007169867615543224,0.020420018954410285,0.021137005715964607,True,ok,CONTROL_MINUS_TWIN
PS_024,PS_020,PS_040,SP,1315,0.0076938044095486505,0.032904402168557084,0.025210597759008434,True,ok,CONTROL_MINUS_TWIN
PS_024,PS_022,PS_040,SP,1305,0.037383863552328284,0.03278661700358837,-0.004597246548739914,True,ok,CONTROL_MINUS_TWIN
PS_024,PS_023,PS_040,SP,1669,0.0014925013911807686,0.0371939275469134,0.03570142615573263,True,ok,CONTROL_MINUS_TWIN
PS_024,PS_026,PS_040,SP,1661,0.020763037124616253,0.037752187881470355,0.0169891507568541,True,ok,CONTROL_MINUS_TWIN
PS_024,PS_030,PS_040,SP,1515,0.0030346071599098787,0.03609971135078381,0.03306510419087393,True,ok,CONTROL_MINUS_TWIN
PS_026,PS_004,PS_001,SP,1848,0.0022446365703127497,0.008457035588563866,0.006212399018251116,True,ok,CONTROL_MINUS_TWIN
PS_026,PS_017,PS_001,SP,866,0.012468682306778868,0.0049810528492278475,-0.0074876294575510205,True,ok,CONTROL_MINUS_TWIN
PS_026,PS_020,PS_001,SP,1799,0.0021718717569480864,0.009752139768561673,0.007580268011613586,True,ok,CONTROL_MINUS_TWIN
PS_026,PS_022,PS_001,SP,1783,0.014865162179905883,0.009564514985017827,-0.005300647194888056,True,ok,CONTROL_MINUS_TWIN
PS_026,PS_023,PS_001,SP,1509,0.01811324582910534,0.007276200839618281,-0.010837044989487059,True,ok,CONTROL_MINUS_TWIN
PS_026,PS_024,PS_001,SP,1211,0.024113488553550423,0.006598506369207481,-0.017514982184342942,True,ok,CONTROL_MINUS_TWIN
PS_026,PS_030,PS_001,SP,1963,0.0070028530211014295,0.010084016023299086,0.0030811630021976566,True,ok,CONTROL_MINUS_TWIN
PS_026,PS_004,PS_008,SP,1848,0.0022446365703127497,0.007371120801193939,0.00512648423088119,True,ok,CONTROL_MINUS_TWIN
PS_026,PS_017,PS_008,SP,866,0.012468682306778868,0.0068028850915964195,-0.0056657972151824484,True,ok,CONTROL_MINUS_TWIN
PS_026,PS_020,PS_008,SP,1799,0.0021718717569480864,0.008771554219876333,0.006599682462928247,True,ok,CONTROL_MINUS_TWIN
PS_026,PS_022,PS_008,SP,1783,0.014865162179905883,0.008658330759966235,-0.0062068314199396485,True,ok,CONTROL_MINUS_TWIN
PS_026,PS_023,PS_008,SP,1509,0.01811324582910534,0.007315326991694494,-0.010797918837410846,True,ok,CONTROL_MINUS_TWIN
PS_026,PS_024,PS_008,SP,1211,0.024113488553550423,0.007264256479528927,-0.016849232074021496,True,ok,CONTROL_MINUS_TWIN
PS_026,PS_030,PS_008,SP,1963,0.0070028530211014295,0.008680703842281492,0.001677850821180063,True,ok,CONTROL_MINUS_TWIN
PS_026,PS_004,PS_009,SP,1848,0.0022446365703127497,0.012361481171418068,0.010116844601105318,True,ok,CONTROL_MINUS_TWIN
PS_026,PS_017,PS_009,SP,866,0.012468682306778868,0.0037595253888579663,-0.008709156917920902,True,ok,CONTROL_MINUS_TWIN
PS_026,PS_020,PS_009,SP,1799,0.0021718717569480864,0.014981319135016526,0.01280944737806844,True,ok,CONTROL_MINUS_TWIN
PS_026,PS_022,PS_009,SP,1783,0.014865162179905883,0.014630000016837633,-0.00023516216306825044,True,ok,CONTROL_MINUS_TWIN
PS_026,PS_023,PS_009,SP,1509,0.01811324582910534,0.009625678760844886,-0.008487567068260454,True,ok,CONTROL_MINUS_TWIN
PS_026,PS_024,PS_009,SP,1211,0.024113488553550423,0.007372479248666616,-0.016741009304883807,True,ok,CONTROL_MINUS_TWIN
PS_026,PS_030,PS_009,SP,1963,0.0070028530211014295,0.015572481238010374,0.008569628216908945,True,ok,CONTROL_MINUS_TWIN
PS_026,PS_004,PS_010,SP,1848,0.0022446365703127497,0.04872518597103753,0.04648054940072478,True,ok,CONTROL_MINUS_TWIN
PS_026,PS_017,PS_010,SP,866,0.012468682306778868,0.020078301060899084,0.007609618754120216,True,ok,CONTROL_MINUS_TWIN
PS_026,PS_020,PS_010,SP,1799,0.0021718717569480864,0.052047915957151324,0.04987604420020324,True,ok,CONTROL_MINUS_TWIN
PS_026,PS_022,PS_010,SP,1783,0.014865162179905883,0.051196806887948726,0.03633164470804284,True,ok,CONTROL_MINUS_TWIN
PS_026,PS_023,PS_010,SP,1509,0.01811324582910534,0.03919978836561193,0.02108654253650659,True,ok,CONTROL_MINUS_TWIN
PS_026,PS_024,PS_010,SP,1211,0.024113488553550423,0.0314577960067234,0.00734430745317298,True,ok,CONTROL_MINUS_TWIN
PS_026,PS_030,PS_010,SP,1963,0.0070028530211014295,0.05452675801690006,0.04752390499579863,True,ok,CONTROL_MINUS_TWIN
PS_026,PS_004,PS_011,SP,1848,0.0022446365703127497,0.012941700875131912,0.010697064304819162,True,ok,CONTROL_MINUS_TWIN
PS_026,PS_017,PS_011,SP,866,0.012468682306778868,0.012989202849571523,0.0005205205427926546,True,ok,CONTROL_MINUS_TWIN
PS_026,PS_020,PS_011,SP,1799,0.0021718717569480864,0.014205867664810627,0.01203399590786254,True,ok,CONTROL_MINUS_TWIN
PS_026,PS_022,PS_011,SP,1783,0.014865162179905883,0.014127842550945596,-0.0007373196289602868,True,ok,CONTROL_MINUS_TWIN
PS_026,PS_023,PS_011,SP,1509,0.01811324582910534,0.012885649045938127,-0.005227596783167213,True,ok,CONTROL_MINUS_TWIN
PS_026,PS_024,PS_011,SP,1211,0.024113488553550423,0.012733033694152802,-0.01138045485939762,True,ok,CONTROL_MINUS_TWIN
PS_026,PS_030,PS_011,SP,1963,0.0070028530211014295,0.014354683720593994,0.007351830699492565,True,ok,CONTROL_MINUS_TWIN
PS_026,PS_004,PS_013,SP,1848,0.0022446365703127497,0.012169426941662231,0.009924790371349482,True,ok,CONTROL_MINUS_TWIN
PS_026,PS_017,PS_013,SP,866,0.012468682306778868,0.014528456152231174,0.0020597738454523062,True,ok,CONTROL_MINUS_TWIN
PS_026,PS_020,PS_013,SP,1799,0.0021718717569480864,0.013958793899540085,0.011786922142591999,True,ok,CONTROL_MINUS_TWIN
PS_026,PS_022,PS_013,SP,1783,0.014865162179905883,0.013931716842229921,-0.0009334453376759616,True,ok,CONTROL_MINUS_TWIN
PS_026,PS_023,PS_013,SP,1509,0.01811324582910534,0.01333041495593909,-0.0047828308731662494,True,ok,CONTROL_MINUS_TWIN
PS_026,PS_024,PS_013,SP,1211,0.024113488553550423,0.01405799236109826,-0.010055496192452162,True,ok,CONTROL_MINUS_TWIN
PS_026,PS_030,PS_013,SP,1963,0.0070028530211014295,0.013498212009376273,0.006495358988274844,True,ok,CONTROL_MINUS_TWIN
PS_026,PS_004,PS_018,SP,768,0.00933783829339957,0.009463604687762806,0.0001257663943632359,True,ok,CONTROL_MINUS_TWIN
PS_026,PS_017,PS_018,SP,579,0.01564429868845671,0.011186279118154445,-0.004458019570302264,True,ok,CONTROL_MINUS_TWIN
PS_026,PS_020,PS_018,SP,760,0.007490028809447664,0.00781001075740112,0.00031998194795345575,True,ok,CONTROL_MINUS_TWIN
PS_026,PS_022,PS_018,SP,763,0.006342098396978441,0.007925214509752379,0.0015831161127739385,True,ok,CONTROL_MINUS_TWIN
PS_026,PS_023,PS_018,SP,801,0.023741311625856083,0.009192370322628138,-0.014548941303227945,True,ok,CONTROL_MINUS_TWIN
PS_026,PS_024,PS_018,SP,770,0.02702621054758824,0.00973467714794831,-0.01729153339963993,True,ok,CONTROL_MINUS_TWIN
PS_026,PS_030,PS_018,SP,793,0.017197884837047844,0.008730491538273252,-0.008467393298774592,True,ok,CONTROL_MINUS_TWIN
PS_026,PS_004,PS_019,SP,1765,0.00297905983887322,0.011904594887524579,0.008925535048651359,True,ok,CONTROL_MINUS_TWIN
PS_026,PS_017,PS_019,SP,866,0.012468682306778868,0.020999097076188036,0.008530414769409168,True,ok,CONTROL_MINUS_TWIN
PS_026,PS_020,PS_019,SP,1757,0.002527945250901109,0.011334425023934953,0.008806479773033844,True,ok,CONTROL_MINUS_TWIN
PS_026,PS_022,PS_019,SP,1750,0.01424676365047587,0.011651310473484049,-0.0025954531769918215,True,ok,CONTROL_MINUS_TWIN
PS_026,PS_023,PS_019,SP,1509,0.01811324582910534,0.015394112337850652,-0.0027191334912546883,True,ok,CONTROL_MINUS_TWIN
PS_026,PS_024,PS_019,SP,1211,0.024113488553550423,0.018050280363739617,-0.0060632081898108064,True,ok,CONTROL_MINUS_TWIN
PS_026,PS_030,PS_019,SP,1877,0.007873735370359083,0.010846472767756271,0.0029727373973971877,True,ok,CONTROL_MINUS_TWIN
PS_026,PS_004,PS_021,SP,1834,0.0023146188056815814,0.008498840348072675,0.006184221542391094,True,ok,CONTROL_MINUS_TWIN
PS_026,PS_017,PS_021,SP,863,0.012444612024742396,0.018252133872584578,0.005807521847842181,True,ok,CONTROL_MINUS_TWIN
PS_026,PS_020,PS_021,SP,1794,0.0022064689458031195,0.008745614741940397,0.006539145796137277,True,ok,CONTROL_MINUS_TWIN
PS_026,PS_022,PS_021,SP,1777,0.014839276951986065,0.00916013138020396,-0.005679145571782104,True,ok,CONTROL_MINUS_TWIN
PS_026,PS_023,PS_021,SP,1502,0.018054775268541164,0.013062732258816871,-0.004992043009724292,True,ok,CONTROL_MINUS_TWIN
PS_026,PS_024,PS_021,SP,1207,0.024024366446674272,0.015664661712482632,-0.00835970473419164,True,ok,CONTROL_MINUS_TWIN
PS_026,PS_030,PS_021,SP,1951,0.00705890549566035,0.007782433646422768,0.0007235281507624175,True,ok,CONTROL_MINUS_TWIN
PS_026,PS_004,PS_025,SP,807,0.00902146753226686,0.029721629310849734,0.020700161778582873,True,ok,CONTROL_MINUS_TWIN
PS_026,PS_017,PS_025,SP,686,0.013805365825767447,0.028221735374603575,0.014416369548836128,True,ok,CONTROL_MINUS_TWIN
PS_026,PS_020,PS_025,SP,771,0.008153940505860373,0.028162265737616987,0.020008325231756614,True,ok,CONTROL_MINUS_TWIN
PS_026,PS_022,PS_025,SP,773,0.0034558599847495514,0.028237903031569984,0.024782043046820433,True,ok,CONTROL_MINUS_TWIN
PS_026,PS_023,PS_025,SP,814,0.023009177783920386,0.02964399519641714,0.006634817412496753,True,ok,CONTROL_MINUS_TWIN
PS_026,PS_024,PS_025,SP,813,0.024812368271948472,0.029751819689661577,0.004939451417713105,True,ok,CONTROL_MINUS_TWIN
PS_026,PS_030,PS_025,SP,805,0.01731948201618208,0.02926385807362447,0.01194437605744239,True,ok,CONTROL_MINUS_TWIN
PS_026,PS_004,PS_027,SP,1846,0.002240767239466715,0.006346532511573674,0.004105765272106959,True,ok,CONTROL_MINUS_TWIN
PS_026,PS_017,PS_027,SP,866,0.012468682306778868,0.016046529711486374,0.0035778474047075057,True,ok,CONTROL_MINUS_TWIN
PS_026,PS_020,PS_027,SP,1798,0.002187205465753378,0.006812533083466299,0.004625327617712921,True,ok,CONTROL_MINUS_TWIN
PS_026,PS_022,PS_027,SP,1782,0.014821934569454721,0.007188452190723095,-0.007633482378731626,True,ok,CONTROL_MINUS_TWIN
PS_026,PS_023,PS_027,SP,1509,0.01811324582910534,0.011025633136888813,-0.007087612692216527,True,ok,CONTROL_MINUS_TWIN
PS_026,PS_024,PS_027,SP,1211,0.024113488553550423,0.013747751866101679,-0.010365736687448744,True,ok,CONTROL_MINUS_TWIN
PS_026,PS_030,PS_027,SP,1960,0.007040177679148163,0.005868387649622636,-0.0011717900295255268,True,ok,CONTROL_MINUS_TWIN
PS_026,PS_004,PS_028,SP,1848,0.0022446365703127497,-0.00041787050536509773,-0.0026625070756778474,True,ok,CONTROL_MINUS_TWIN
PS_026,PS_017,PS_028,SP,866,0.012468682306778868,-0.00032545248958643774,-0.012794134796365306,True,ok,CONTROL_MINUS_TWIN
PS_026,PS_020,PS_028,SP,1799,0.0021718717569480864,-0.00036250333891821307,-0.0025343750958662994,True,ok,CONTROL_MINUS_TWIN
PS_026,PS_022,PS_028,SP,1783,0.014865162179905883,-0.00034323709387600043,-0.015208399273781883,True,ok,CONTROL_MINUS_TWIN
PS_026,PS_023,PS_028,SP,1509,0.01811324582910534,-0.00046300149770926724,-0.018576247326814607,True,ok,CONTROL_MINUS_TWIN
PS_026,PS_024,PS_028,SP,1211,0.024113488553550423,-0.00042242255662541806,-0.02453591111017584,True,ok,CONTROL_MINUS_TWIN
PS_026,PS_030,PS_028,SP,1963,0.0070028530211014295,-0.00042196793282010814,-0.007424820953921538,True,ok,CONTROL_MINUS_TWIN
PS_026,PS_004,PS_029,SP,1320,0.006847747196520905,0.016195434277211117,0.009347687080690212,True,ok,CONTROL_MINUS_TWIN
PS_026,PS_017,PS_029,SP,865,0.012446924257594548,0.018585027611239306,0.006138103353644758,True,ok,CONTROL_MINUS_TWIN
PS_026,PS_020,PS_029,SP,1312,0.00537572306752656,0.014847559937187643,0.009471836869661084,True,ok,CONTROL_MINUS_TWIN
PS_026,PS_022,PS_029,SP,1315,0.005417285182294597,0.014978927434067951,0.009561642251773354,True,ok,CONTROL_MINUS_TWIN
PS_026,PS_023,PS_029,SP,1316,0.019420141629012733,0.0158396541826282,-0.0035804874463845338,True,ok,CONTROL_MINUS_TWIN
PS_026,PS_024,PS_029,SP,1175,0.024375352554167215,0.017382474383356564,-0.006992878170810651,True,ok,CONTROL_MINUS_TWIN
PS_026,PS_030,PS_029,SP,1349,0.0134076046306967,0.015569914743718612,0.002162310113021912,True,ok,CONTROL_MINUS_TWIN
PS_026,PS_004,PS_031,SP,1103,0.008319220943421635,0.005560417522512094,-0.0027588034209095405,True,ok,CONTROL_MINUS_TWIN
PS_026,PS_017,PS_031,SP,861,0.01253697275830061,0.005861471930035701,-0.006675500828264909,True,ok,CONTROL_MINUS_TWIN
PS_026,PS_020,PS_031,SP,1081,0.007079021479752395,0.005184417001436424,-0.0018946044783159713,True,ok,CONTROL_MINUS_TWIN
PS_026,PS_022,PS_031,SP,1083,0.003112175092122395,0.005227090240072778,0.002114915147950383,True,ok,CONTROL_MINUS_TWIN
PS_026,PS_023,PS_031,SP,1107,0.021832316934612565,0.005334676380872309,-0.016497640553740256,True,ok,CONTROL_MINUS_TWIN
PS_026,PS_024,PS_031,SP,1083,0.024765394118911495,0.005595032390612646,-0.01917036172829885,True,ok,CONTROL_MINUS_TWIN
PS_026,PS_030,PS_031,SP,1114,0.015850074067720814,0.005492303641623918,-0.010357770426096896,True,ok,CONTROL_MINUS_TWIN
PS_026,PS_004,PS_032,SP,1721,0.0038812404077256807,0.019925894082130205,0.016044653674404524,True,ok,CONTROL_MINUS_TWIN
PS_026,PS_017,PS_032,SP,865,0.012406092903133957,0.03059505566504061,0.018188962761906652,True,ok,CONTROL_MINUS_TWIN
PS_026,PS_020,PS_032,SP,1753,0.0028902393701693355,0.018201842113217757,0.015311602743048422,True,ok,CONTROL_MINUS_TWIN
PS_026,PS_022,PS_032,SP,1746,0.013940677697472051,0.0184388564548104,0.00449817875733835,True,ok,CONTROL_MINUS_TWIN
PS_026,PS_023,PS_032,SP,1502,0.018101885181172152,0.024237611995505816,0.006135726814333664,True,ok,CONTROL_MINUS_TWIN
PS_026,PS_024,PS_032,SP,1210,0.02408492781743435,0.028953960752276728,0.004869032934842379,True,ok,CONTROL_MINUS_TWIN
PS_026,PS_030,PS_032,SP,1837,0.00871066314652727,0.018410642329503707,0.009699979182976437,True,ok,CONTROL_MINUS_TWIN
PS_026,PS_004,PS_033,SP,1848,0.0022446365703127497,0.008789381641526345,0.006544745071213595,True,ok,CONTROL_MINUS_TWIN
PS_026,PS_017,PS_033,SP,866,0.012468682306778868,0.0015618666574500062,-0.010906815649328862,True,ok,CONTROL_MINUS_TWIN
PS_026,PS_020,PS_033,SP,1799,0.0021718717569480864,0.009660202918539508,0.007488331161591422,True,ok,CONTROL_MINUS_TWIN
PS_026,PS_022,PS_033,SP,1783,0.014865162179905883,0.009416367050516142,-0.005448795129389741,True,ok,CONTROL_MINUS_TWIN
PS_026,PS_023,PS_033,SP,1509,0.01811324582910534,0.0059746748293447935,-0.012138570999760546,True,ok,CONTROL_MINUS_TWIN
PS_026,PS_024,PS_033,SP,1211,0.024113488553550423,0.004421739475170133,-0.01969174907838029,True,ok,CONTROL_MINUS_TWIN
PS_026,PS_030,PS_033,SP,1963,0.0070028530211014295,0.010475070302487607,0.003472217281386178,True,ok,CONTROL_MINUS_TWIN
PS_026,PS_004,PS_034,SP,1848,0.0022446365703127497,0.01676408214439412,0.014519445574081372,True,ok,CONTROL_MINUS_TWIN
PS_026,PS_017,PS_034,SP,866,0.012468682306778868,0.01711094816888658,0.004642265862107711,True,ok,CONTROL_MINUS_TWIN
PS_026,PS_020,PS_034,SP,1799,0.0021718717569480864,0.017751136331527882,0.015579264574579796,True,ok,CONTROL_MINUS_TWIN
PS_026,PS_022,PS_034,SP,1783,0.014865162179905883,0.01769163086721416,0.0028264686873082784,True,ok,CONTROL_MINUS_TWIN
PS_026,PS_023,PS_034,SP,1509,0.01811324582910534,0.016794564949364196,-0.0013186808797411437,True,ok,CONTROL_MINUS_TWIN
PS_026,PS_024,PS_034,SP,1211,0.024113488553550423,0.017999149534661467,-0.006114339018888956,True,ok,CONTROL_MINUS_TWIN
PS_026,PS_030,PS_034,SP,1963,0.0070028530211014295,0.01775177168045887,0.01074891865935744,True,ok,CONTROL_MINUS_TWIN
PS_026,PS_004,PS_035,SP,1848,0.0022446365703127497,0.014082760796001029,0.011838124225688279,True,ok,CONTROL_MINUS_TWIN
PS_026,PS_017,PS_035,SP,866,0.012468682306778868,0.01804440635592887,0.005575724049150001,True,ok,CONTROL_MINUS_TWIN
PS_026,PS_020,PS_035,SP,1799,0.0021718717569480864,0.014484907748273969,0.012313035991325882,True,ok,CONTROL_MINUS_TWIN
PS_026,PS_022,PS_035,SP,1783,0.014865162179905883,0.014580811684597642,-0.0002843504953082415,True,ok,CONTROL_MINUS_TWIN
PS_026,PS_023,PS_035,SP,1509,0.01811324582910534,0.015228380130595243,-0.0028848656985100973,True,ok,CONTROL_MINUS_TWIN
PS_026,PS_024,PS_035,SP,1211,0.024113488553550423,0.016837105581656277,-0.007276382971894146,True,ok,CONTROL_MINUS_TWIN
PS_026,PS_030,PS_035,SP,1963,0.0070028530211014295,0.01424195634313108,0.00723910332202965,True,ok,CONTROL_MINUS_TWIN
PS_026,PS_004,PS_036,SP,1848,0.0022446365703127497,0.005081029229603337,0.0028363926592905875,True,ok,CONTROL_MINUS_TWIN
PS_026,PS_017,PS_036,SP,866,0.012468682306778868,0.008274481955499034,-0.004194200351279834,True,ok,CONTROL_MINUS_TWIN
PS_026,PS_020,PS_036,SP,1799,0.0021718717569480864,0.0055526416649771745,0.003380769908029088,True,ok,CONTROL_MINUS_TWIN
PS_026,PS_022,PS_036,SP,1783,0.014865162179905883,0.005544538071182853,-0.00932062410872303,True,ok,CONTROL_MINUS_TWIN
PS_026,PS_023,PS_036,SP,1509,0.01811324582910534,0.0060094774864201395,-0.0121037683426852,True,ok,CONTROL_MINUS_TWIN
PS_026,PS_024,PS_036,SP,1211,0.024113488553550423,0.007334131705448901,-0.016779356848101522,True,ok,CONTROL_MINUS_TWIN
PS_026,PS_030,PS_036,SP,1963,0.0070028530211014295,0.005216815548707732,-0.0017860374723936978,True,ok,CONTROL_MINUS_TWIN
PS_026,PS_004,PS_038,SP,1848,0.0022446365703127497,0.023084469518270298,0.02083983294795755,True,ok,CONTROL_MINUS_TWIN
PS_026,PS_017,PS_038,SP,866,0.012468682306778868,0.03616580473610528,0.02369712242932641,True,ok,CONTROL_MINUS_TWIN
PS_026,PS_020,PS_038,SP,1799,0.0021718717569480864,0.022247741788148263,0.020075870031200177,True,ok,CONTROL_MINUS_TWIN
PS_026,PS_022,PS_038,SP,1783,0.014865162179905883,0.022719110639287998,0.007853948459382115,True,ok,CONTROL_MINUS_TWIN
PS_026,PS_023,PS_038,SP,1509,0.01811324582910534,0.028188355168656712,0.010075109339551372,True,ok,CONTROL_MINUS_TWIN
PS_026,PS_024,PS_038,SP,1211,0.024113488553550423,0.03178533311085214,0.007671844557301716,True,ok,CONTROL_MINUS_TWIN
PS_026,PS_030,PS_038,SP,1963,0.0070028530211014295,0.021325209077895035,0.014322356056793606,True,ok,CONTROL_MINUS_TWIN
PS_026,PS_004,PS_039,SP,1848,0.0022446365703127497,0.034341073767903935,0.032096437197591185,True,ok,CONTROL_MINUS_TWIN
PS_026,PS_017,PS_039,SP,866,0.012468682306778868,0.04869424964107489,0.03622556733429602,True,ok,CONTROL_MINUS_TWIN
PS_026,PS_020,PS_039,SP,1799,0.0021718717569480864,0.03523073573003185,0.03305886397308376,True,ok,CONTROL_MINUS_TWIN
PS_026,PS_022,PS_039,SP,1783,0.014865162179905883,0.03556801327169408,0.020702851091788196,True,ok,CONTROL_MINUS_TWIN
PS_026,PS_023,PS_039,SP,1509,0.01811324582910534,0.03876379249872247,0.02065054666961713,True,ok,CONTROL_MINUS_TWIN
PS_026,PS_024,PS_039,SP,1211,0.024113488553550423,0.043091212479512565,0.018977723925962142,True,ok,CONTROL_MINUS_TWIN
PS_026,PS_030,PS_039,SP,1963,0.0070028530211014295,0.034112415495968176,0.027109562474866747,True,ok,CONTROL_MINUS_TWIN
PS_026,PS_004,PS_040,SP,1848,0.0022446365703127497,0.01779479674510076,0.01555016017478801,True,ok,CONTROL_MINUS_TWIN
PS_026,PS_017,PS_040,SP,866,0.012468682306778868,0.020895609539982415,0.008426927233203547,True,ok,CONTROL_MINUS_TWIN
PS_026,PS_020,PS_040,SP,1799,0.0021718717569480864,0.019093972201364502,0.016922100444416416,True,ok,CONTROL_MINUS_TWIN
PS_026,PS_022,PS_040,SP,1783,0.014865162179905883,0.01897531534795352,0.004110153168047637,True,ok,CONTROL_MINUS_TWIN
PS_026,PS_023,PS_040,SP,1509,0.01811324582910534,0.01836752339081331,0.000254277561707969,True,ok,CONTROL_MINUS_TWIN
PS_026,PS_024,PS_040,SP,1211,0.024113488553550423,0.020527251315751026,-0.0035862372377993973,True,ok,CONTROL_MINUS_TWIN
PS_026,PS_030,PS_040,SP,1963,0.0070028530211014295,0.01883919546073147,0.01183634243963004,True,ok,CONTROL_MINUS_TWIN
PS_030,PS_004,PS_001,SP,1540,-0.000585738378919419,0.030056342817850447,0.030642081196769866,True,ok,CONTROL_MINUS_TWIN
PS_030,PS_017,PS_001,SP,760,-0.0008179884396453951,0.00946475210047664,0.010282740540122036,True,ok,CONTROL_MINUS_TWIN
PS_030,PS_020,PS_001,SP,1416,0.004467503724321177,0.03296016376644938,0.0284926600421282,True,ok,CONTROL_MINUS_TWIN
PS_030,PS_022,PS_001,SP,1390,0.04807079665236241,0.03230471123908071,-0.0157660854132817,True,ok,CONTROL_MINUS_TWIN
PS_030,PS_023,PS_001,SP,1348,0.002289519671593479,0.02443138503813279,0.02214186536653931,True,ok,CONTROL_MINUS_TWIN
PS_030,PS_024,PS_001,SP,1023,0.002709583512553272,0.015240077697209135,0.012530494184655863,True,ok,CONTROL_MINUS_TWIN
PS_030,PS_026,PS_001,SP,1464,0.01599353854461384,0.031096469581722755,0.015102931037108913,True,ok,CONTROL_MINUS_TWIN
PS_030,PS_004,PS_008,SP,1540,-0.000585738378919419,0.025562755587792203,0.026148493966711622,True,ok,CONTROL_MINUS_TWIN
PS_030,PS_017,PS_008,SP,760,-0.0008179884396453951,0.00708159533498063,0.007899583774626025,True,ok,CONTROL_MINUS_TWIN
PS_030,PS_020,PS_008,SP,1416,0.004467503724321177,0.028901042547147857,0.02443353882282668,True,ok,CONTROL_MINUS_TWIN
PS_030,PS_022,PS_008,SP,1390,0.04807079665236241,0.028381656134293207,-0.019689140518069206,True,ok,CONTROL_MINUS_TWIN
PS_030,PS_023,PS_008,SP,1348,0.002289519671593479,0.020761232555128586,0.018471712883535107,True,ok,CONTROL_MINUS_TWIN
PS_030,PS_024,PS_008,SP,1023,0.002709583512553272,0.012441059016231222,0.00973147550367795,True,ok,CONTROL_MINUS_TWIN
PS_030,PS_026,PS_008,SP,1464,0.01599353854461384,0.027119607216325656,0.011126068671711814,True,ok,CONTROL_MINUS_TWIN
PS_030,PS_004,PS_009,SP,1540,-0.000585738378919419,0.04201829149409104,0.04260402987301046,True,ok,CONTROL_MINUS_TWIN
PS_030,PS_017,PS_009,SP,760,-0.0008179884396453951,0.014930909049631999,0.015748897489277394,True,ok,CONTROL_MINUS_TWIN
PS_030,PS_020,PS_009,SP,1416,0.004467503724321177,0.046357326439552024,0.04188982271523085,True,ok,CONTROL_MINUS_TWIN
PS_030,PS_022,PS_009,SP,1390,0.04807079665236241,0.04548000091072418,-0.00259079574163823,True,ok,CONTROL_MINUS_TWIN
PS_030,PS_023,PS_009,SP,1348,0.002289519671593479,0.03564058153178741,0.03335106186019393,True,ok,CONTROL_MINUS_TWIN
PS_030,PS_024,PS_009,SP,1023,0.002709583512553272,0.02357543256895564,0.020865849056402368,True,ok,CONTROL_MINUS_TWIN
PS_030,PS_026,PS_009,SP,1464,0.01599353854461384,0.04440837173207081,0.028414833187456967,True,ok,CONTROL_MINUS_TWIN
PS_030,PS_004,PS_010,SP,1540,-0.000585738378919419,0.10434061215129212,0.10492635053021154,True,ok,CONTROL_MINUS_TWIN
PS_030,PS_017,PS_010,SP,760,-0.0008179884396453951,0.06122382996799753,0.062041818407642925,True,ok,CONTROL_MINUS_TWIN
PS_030,PS_020,PS_010,SP,1416,0.004467503724321177,0.10825272715900407,0.10378522343468288,True,ok,CONTROL_MINUS_TWIN
PS_030,PS_022,PS_010,SP,1390,0.04807079665236241,0.10657410639020884,0.058503309737846426,True,ok,CONTROL_MINUS_TWIN
PS_030,PS_023,PS_010,SP,1348,0.002289519671593479,0.09371999686937521,0.09143047719778173,True,ok,CONTROL_MINUS_TWIN
PS_030,PS_024,PS_010,SP,1023,0.002709583512553272,0.07559127762440745,0.07288169411185419,True,ok,CONTROL_MINUS_TWIN
PS_030,PS_026,PS_010,SP,1464,0.01599353854461384,0.105908514013921,0.08991497546930716,True,ok,CONTROL_MINUS_TWIN
PS_030,PS_004,PS_011,SP,1540,-0.000585738378919419,0.02639511237545856,0.026980850754377977,True,ok,CONTROL_MINUS_TWIN
PS_030,PS_017,PS_011,SP,760,-0.0008179884396453951,0.007813255385380947,0.008631243825026343,True,ok,CONTROL_MINUS_TWIN
PS_030,PS_020,PS_011,SP,1416,0.004467503724321177,0.029710217192286864,0.025242713467965687,True,ok,CONTROL_MINUS_TWIN
PS_030,PS_022,PS_011,SP,1390,0.04807079665236241,0.02906485802753743,-0.019005938624824983,True,ok,CONTROL_MINUS_TWIN
PS_030,PS_023,PS_011,SP,1348,0.002289519671593479,0.020753999531505266,0.018464479859911787,True,ok,CONTROL_MINUS_TWIN
PS_030,PS_024,PS_011,SP,1023,0.002709583512553272,0.012912315825977107,0.010202732313423835,True,ok,CONTROL_MINUS_TWIN
PS_030,PS_026,PS_011,SP,1464,0.01599353854461384,0.027265296444049597,0.011271757899435755,True,ok,CONTROL_MINUS_TWIN
PS_030,PS_004,PS_013,SP,1540,-0.000585738378919419,0.025937606663857853,0.02652334504277727,True,ok,CONTROL_MINUS_TWIN
PS_030,PS_017,PS_013,SP,760,-0.0008179884396453951,0.008200220114367718,0.009018208554013113,True,ok,CONTROL_MINUS_TWIN
PS_030,PS_020,PS_013,SP,1416,0.004467503724321177,0.030094520704275,0.025627016979953822,True,ok,CONTROL_MINUS_TWIN
PS_030,PS_022,PS_013,SP,1390,0.04807079665236241,0.029582970395259547,-0.018487826257102866,True,ok,CONTROL_MINUS_TWIN
PS_030,PS_023,PS_013,SP,1348,0.002289519671593479,0.021605542164399666,0.019316022492806187,True,ok,CONTROL_MINUS_TWIN
PS_030,PS_024,PS_013,SP,1023,0.002709583512553272,0.014001176485641732,0.01129159297308846,True,ok,CONTROL_MINUS_TWIN
PS_030,PS_026,PS_013,SP,1464,0.01599353854461384,0.02814870419716925,0.012155165652555408,True,ok,CONTROL_MINUS_TWIN
PS_030,PS_004,PS_018,SP,740,-0.002197426602933032,-0.0003526340141755055,0.0018447925887575267,True,ok,CONTROL_MINUS_TWIN
PS_030,PS_017,PS_018,SP,578,-0.0004707637065993475,-0.0005074905737944557,-3.6726867195108204e-05,True,ok,CONTROL_MINUS_TWIN
PS_030,PS_020,PS_018,SP,684,-0.0003594016217042459,0.0010795884404693826,0.0014389900621736285,True,ok,CONTROL_MINUS_TWIN
PS_030,PS_022,PS_018,SP,678,0.02104150025756988,0.001230325976166749,-0.01981117428140313,True,ok,CONTROL_MINUS_TWIN
PS_030,PS_023,PS_018,SP,797,0.0015856743594647449,0.0009095423028347913,-0.0006761320566299536,True,ok,CONTROL_MINUS_TWIN
PS_030,PS_024,PS_018,SP,754,0.0017340138887068368,-2.0907803620608123e-05,-0.001754921692327445,True,ok,CONTROL_MINUS_TWIN
PS_030,PS_026,PS_018,SP,798,0.010583542662151828,0.0010037948484265535,-0.009579747813725274,True,ok,CONTROL_MINUS_TWIN
PS_030,PS_004,PS_019,SP,1463,-0.0008629434412103509,0.0062322562117548205,0.0070951996529651715,True,ok,CONTROL_MINUS_TWIN
PS_030,PS_017,PS_019,SP,760,-0.0008179884396453951,0.0027457971051012414,0.0035637855447466366,True,ok,CONTROL_MINUS_TWIN
PS_030,PS_020,PS_019,SP,1385,0.004089671349544612,0.0066787096151640635,0.002589038265619452,True,ok,CONTROL_MINUS_TWIN
PS_030,PS_022,PS_019,SP,1364,0.04669976211139347,0.00659285998538655,-0.04010690212600692,True,ok,CONTROL_MINUS_TWIN
PS_030,PS_023,PS_019,SP,1348,0.002289519671593479,0.0052601782530619715,0.0029706585814684924,True,ok,CONTROL_MINUS_TWIN
PS_030,PS_024,PS_019,SP,1023,0.002709583512553272,0.00344946148326479,0.000739877970711518,True,ok,CONTROL_MINUS_TWIN
PS_030,PS_026,PS_019,SP,1460,0.015870439487958125,0.0061749157029894405,-0.009695523784968685,True,ok,CONTROL_MINUS_TWIN
PS_030,PS_004,PS_021,SP,1513,-0.0006556294262253098,0.0028978159400198378,0.0035534453662451476,True,ok,CONTROL_MINUS_TWIN
PS_030,PS_017,PS_021,SP,758,-0.0007943454559758839,0.001614151879415722,0.002408497335391606,True,ok,CONTROL_MINUS_TWIN
PS_030,PS_020,PS_021,SP,1408,0.004490739808249357,0.0031488735107520344,-0.0013418662974973225,True,ok,CONTROL_MINUS_TWIN
PS_030,PS_022,PS_021,SP,1383,0.047856215825846586,0.0030975487986810712,-0.044758667027165515,True,ok,CONTROL_MINUS_TWIN
PS_030,PS_023,PS_021,SP,1340,0.0022520244738352194,0.0027417696906014075,0.0004897452167661881,True,ok,CONTROL_MINUS_TWIN
PS_030,PS_024,PS_021,SP,1022,0.0027095666510907335,0.00210945493251969,-0.0006001117185710433,True,ok,CONTROL_MINUS_TWIN
PS_030,PS_026,PS_021,SP,1460,0.015874878414143437,0.0031356117286906876,-0.01273926668545275,True,ok,CONTROL_MINUS_TWIN
PS_030,PS_004,PS_025,SP,760,-0.0023134491964682258,0.007239071919025189,0.009552521115493415,True,ok,CONTROL_MINUS_TWIN
PS_030,PS_017,PS_025,SP,647,-0.0004719299261303489,0.00631644225197945,0.006788372178109799,True,ok,CONTROL_MINUS_TWIN
PS_030,PS_020,PS_025,SP,634,-0.0014255323370916187,0.009231672461060776,0.010657204798152395,True,ok,CONTROL_MINUS_TWIN
PS_030,PS_022,PS_025,SP,629,0.010521516559514832,0.009318931913140371,-0.0012025846463744605,True,ok,CONTROL_MINUS_TWIN
PS_030,PS_023,PS_025,SP,784,0.0014985724566788233,0.0065484300018341865,0.005049857545155363,True,ok,CONTROL_MINUS_TWIN
PS_030,PS_024,PS_025,SP,769,0.0029387780434651928,0.006777378682674404,0.003838600639209211,True,ok,CONTROL_MINUS_TWIN
PS_030,PS_026,PS_025,SP,779,0.010361013233930995,0.006600366070374085,-0.00376064716355691,True,ok,CONTROL_MINUS_TWIN
PS_030,PS_004,PS_027,SP,1530,-0.0005955413446840502,0.0014586340209652368,0.002054175365649287,True,ok,CONTROL_MINUS_TWIN
PS_030,PS_017,PS_027,SP,759,-0.0008080806434147825,-0.00019685625517337074,0.0006112243882414117,True,ok,CONTROL_MINUS_TWIN
PS_030,PS_020,PS_027,SP,1413,0.004458938399842051,0.0019550932884313255,-0.0025038451114107255,True,ok,CONTROL_MINUS_TWIN
PS_030,PS_022,PS_027,SP,1389,0.04800819450866506,0.001861197452638512,-0.04614699705602655,True,ok,CONTROL_MINUS_TWIN
PS_030,PS_023,PS_027,SP,1347,0.0023081742538168942,0.000826225014690242,-0.0014819492391266523,True,ok,CONTROL_MINUS_TWIN
PS_030,PS_024,PS_027,SP,1023,0.002709583512553272,0.00022872000242980806,-0.002480863510123464,True,ok,CONTROL_MINUS_TWIN
PS_030,PS_026,PS_027,SP,1462,0.01598668692871335,0.0015748513784510018,-0.014411835550262347,True,ok,CONTROL_MINUS_TWIN
PS_030,PS_004,PS_028,SP,1540,-0.000585738378919419,0.024223100838887714,0.024808839217807133,True,ok,CONTROL_MINUS_TWIN
PS_030,PS_017,PS_028,SP,760,-0.0008179884396453951,0.014466736853361917,0.015284725293007312,True,ok,CONTROL_MINUS_TWIN
PS_030,PS_020,PS_028,SP,1416,0.004467503724321177,0.024048945550889836,0.01958144182656866,True,ok,CONTROL_MINUS_TWIN
PS_030,PS_022,PS_028,SP,1390,0.04807079665236241,0.02362883009940453,-0.024441966552957883,True,ok,CONTROL_MINUS_TWIN
PS_030,PS_023,PS_028,SP,1348,0.002289519671593479,0.020230130037196287,0.017940610365602808,True,ok,CONTROL_MINUS_TWIN
PS_030,PS_024,PS_028,SP,1023,0.002709583512553272,0.015112838259779625,0.012403254747226353,True,ok,CONTROL_MINUS_TWIN
PS_030,PS_026,PS_028,SP,1464,0.01599353854461384,0.022890600173252215,0.0068970616286383735,True,ok,CONTROL_MINUS_TWIN
PS_030,PS_004,PS_029,SP,1118,-0.0019332762494655015,0.004337136873109916,0.0062704131225754176,True,ok,CONTROL_MINUS_TWIN
PS_030,PS_017,PS_029,SP,750,-0.0007355910332715945,0.0015520343652602325,0.002287625398531827,True,ok,CONTROL_MINUS_TWIN
PS_030,PS_020,PS_029,SP,1056,0.0008920400742971346,0.0053999625321687825,0.004507922457871648,True,ok,CONTROL_MINUS_TWIN
PS_030,PS_022,PS_029,SP,1049,0.02847423794110309,0.005516466571736864,-0.022957771369366227,True,ok,CONTROL_MINUS_TWIN
PS_030,PS_023,PS_029,SP,1170,0.002000318719205689,0.005724383229984094,0.003724064510778405,True,ok,CONTROL_MINUS_TWIN
PS_030,PS_024,PS_029,SP,994,0.002567856111060411,0.003602020267306355,0.0010341641562459439,True,ok,CONTROL_MINUS_TWIN
PS_030,PS_026,PS_029,SP,1186,0.012095049948918996,0.006000716819716194,-0.006094333129202802,True,ok,CONTROL_MINUS_TWIN
PS_030,PS_004,PS_031,SP,938,-0.002241998352082629,0.00577823172648375,0.008020230078566379,True,ok,CONTROL_MINUS_TWIN
PS_030,PS_017,PS_031,SP,757,-0.0008151283609324142,0.0050971841603186935,0.005912312521251108,True,ok,CONTROL_MINUS_TWIN
PS_030,PS_020,PS_031,SP,832,-0.0007706456037183881,0.004922040184762416,0.005692685788480804,True,ok,CONTROL_MINUS_TWIN
PS_030,PS_022,PS_031,SP,824,0.01609800302471673,0.00495272399532895,-0.011145279029387778,True,ok,CONTROL_MINUS_TWIN
PS_030,PS_023,PS_031,SP,973,0.0016611680918986113,0.007656457906883643,0.005995289814985032,True,ok,CONTROL_MINUS_TWIN
PS_030,PS_024,PS_031,SP,930,0.002742390894736081,0.006920885866186416,0.004178494971450335,True,ok,CONTROL_MINUS_TWIN
PS_030,PS_026,PS_031,SP,970,0.010412462384359958,0.00756710361071794,-0.0028453587736420177,True,ok,CONTROL_MINUS_TWIN
PS_030,PS_004,PS_032,SP,1396,-0.0006267668376016486,0.008508070440640031,0.00913483727824168,True,ok,CONTROL_MINUS_TWIN
PS_030,PS_017,PS_032,SP,749,-0.0007676213928401177,0.009180183735066842,0.00994780512790696,True,ok,CONTROL_MINUS_TWIN
PS_030,PS_020,PS_032,SP,1380,0.004300915962318762,0.006913567239735172,0.00261265127741641,True,ok,CONTROL_MINUS_TWIN
PS_030,PS_022,PS_032,SP,1368,0.046967757681657715,0.006893585552711079,-0.040074172128946636,True,ok,CONTROL_MINUS_TWIN
PS_030,PS_023,PS_032,SP,1309,0.0022900281927926425,0.00910181926940018,0.006811791076607537,True,ok,CONTROL_MINUS_TWIN
PS_030,PS_024,PS_032,SP,1006,0.0026179245667838913,0.01130745983655436,0.008689535269770468,True,ok,CONTROL_MINUS_TWIN
PS_030,PS_026,PS_032,SP,1433,0.015879792658991455,0.008441508613613244,-0.0074382840453782115,True,ok,CONTROL_MINUS_TWIN
PS_030,PS_004,PS_033,SP,1540,-0.000585738378919419,0.039209511228879605,0.039795249607799024,True,ok,CONTROL_MINUS_TWIN
PS_030,PS_017,PS_033,SP,760,-0.0008179884396453951,0.017383280639834638,0.018201269079480033,True,ok,CONTROL_MINUS_TWIN
PS_030,PS_020,PS_033,SP,1416,0.004467503724321177,0.04065376889575266,0.03618626517143148,True,ok,CONTROL_MINUS_TWIN
PS_030,PS_022,PS_033,SP,1390,0.04807079665236241,0.039842235016566335,-0.008228561635796078,True,ok,CONTROL_MINUS_TWIN
PS_030,PS_023,PS_033,SP,1348,0.002289519671593479,0.032774173282228064,0.030484653610634585,True,ok,CONTROL_MINUS_TWIN
PS_030,PS_024,PS_033,SP,1023,0.002709583512553272,0.02286598794746142,0.020156404434908147,True,ok,CONTROL_MINUS_TWIN
PS_030,PS_026,PS_033,SP,1464,0.01599353854461384,0.03890404185294359,0.02291050330832975,True,ok,CONTROL_MINUS_TWIN
PS_030,PS_004,PS_034,SP,1540,-0.000585738378919419,0.032934670497709324,0.03352040887662874,True,ok,CONTROL_MINUS_TWIN
PS_030,PS_017,PS_034,SP,760,-0.0008179884396453951,0.014222187850677151,0.015040176290322546,True,ok,CONTROL_MINUS_TWIN
PS_030,PS_020,PS_034,SP,1416,0.004467503724321177,0.0354324790934626,0.030964975369141425,True,ok,CONTROL_MINUS_TWIN
PS_030,PS_022,PS_034,SP,1390,0.04807079665236241,0.034826171014949614,-0.013244625637412799,True,ok,CONTROL_MINUS_TWIN
PS_030,PS_023,PS_034,SP,1348,0.002289519671593479,0.027651586703409156,0.025362067031815677,True,ok,CONTROL_MINUS_TWIN
PS_030,PS_024,PS_034,SP,1023,0.002709583512553272,0.01992893550209579,0.017219351989542518,True,ok,CONTROL_MINUS_TWIN
PS_030,PS_026,PS_034,SP,1464,0.01599353854461384,0.03367048743331147,0.017676948888697627,True,ok,CONTROL_MINUS_TWIN
PS_030,PS_004,PS_035,SP,1540,-0.000585738378919419,0.025328894044982377,0.025914632423901796,True,ok,CONTROL_MINUS_TWIN
PS_030,PS_017,PS_035,SP,760,-0.0008179884396453951,0.010319475033246532,0.011137463472891927,True,ok,CONTROL_MINUS_TWIN
PS_030,PS_020,PS_035,SP,1416,0.004467503724321177,0.02657745962785721,0.02210995590353603,True,ok,CONTROL_MINUS_TWIN
PS_030,PS_022,PS_035,SP,1390,0.04807079665236241,0.026060789636675172,-0.02201000701568724,True,ok,CONTROL_MINUS_TWIN
PS_030,PS_023,PS_035,SP,1348,0.002289519671593479,0.020655090343450797,0.018365570671857318,True,ok,CONTROL_MINUS_TWIN
PS_030,PS_024,PS_035,SP,1023,0.002709583512553272,0.014254318423324537,0.011544734910771265,True,ok,CONTROL_MINUS_TWIN
PS_030,PS_026,PS_035,SP,1464,0.01599353854461384,0.02512565970369611,0.009132121159082268,True,ok,CONTROL_MINUS_TWIN
PS_030,PS_004,PS_036,SP,1540,-0.000585738378919419,0.01925602079904514,0.01984175917796456,True,ok,CONTROL_MINUS_TWIN
PS_030,PS_017,PS_036,SP,760,-0.0008179884396453951,0.005737580645911629,0.006555569085557024,True,ok,CONTROL_MINUS_TWIN
PS_030,PS_020,PS_036,SP,1416,0.004467503724321177,0.020942799047091384,0.016475295322770207,True,ok,CONTROL_MINUS_TWIN
PS_030,PS_022,PS_036,SP,1390,0.04807079665236241,0.020536642915195302,-0.02753415373716711,True,ok,CONTROL_MINUS_TWIN
PS_030,PS_023,PS_036,SP,1348,0.002289519671593479,0.015076336195498502,0.012786816523905023,True,ok,CONTROL_MINUS_TWIN
PS_030,PS_024,PS_036,SP,1023,0.002709583512553272,0.008838126075356313,0.006128542562803041,True,ok,CONTROL_MINUS_TWIN
PS_030,PS_026,PS_036,SP,1464,0.01599353854461384,0.019343953678639447,0.0033504151340256055,True,ok,CONTROL_MINUS_TWIN
PS_030,PS_004,PS_038,SP,1540,-0.000585738378919419,0.02338280474055606,0.02396854311947548,True,ok,CONTROL_MINUS_TWIN
PS_030,PS_017,PS_038,SP,760,-0.0008179884396453951,0.016418542243317256,0.01723653068296265,True,ok,CONTROL_MINUS_TWIN
PS_030,PS_020,PS_038,SP,1416,0.004467503724321177,0.02302286074612575,0.018555357021804574,True,ok,CONTROL_MINUS_TWIN
PS_030,PS_022,PS_038,SP,1390,0.04807079665236241,0.02269304804821716,-0.025377748604145253,True,ok,CONTROL_MINUS_TWIN
PS_030,PS_023,PS_038,SP,1348,0.002289519671593479,0.020938890399593582,0.018649370728000103,True,ok,CONTROL_MINUS_TWIN
PS_030,PS_024,PS_038,SP,1023,0.002709583512553272,0.01786333535741498,0.015153751844861708,True,ok,CONTROL_MINUS_TWIN
PS_030,PS_026,PS_038,SP,1464,0.01599353854461384,0.02238761772454849,0.0063940791799346475,True,ok,CONTROL_MINUS_TWIN
PS_030,PS_004,PS_039,SP,1540,-0.000585738378919419,0.042294572710185045,0.042880311089104464,True,ok,CONTROL_MINUS_TWIN
PS_030,PS_017,PS_039,SP,760,-0.0008179884396453951,0.03098561706211001,0.03180360550175541,True,ok,CONTROL_MINUS_TWIN
PS_030,PS_020,PS_039,SP,1416,0.004467503724321177,0.04471188808047469,0.04024438435615351,True,ok,CONTROL_MINUS_TWIN
PS_030,PS_022,PS_039,SP,1390,0.04807079665236241,0.04424140735599855,-0.0038293892963638665,True,ok,CONTROL_MINUS_TWIN
PS_030,PS_023,PS_039,SP,1348,0.002289519671593479,0.03913572906768967,0.03684620939609619,True,ok,CONTROL_MINUS_TWIN
PS_030,PS_024,PS_039,SP,1023,0.002709583512553272,0.03419490864176426,0.03148532512921099,True,ok,CONTROL_MINUS_TWIN
PS_030,PS_026,PS_039,SP,1464,0.01599353854461384,0.04316461486532122,0.02717107632070738,True,ok,CONTROL_MINUS_TWIN
PS_030,PS_004,PS_040,SP,1540,-0.000585738378919419,0.03564882113063419,0.03623455950955361,True,ok,CONTROL_MINUS_TWIN
PS_030,PS_017,PS_040,SP,760,-0.0008179884396453951,0.017689468794935263,0.01850745723458066,True,ok,CONTROL_MINUS_TWIN
PS_030,PS_020,PS_040,SP,1416,0.004467503724321177,0.03918822597922268,0.034720722254901505,True,ok,CONTROL_MINUS_TWIN
PS_030,PS_022,PS_040,SP,1390,0.04807079665236241,0.03863913401226467,-0.009431662640097746,True,ok,CONTROL_MINUS_TWIN
PS_030,PS_023,PS_040,SP,1348,0.002289519671593479,0.030324710984953984,0.028035191313360505,True,ok,CONTROL_MINUS_TWIN
PS_030,PS_024,PS_040,SP,1023,0.002709583512553272,0.022903844228565354,0.02019426071601208,True,ok,CONTROL_MINUS_TWIN
PS_030,PS_026,PS_040,SP,1464,0.01599353854461384,0.036599393725080615,0.020605855180466773,True,ok,CONTROL_MINUS_TWIN
