replicate_id,field,pb_gain
0,gain_row_vs_twin,0.01545089540824818
1,gain_row_vs_twin,0.017195230794219644
2,gain_row_vs_twin,0.017028419652982005
3,gain_row_vs_twin,0.014472539917926538
4,gain_row_vs_twin,0.015503707589843166
5,gain_row_vs_twin,0.01690045493716753
6,gain_row_vs_twin,0.014601987193369415
7,gain_row_vs_twin,0.013220702920509286
8,gain_row_vs_twin,0.015173926133621717
9,gain_row_vs_twin,0.015269462773378413
10,gain_row_vs_twin,0.014606263842080679
11,gain_row_vs_twin,0.014131219278754546
12,gain_row_vs_twin,0.013966688455653496
13,gain_row_vs_twin,0.0177253699029211
14,gain_row_vs_twin,0.013228457680743575
15,gain_row_vs_twin,0.016214431373822745
16,gain_row_vs_twin,0.013420544056115936
17,gain_row_vs_twin,0.015791854387689954
18,gain_row_vs_twin,0.014257143556878129
19,gain_row_vs_twin,0.017481574423425288
20,gain_row_vs_twin,0.011817390569360446
21,gain_row_vs_twin,0.014757632431967416
22,gain_row_vs_twin,0.01421709657885877
23,gain_row_vs_twin,0.015146587004976762
24,gain_row_vs_twin,0.014724331423793941
25,gain_row_vs_twin,0.017323904885214507
26,gain_row_vs_twin,0.013094110831239101
27,gain_row_vs_twin,0.01456747004308208
28,gain_row_vs_twin,0.01327717239272104
29,gain_row_vs_twin,0.01435414388798212
30,gain_row_vs_twin,0.018157714022069206
31,gain_row_vs_twin,0.017451053243529822
32,gain_row_vs_twin,0.01390679484246329
33,gain_row_vs_twin,0.015223797158557883
34,gain_row_vs_twin,0.014173476235858075
35,gain_row_vs_twin,0.01600541184141455
36,gain_row_vs_twin,0.01574363330168529
37,gain_row_vs_twin,0.014562145819507547
38,gain_row_vs_twin,0.010773674672758327
39,gain_row_vs_twin,0.013887512476559472
40,gain_row_vs_twin,0.015601163709092812
41,gain_row_vs_twin,0.009823326180494125
42,gain_row_vs_twin,0.016385426884187298
43,gain_row_vs_twin,0.016165500995740528
44,gain_row_vs_twin,0.009501330000082266
45,gain_row_vs_twin,0.015774364150826573
46,gain_row_vs_twin,0.01031812700566184
47,gain_row_vs_twin,0.016647620744788098
48,gain_row_vs_twin,0.014590385572368622
49,gain_row_vs_twin,0.014515536601125385
50,gain_row_vs_twin,0.01741242713403669
51,gain_row_vs_twin,0.017870159474415438
52,gain_row_vs_twin,0.016223966311695325
53,gain_row_vs_twin,0.018671934592197154
54,gain_row_vs_twin,0.015334041008330841
55,gain_row_vs_twin,0.014909338320913608
56,gain_row_vs_twin,0.0166513888729936
57,gain_row_vs_twin,0.012870607346708368
58,gain_row_vs_twin,0.012323298242887531
59,gain_row_vs_twin,0.0160971825398248
60,gain_row_vs_twin,0.01760291346736482
61,gain_row_vs_twin,0.015417437070414972
62,gain_row_vs_twin,0.011220342749385758
63,gain_row_vs_twin,0.017095395771019994
64,gain_row_vs_twin,0.014537806132773362
65,gain_row_vs_twin,0.01766666706537152
66,gain_row_vs_twin,0.015130243167378625
67,gain_row_vs_twin,0.014306039533964332
68,gain_row_vs_twin,0.01563862548111422
69,gain_row_vs_twin,0.014709867532242111
70,gain_row_vs_twin,0.013967076011752249
71,gain_row_vs_twin,0.01359259896174909
72,gain_row_vs_twin,0.009725106426717945
73,gain_row_vs_twin,0.016607780879919654
74,gain_row_vs_twin,0.01480300738612328
75,gain_row_vs_twin,0.017123615274529446
76,gain_row_vs_twin,0.017342574943316744
77,gain_row_vs_twin,0.015482434869803786
78,gain_row_vs_twin,0.016906549548701355
79,gain_row_vs_twin,0.011015265604739888
80,gain_row_vs_twin,0.015349636328975767
81,gain_row_vs_twin,0.01716607106498564
82,gain_row_vs_twin,0.01984194764323433
83,gain_row_vs_twin,0.015232667856660791
84,gain_row_vs_twin,0.016491859726435774
85,gain_row_vs_twin,0.018243698774631213
86,gain_row_vs_twin,0.014686994084410016
87,gain_row_vs_twin,0.014345257096494755
88,gain_row_vs_twin,0.01288440252603321
89,gain_row_vs_twin,0.018295627648809123
90,gain_row_vs_twin,0.014548397433508744
91,gain_row_vs_twin,0.017140343689981075
92,gain_row_vs_twin,0.01514357952925016
93,gain_row_vs_twin,0.012572077865975239
94,gain_row_vs_twin,0.019097697632170774
95,gain_row_vs_twin,0.015501683086156471
96,gain_row_vs_twin,0.017008059947820897
97,gain_row_vs_twin,0.016854635429070598
98,gain_row_vs_twin,0.016117816232343735
99,gain_row_vs_twin,0.01602911438985495
100,gain_row_vs_twin,0.012531400366908868
101,gain_row_vs_twin,0.013264468899459519
102,gain_row_vs_twin,0.014045741597880917
103,gain_row_vs_twin,0.01706390753803432
104,gain_row_vs_twin,0.011566438659508363
105,gain_row_vs_twin,0.01237862531017433
106,gain_row_vs_twin,0.013163714613763231
107,gain_row_vs_twin,0.01401165443406305
108,gain_row_vs_twin,0.014590591748326168
109,gain_row_vs_twin,0.014507526260336802
110,gain_row_vs_twin,0.015875056178675705
111,gain_row_vs_twin,0.010288030463903116
112,gain_row_vs_twin,0.015498897789019288
113,gain_row_vs_twin,0.01552400917201017
114,gain_row_vs_twin,0.0151031311532086
115,gain_row_vs_twin,0.017884662017763515
116,gain_row_vs_twin,0.011278820588355118
117,gain_row_vs_twin,0.011271799304944421
118,gain_row_vs_twin,0.01161566389288608
119,gain_row_vs_twin,0.017150680598826244
120,gain_row_vs_twin,0.01596300635783116
121,gain_row_vs_twin,0.017587514715184983
122,gain_row_vs_twin,0.0117957602280552
123,gain_row_vs_twin,0.014942334469898953
124,gain_row_vs_twin,0.01473628466971932
125,gain_row_vs_twin,0.013598363604262382
126,gain_row_vs_twin,0.011577793473550108
127,gain_row_vs_twin,0.013667786330623766
128,gain_row_vs_twin,0.016024808347965602
129,gain_row_vs_twin,0.014319109717170616
130,gain_row_vs_twin,0.014614527439814815
131,gain_row_vs_twin,0.015119829979515253
132,gain_row_vs_twin,0.014564573100081536
133,gain_row_vs_twin,0.010191033356613949
134,gain_row_vs_twin,0.01742971274881159
135,gain_row_vs_twin,0.014574897467611607
136,gain_row_vs_twin,0.014125142528422853
137,gain_row_vs_twin,0.013687137610968316
138,gain_row_vs_twin,0.01299882102200625
139,gain_row_vs_twin,0.011568516991968791
140,gain_row_vs_twin,0.012446983715701614
141,gain_row_vs_twin,0.01396284461516554
142,gain_row_vs_twin,0.017956215014660555
143,gain_row_vs_twin,0.015270681332000238
144,gain_row_vs_twin,0.011610539809566533
145,gain_row_vs_twin,0.011755749250728509
146,gain_row_vs_twin,0.012903703744091664
147,gain_row_vs_twin,0.013096788518772716
148,gain_row_vs_twin,0.013065580707577512
149,gain_row_vs_twin,0.015626528974707756
150,gain_row_vs_twin,0.01682941757271763
151,gain_row_vs_twin,0.013946782776286375
152,gain_row_vs_twin,0.016180280373011443
153,gain_row_vs_twin,0.013250669540669497
154,gain_row_vs_twin,0.015836522383679347
155,gain_row_vs_twin,0.016641539953339248
156,gain_row_vs_twin,0.013355293923430423
157,gain_row_vs_twin,0.016697104030378322
158,gain_row_vs_twin,0.01224207053993699
159,gain_row_vs_twin,0.013232875235832666
160,gain_row_vs_twin,0.0148627296864982
161,gain_row_vs_twin,0.014841168953006119
162,gain_row_vs_twin,0.01677283790737537
163,gain_row_vs_twin,0.0148935173864085
164,gain_row_vs_twin,0.014921932233573494
165,gain_row_vs_twin,0.012219834220844042
166,gain_row_vs_twin,0.014018746642516363
167,gain_row_vs_twin,0.01728319458478877
168,gain_row_vs_twin,0.012602274854198797
169,gain_row_vs_twin,0.01412079186410854
170,gain_row_vs_twin,0.01686956625049845
171,gain_row_vs_twin,0.015159110647652366
172,gain_row_vs_twin,0.016203028965667242
173,gain_row_vs_twin,0.011664089979845688
174,gain_row_vs_twin,0.014227587314162463
175,gain_row_vs_twin,0.016338163458754162
176,gain_row_vs_twin,0.01836731595791979
177,gain_row_vs_twin,0.013421210093054883
178,gain_row_vs_twin,0.012905511241160373
179,gain_row_vs_twin,0.010883815997332383
180,gain_row_vs_twin,0.014768828862449302
181,gain_row_vs_twin,0.01637284229954278
182,gain_row_vs_twin,0.014524154294772022
183,gain_row_vs_twin,0.0165080975849242
184,gain_row_vs_twin,0.013888879094378363
185,gain_row_vs_twin,0.013698229934801026
186,gain_row_vs_twin,0.014273041647427997
187,gain_row_vs_twin,0.013121627370464977
188,gain_row_vs_twin,0.01671948674568737
189,gain_row_vs_twin,0.013672579090438999
190,gain_row_vs_twin,0.013887071165292057
191,gain_row_vs_twin,0.013749556497507101
192,gain_row_vs_twin,0.017105087629396977
193,gain_row_vs_twin,0.01543824435241699
194,gain_row_vs_twin,0.01945147194765203
195,gain_row_vs_twin,0.012210420692539801
196,gain_row_vs_twin,0.013224835279897281
197,gain_row_vs_twin,0.014741037798937203
198,gain_row_vs_twin,0.01352967551498617
199,gain_row_vs_twin,0.01360811595224724
200,gain_row_vs_twin,0.01597796108882594
201,gain_row_vs_twin,0.011081399542024204
202,gain_row_vs_twin,0.016402968378372143
203,gain_row_vs_twin,0.01153911807394326
204,gain_row_vs_twin,0.010418592332501569
205,gain_row_vs_twin,0.016709765811676623
206,gain_row_vs_twin,0.014143746797301472
207,gain_row_vs_twin,0.017224064240124855
208,gain_row_vs_twin,0.015363913916736858
209,gain_row_vs_twin,0.014949463134409672
210,gain_row_vs_twin,0.01586815782117185
211,gain_row_vs_twin,0.017042210273607968
212,gain_row_vs_twin,0.01233822019445876
213,gain_row_vs_twin,0.014031349450141601
214,gain_row_vs_twin,0.01559252282916689
215,gain_row_vs_twin,0.015737232332675082
216,gain_row_vs_twin,0.012143028287728258
217,gain_row_vs_twin,0.01440752932029068
218,gain_row_vs_twin,0.016092727010628128
219,gain_row_vs_twin,0.015823730266582393
220,gain_row_vs_twin,0.015677233351092085
221,gain_row_vs_twin,0.014959647735027714
222,gain_row_vs_twin,0.01340643833118157
223,gain_row_vs_twin,0.016060649343947842
224,gain_row_vs_twin,0.013081188892397233
225,gain_row_vs_twin,0.013994266972015569
226,gain_row_vs_twin,0.012987222038208518
227,gain_row_vs_twin,0.010696385954874236
228,gain_row_vs_twin,0.018706643061557098
229,gain_row_vs_twin,0.010329783163741016
230,gain_row_vs_twin,0.015618665748767751
231,gain_row_vs_twin,0.014333189691699296
232,gain_row_vs_twin,0.01688163205407767
233,gain_row_vs_twin,0.015802001149940632
234,gain_row_vs_twin,0.01414897105037336
235,gain_row_vs_twin,0.01539584381402306
236,gain_row_vs_twin,0.010542674697579314
237,gain_row_vs_twin,0.010719213369362325
238,gain_row_vs_twin,0.01121775423147808
239,gain_row_vs_twin,0.013172815357114814
240,gain_row_vs_twin,0.013872293550341832
241,gain_row_vs_twin,0.012527186917287613
242,gain_row_vs_twin,0.016570020214869398
243,gain_row_vs_twin,0.012218104370267177
244,gain_row_vs_twin,0.015267208860124016
245,gain_row_vs_twin,0.015129954100651152
246,gain_row_vs_twin,0.018127403559268094
247,gain_row_vs_twin,0.014683131069535163
248,gain_row_vs_twin,0.012714892007468342
249,gain_row_vs_twin,0.01562111388372843
250,gain_row_vs_twin,0.01401291593166903
251,gain_row_vs_twin,0.014257019136381424
252,gain_row_vs_twin,0.012879913436802361
253,gain_row_vs_twin,0.009996074211638086
254,gain_row_vs_twin,0.013933438862754865
255,gain_row_vs_twin,0.015488558502469458
256,gain_row_vs_twin,0.013987763720887742
257,gain_row_vs_twin,0.017194289568904085
258,gain_row_vs_twin,0.016096937099261403
259,gain_row_vs_twin,0.014804984119487155
260,gain_row_vs_twin,0.016172245815818827
261,gain_row_vs_twin,0.013961247790628902
262,gain_row_vs_twin,0.01642773401537337
263,gain_row_vs_twin,0.016298766393225153
264,gain_row_vs_twin,0.0147225191352735
265,gain_row_vs_twin,0.013917005674298334
266,gain_row_vs_twin,0.013891996318816912
267,gain_row_vs_twin,0.015967791478050768
268,gain_row_vs_twin,0.012797011189405417
269,gain_row_vs_twin,0.01390049724568453
270,gain_row_vs_twin,0.018249035702334434
271,gain_row_vs_twin,0.017192888258158363
272,gain_row_vs_twin,0.01770574478492131
273,gain_row_vs_twin,0.01647468810499253
274,gain_row_vs_twin,0.016644247337212825
275,gain_row_vs_twin,0.016672153390186583
276,gain_row_vs_twin,0.014050875499072713
277,gain_row_vs_twin,0.015295088242719716
278,gain_row_vs_twin,0.017025010242390285
279,gain_row_vs_twin,0.01622206643257925
280,gain_row_vs_twin,0.01420894446290361
281,gain_row_vs_twin,0.011685404528617258
282,gain_row_vs_twin,0.014021214127838966
283,gain_row_vs_twin,0.017738799083133257
284,gain_row_vs_twin,0.015087422413919475
285,gain_row_vs_twin,0.01892615443431181
286,gain_row_vs_twin,0.015257546094261677
287,gain_row_vs_twin,0.008698340461821694
288,gain_row_vs_twin,0.01785906297246426
289,gain_row_vs_twin,0.01567769907614215
290,gain_row_vs_twin,0.01881955828705482
291,gain_row_vs_twin,0.01458197857985347
292,gain_row_vs_twin,0.01609317121302188
293,gain_row_vs_twin,0.015702200161140482
294,gain_row_vs_twin,0.018755915405428685
295,gain_row_vs_twin,0.014594243585836872
296,gain_row_vs_twin,0.010534479602346004
297,gain_row_vs_twin,0.016899200705796067
298,gain_row_vs_twin,0.015202634930902145
299,gain_row_vs_twin,0.01526172250146494
300,gain_row_vs_twin,0.014284980086069805
301,gain_row_vs_twin,0.01673006911877429
302,gain_row_vs_twin,0.012143887994003216
303,gain_row_vs_twin,0.013649286879541186
304,gain_row_vs_twin,0.01439420210284279
305,gain_row_vs_twin,0.015397927451169077
306,gain_row_vs_twin,0.017870503813003646
307,gain_row_vs_twin,0.017036858327223844
308,gain_row_vs_twin,0.017673407111094937
309,gain_row_vs_twin,0.009770873259842359
310,gain_row_vs_twin,0.015582381483928095
311,gain_row_vs_twin,0.015817046382836025
312,gain_row_vs_twin,0.010966265051442067
313,gain_row_vs_twin,0.01425078755731361
314,gain_row_vs_twin,0.015483376819609169
315,gain_row_vs_twin,0.01016973218590181
316,gain_row_vs_twin,0.015715159131671146
317,gain_row_vs_twin,0.009360469481656739
318,gain_row_vs_twin,0.01367451851246897
319,gain_row_vs_twin,0.012626681630214657
320,gain_row_vs_twin,0.016231432819973683
321,gain_row_vs_twin,0.01829463074555801
322,gain_row_vs_twin,0.012336049546263642
323,gain_row_vs_twin,0.016611951514726744
324,gain_row_vs_twin,0.01703696755890921
325,gain_row_vs_twin,0.014121394347064711
326,gain_row_vs_twin,0.01599083915604284
327,gain_row_vs_twin,0.016646979427485824
328,gain_row_vs_twin,0.011252267335491001
329,gain_row_vs_twin,0.008017025774510361
330,gain_row_vs_twin,0.012986688800332576
331,gain_row_vs_twin,0.01567577255899434
332,gain_row_vs_twin,0.014220584542628641
333,gain_row_vs_twin,0.012997061869869103
334,gain_row_vs_twin,0.01468489791634792
335,gain_row_vs_twin,0.011681469714397525
336,gain_row_vs_twin,0.016965898743919544
337,gain_row_vs_twin,0.013671063610337389
338,gain_row_vs_twin,0.014262838665809135
339,gain_row_vs_twin,0.013295622669023996
340,gain_row_vs_twin,0.01574202818367206
341,gain_row_vs_twin,0.016014842335092545
342,gain_row_vs_twin,0.015507970911135776
343,gain_row_vs_twin,0.016666757109097683
344,gain_row_vs_twin,0.013354511022489069
345,gain_row_vs_twin,0.01362149852037212
346,gain_row_vs_twin,0.017071535338861483
347,gain_row_vs_twin,0.01596338346054083
348,gain_row_vs_twin,0.013814817920476534
349,gain_row_vs_twin,0.016120204246530257
350,gain_row_vs_twin,0.014242256537943898
351,gain_row_vs_twin,0.01665864758622828
352,gain_row_vs_twin,0.009389633971335897
353,gain_row_vs_twin,0.014895091201393077
354,gain_row_vs_twin,0.017159087399033966
355,gain_row_vs_twin,0.014671967061268396
356,gain_row_vs_twin,0.016065286161963743
357,gain_row_vs_twin,0.013699523950537269
358,gain_row_vs_twin,0.016515442901314004
359,gain_row_vs_twin,0.011812347735165893
360,gain_row_vs_twin,0.013212279645134087
361,gain_row_vs_twin,0.013290468110522502
362,gain_row_vs_twin,0.014275824492231217
363,gain_row_vs_twin,0.015869685397864892
364,gain_row_vs_twin,0.016881719462321258
365,gain_row_vs_twin,0.015917030657843695
366,gain_row_vs_twin,0.018013777555480098
367,gain_row_vs_twin,0.016670029764616776
368,gain_row_vs_twin,0.01326978784474438
369,gain_row_vs_twin,0.01662184831587456
370,gain_row_vs_twin,0.018488554491844025
371,gain_row_vs_twin,0.01628156956879691
372,gain_row_vs_twin,0.013007727275098845
373,gain_row_vs_twin,0.014802289144616093
374,gain_row_vs_twin,0.013718390980267458
375,gain_row_vs_twin,0.015157797135759567
376,gain_row_vs_twin,0.012435636211257659
377,gain_row_vs_twin,0.007397669013182386
378,gain_row_vs_twin,0.01595902826146673
379,gain_row_vs_twin,0.01327141036374611
380,gain_row_vs_twin,0.015280416401652059
381,gain_row_vs_twin,0.0151983882413748
382,gain_row_vs_twin,0.016471543659298295
383,gain_row_vs_twin,0.013443256908211002
384,gain_row_vs_twin,0.01640721461540457
385,gain_row_vs_twin,0.014344948625623735
386,gain_row_vs_twin,0.013965363187685183
387,gain_row_vs_twin,0.015014464305778224
388,gain_row_vs_twin,0.01590017456902262
389,gain_row_vs_twin,0.015631067562550147
390,gain_row_vs_twin,0.01072934391491212
391,gain_row_vs_twin,0.01597189441012604
392,gain_row_vs_twin,0.011112832352172308
393,gain_row_vs_twin,0.01791082900449092
394,gain_row_vs_twin,0.015749030253807146
395,gain_row_vs_twin,0.014664368678752765
396,gain_row_vs_twin,0.012809141575293979
397,gain_row_vs_twin,0.016295496245538298
398,gain_row_vs_twin,0.017402410202998184
399,gain_row_vs_twin,0.01813423493566586
400,gain_row_vs_twin,0.013693749536999256
401,gain_row_vs_twin,0.01650969135955201
402,gain_row_vs_twin,0.012934871468165122
403,gain_row_vs_twin,0.014468841911455138
404,gain_row_vs_twin,0.013449189442808646
405,gain_row_vs_twin,0.012062434787064842
406,gain_row_vs_twin,0.011253031163819998
407,gain_row_vs_twin,0.014520916349494114
408,gain_row_vs_twin,0.013409543520937928
409,gain_row_vs_twin,0.012877862712514622
410,gain_row_vs_twin,0.01632564190522352
411,gain_row_vs_twin,0.014999356186688517
412,gain_row_vs_twin,0.012592007660465459
413,gain_row_vs_twin,0.017588662453226715
414,gain_row_vs_twin,0.01501351977450334
415,gain_row_vs_twin,0.013728104787570094
416,gain_row_vs_twin,0.016005221402272733
417,gain_row_vs_twin,0.01717418997613224
418,gain_row_vs_twin,0.01768672827785423
419,gain_row_vs_twin,0.014411727860211901
420,gain_row_vs_twin,0.013920055600985774
421,gain_row_vs_twin,0.013068059214584742
422,gain_row_vs_twin,0.01568341445213599
423,gain_row_vs_twin,0.014872471436342637
424,gain_row_vs_twin,0.018767138597683638
425,gain_row_vs_twin,0.017019100587773443
426,gain_row_vs_twin,0.015307777562845173
427,gain_row_vs_twin,0.01571957487896383
428,gain_row_vs_twin,0.0150853828901067
429,gain_row_vs_twin,0.013299369358380933
430,gain_row_vs_twin,0.015522295552692569
431,gain_row_vs_twin,0.015099649241218939
432,gain_row_vs_twin,0.013981609616227353
433,gain_row_vs_twin,0.017208511886015448
434,gain_row_vs_twin,0.01825035937935937
435,gain_row_vs_twin,0.014073873457377746
436,gain_row_vs_twin,0.01655291614632307
437,gain_row_vs_twin,0.016742174881325695
438,gain_row_vs_twin,0.015317343290316985
439,gain_row_vs_twin,0.018611045505144534
440,gain_row_vs_twin,0.01725670090686314
441,gain_row_vs_twin,0.012187735788290776
442,gain_row_vs_twin,0.013186811865945522
443,gain_row_vs_twin,0.011938387688132645
444,gain_row_vs_twin,0.01603055491394218
445,gain_row_vs_twin,0.014919956759824072
446,gain_row_vs_twin,0.017040966572894882
447,gain_row_vs_twin,0.015043797516152464
448,gain_row_vs_twin,0.016156199709041367
449,gain_row_vs_twin,0.014440980592655845
450,gain_row_vs_twin,0.017356564105613377
451,gain_row_vs_twin,0.015484486231826172
452,gain_row_vs_twin,0.014829013753812894
453,gain_row_vs_twin,0.014233517800206208
454,gain_row_vs_twin,0.01347211104306847
455,gain_row_vs_twin,0.011468222649511086
456,gain_row_vs_twin,0.013373545252154428
457,gain_row_vs_twin,0.012337577946201621
458,gain_row_vs_twin,0.013954000093506036
459,gain_row_vs_twin,0.014130168305417872
460,gain_row_vs_twin,0.008447153612789386
461,gain_row_vs_twin,0.016069774952629644
462,gain_row_vs_twin,0.012692705694750367
463,gain_row_vs_twin,0.014650400742438967
464,gain_row_vs_twin,0.012339045637543218
465,gain_row_vs_twin,0.013557444744699209
466,gain_row_vs_twin,0.016273567852563994
467,gain_row_vs_twin,0.013108211176279833
468,gain_row_vs_twin,0.015922939345534952
469,gain_row_vs_twin,0.016772658908368373
470,gain_row_vs_twin,0.013117569912707782
471,gain_row_vs_twin,0.012198168038705793
472,gain_row_vs_twin,0.010354474792858245
473,gain_row_vs_twin,0.013298328935679693
474,gain_row_vs_twin,0.014212176345287538
475,gain_row_vs_twin,0.01597680962982461
476,gain_row_vs_twin,0.012475961402744937
477,gain_row_vs_twin,0.01348022382013774
478,gain_row_vs_twin,0.01552346055680819
479,gain_row_vs_twin,0.012796757891187506
480,gain_row_vs_twin,0.016558163530884233
481,gain_row_vs_twin,0.015467100229857918
482,gain_row_vs_twin,0.011096384509303095
483,gain_row_vs_twin,0.014488588487014906
484,gain_row_vs_twin,0.013963990395980064
485,gain_row_vs_twin,0.014403797728381044
486,gain_row_vs_twin,0.016895444097475367
487,gain_row_vs_twin,0.016057500970420364
488,gain_row_vs_twin,0.014826271425504007
489,gain_row_vs_twin,0.014237889960661278
490,gain_row_vs_twin,0.017098530382120693
491,gain_row_vs_twin,0.011737291736622224
492,gain_row_vs_twin,0.014727122954604944
493,gain_row_vs_twin,0.013889431296616872
494,gain_row_vs_twin,0.016198513307979414
495,gain_row_vs_twin,0.016860248884927518
496,gain_row_vs_twin,0.01403196528798621
497,gain_row_vs_twin,0.014660466583635219
498,gain_row_vs_twin,0.013940995236075383
499,gain_row_vs_twin,0.01200035248679939
500,gain_row_vs_twin,0.013061498156280557
501,gain_row_vs_twin,0.015086914682266651
502,gain_row_vs_twin,0.016263822038327738
503,gain_row_vs_twin,0.016191949019062707
504,gain_row_vs_twin,0.012602232740783368
505,gain_row_vs_twin,0.010220296608833751
506,gain_row_vs_twin,0.012498821585664828
507,gain_row_vs_twin,0.015165728554310767
508,gain_row_vs_twin,0.01449255955393131
509,gain_row_vs_twin,0.012294860896371412
510,gain_row_vs_twin,0.012939090395243475
511,gain_row_vs_twin,0.016854591428874285
512,gain_row_vs_twin,0.014624774437056882
513,gain_row_vs_twin,0.011331509965338816
514,gain_row_vs_twin,0.012038092340772518
515,gain_row_vs_twin,0.015286342681170309
516,gain_row_vs_twin,0.01637901794054691
517,gain_row_vs_twin,0.014043563336889777
518,gain_row_vs_twin,0.010237682651424036
519,gain_row_vs_twin,0.014518654936271537
520,gain_row_vs_twin,0.0131811931410967
521,gain_row_vs_twin,0.017716816811474363
522,gain_row_vs_twin,0.014239273494939721
523,gain_row_vs_twin,0.016545670896269484
524,gain_row_vs_twin,0.013347109091478711
525,gain_row_vs_twin,0.012476717013362474
526,gain_row_vs_twin,0.014179165430182035
527,gain_row_vs_twin,0.011110153530003495
528,gain_row_vs_twin,0.015867003114041354
529,gain_row_vs_twin,0.012270684239465228
530,gain_row_vs_twin,0.016798795229995108
531,gain_row_vs_twin,0.014751408094261077
532,gain_row_vs_twin,0.012850269102180376
533,gain_row_vs_twin,0.011377154108031902
534,gain_row_vs_twin,0.013352687709566446
535,gain_row_vs_twin,0.017776947925769025
536,gain_row_vs_twin,0.01359200566036428
537,gain_row_vs_twin,0.013922288095459706
538,gain_row_vs_twin,0.016060481203170322
539,gain_row_vs_twin,0.013943816152232528
540,gain_row_vs_twin,0.014606125183430478
541,gain_row_vs_twin,0.013483954089911428
542,gain_row_vs_twin,0.0161846950148822
543,gain_row_vs_twin,0.014735896624141284
544,gain_row_vs_twin,0.014593664469986025
545,gain_row_vs_twin,0.01607486685261394
546,gain_row_vs_twin,0.019963818570320344
547,gain_row_vs_twin,0.015871520443862717
548,gain_row_vs_twin,0.014925361879829405
549,gain_row_vs_twin,0.014019562399590782
550,gain_row_vs_twin,0.010831272797378281
551,gain_row_vs_twin,0.017577433433455053
552,gain_row_vs_twin,0.010985640136861454
553,gain_row_vs_twin,0.01412357444897332
554,gain_row_vs_twin,0.014647628048091856
555,gain_row_vs_twin,0.01490325670234906
556,gain_row_vs_twin,0.0133928844342185
557,gain_row_vs_twin,0.01477929426856622
558,gain_row_vs_twin,0.017063399229357006
559,gain_row_vs_twin,0.015326550202007584
560,gain_row_vs_twin,0.012276247079288271
561,gain_row_vs_twin,0.017588069978415086
562,gain_row_vs_twin,0.014709717110614648
563,gain_row_vs_twin,0.013433022448410476
564,gain_row_vs_twin,0.01417842563809009
565,gain_row_vs_twin,0.013422597408305854
566,gain_row_vs_twin,0.01394991961542309
567,gain_row_vs_twin,0.017038707600239778
568,gain_row_vs_twin,0.011274183692978914
569,gain_row_vs_twin,0.013631279753162948
570,gain_row_vs_twin,0.0102767694944205
571,gain_row_vs_twin,0.015873635722731396
572,gain_row_vs_twin,0.013866564618876418
573,gain_row_vs_twin,0.012815264165935258
574,gain_row_vs_twin,0.014682404062289389
575,gain_row_vs_twin,0.015892128565495347
576,gain_row_vs_twin,0.010001654279350014
577,gain_row_vs_twin,0.014806637867011625
578,gain_row_vs_twin,0.015506344640004055
579,gain_row_vs_twin,0.018021697598509356
580,gain_row_vs_twin,0.015717677391501032
581,gain_row_vs_twin,0.016864353597844578
582,gain_row_vs_twin,0.01052458653505141
583,gain_row_vs_twin,0.010993653714896688
584,gain_row_vs_twin,0.014977888621569247
585,gain_row_vs_twin,0.017943332505316798
586,gain_row_vs_twin,0.015500982165285348
587,gain_row_vs_twin,0.013065859031899883
588,gain_row_vs_twin,0.014926344518103653
589,gain_row_vs_twin,0.01487674806909459
590,gain_row_vs_twin,0.01453757360706256
591,gain_row_vs_twin,0.016923908707364238
592,gain_row_vs_twin,0.014485884173771195
593,gain_row_vs_twin,0.01394038873912702
594,gain_row_vs_twin,0.012685577700291153
595,gain_row_vs_twin,0.01302118755398407
596,gain_row_vs_twin,0.016751133809198345
597,gain_row_vs_twin,0.010971251879855976
598,gain_row_vs_twin,0.013056016999381989
599,gain_row_vs_twin,0.01391834059548895
600,gain_row_vs_twin,0.01674688328579384
601,gain_row_vs_twin,0.016961188108429885
602,gain_row_vs_twin,0.018021518318748878
603,gain_row_vs_twin,0.015457801235509825
604,gain_row_vs_twin,0.012941664946901783
605,gain_row_vs_twin,0.016918414781981927
606,gain_row_vs_twin,0.012917596565227443
607,gain_row_vs_twin,0.015157335855056036
608,gain_row_vs_twin,0.015040780011047231
609,gain_row_vs_twin,0.018216384126700312
610,gain_row_vs_twin,0.01243618296338658
611,gain_row_vs_twin,0.013643217387138836
612,gain_row_vs_twin,0.017078742438552428
613,gain_row_vs_twin,0.01620260794926468
614,gain_row_vs_twin,0.013660796089388015
615,gain_row_vs_twin,0.016901515056856012
616,gain_row_vs_twin,0.011469430431202146
617,gain_row_vs_twin,0.01375905537786131
618,gain_row_vs_twin,0.019301835706734112
619,gain_row_vs_twin,0.012400705411831817
620,gain_row_vs_twin,0.01690267722286178
621,gain_row_vs_twin,0.01611191340975878
622,gain_row_vs_twin,0.011832396454260572
623,gain_row_vs_twin,0.01262529158934835
624,gain_row_vs_twin,0.016047510667946335
625,gain_row_vs_twin,0.014579501592831421
626,gain_row_vs_twin,0.013889912691772862
627,gain_row_vs_twin,0.013546134376164367
628,gain_row_vs_twin,0.017832711670159422
629,gain_row_vs_twin,0.019461995585712037
630,gain_row_vs_twin,0.015876802729981942
631,gain_row_vs_twin,0.017750980479298465
632,gain_row_vs_twin,0.0173551072198997
633,gain_row_vs_twin,0.017183343745130194
634,gain_row_vs_twin,0.008864382975260014
635,gain_row_vs_twin,0.014729935052054248
636,gain_row_vs_twin,0.01643247998319506
637,gain_row_vs_twin,0.01755529069557939
638,gain_row_vs_twin,0.01149263070669962
639,gain_row_vs_twin,0.011897050223165659
640,gain_row_vs_twin,0.01574676396791658
641,gain_row_vs_twin,0.019467940224686644
642,gain_row_vs_twin,0.016312447667859928
643,gain_row_vs_twin,0.015103264272275846
644,gain_row_vs_twin,0.01105544796144132
645,gain_row_vs_twin,0.014744557114799852
646,gain_row_vs_twin,0.014876984276418185
647,gain_row_vs_twin,0.012697718755185472
648,gain_row_vs_twin,0.017786621236957356
649,gain_row_vs_twin,0.011175465796192883
650,gain_row_vs_twin,0.015061928696336324
651,gain_row_vs_twin,0.014989457108253718
652,gain_row_vs_twin,0.018316805014497426
653,gain_row_vs_twin,0.01136583129741763
654,gain_row_vs_twin,0.01630582832970711
655,gain_row_vs_twin,0.016470237574395894
656,gain_row_vs_twin,0.011567374809894981
657,gain_row_vs_twin,0.016568625056850455
658,gain_row_vs_twin,0.01482067537423982
659,gain_row_vs_twin,0.01645698736815042
660,gain_row_vs_twin,0.013472441289189197
661,gain_row_vs_twin,0.01150478588057291
662,gain_row_vs_twin,0.015521149061778507
663,gain_row_vs_twin,0.012984141181716608
664,gain_row_vs_twin,0.01684301129072091
665,gain_row_vs_twin,0.015925651610381685
666,gain_row_vs_twin,0.011856667623176633
667,gain_row_vs_twin,0.015411557582618477
668,gain_row_vs_twin,0.017162776475170317
669,gain_row_vs_twin,0.014772514569928482
670,gain_row_vs_twin,0.014473092226800165
671,gain_row_vs_twin,0.01498447488235343
672,gain_row_vs_twin,0.013556778284186595
673,gain_row_vs_twin,0.014853045610358637
674,gain_row_vs_twin,0.014383843345996683
675,gain_row_vs_twin,0.01223423396882585
676,gain_row_vs_twin,0.017115287033476374
677,gain_row_vs_twin,0.015460083527859825
678,gain_row_vs_twin,0.013120266249865353
679,gain_row_vs_twin,0.018340395929581345
680,gain_row_vs_twin,0.014758197936404597
681,gain_row_vs_twin,0.012775525846744545
682,gain_row_vs_twin,0.008402900915735716
683,gain_row_vs_twin,0.01484484155152922
684,gain_row_vs_twin,0.014493877742561419
685,gain_row_vs_twin,0.010893045369201191
686,gain_row_vs_twin,0.013195430688276952
687,gain_row_vs_twin,0.01732878498969301
688,gain_row_vs_twin,0.014086434356822502
689,gain_row_vs_twin,0.011775895081346629
690,gain_row_vs_twin,0.014188116819405638
691,gain_row_vs_twin,0.013483360824520285
692,gain_row_vs_twin,0.014954139841591918
693,gain_row_vs_twin,0.016447757347651366
694,gain_row_vs_twin,0.01772775287952563
695,gain_row_vs_twin,0.01628962373721161
696,gain_row_vs_twin,0.016001956030224845
697,gain_row_vs_twin,0.015520388278128223
698,gain_row_vs_twin,0.016364251547575478
699,gain_row_vs_twin,0.01735930872782602
700,gain_row_vs_twin,0.01445648329369518
701,gain_row_vs_twin,0.015516877634440195
702,gain_row_vs_twin,0.01298609827571188
703,gain_row_vs_twin,0.01337508579978673
704,gain_row_vs_twin,0.01743948486518252
705,gain_row_vs_twin,0.01204104871253652
706,gain_row_vs_twin,0.01654655612134719
707,gain_row_vs_twin,0.01035118381701902
708,gain_row_vs_twin,0.0153954500906309
709,gain_row_vs_twin,0.017511610755872785
710,gain_row_vs_twin,0.017483156194883564
711,gain_row_vs_twin,0.013399875097356882
712,gain_row_vs_twin,0.017788726860013388
713,gain_row_vs_twin,0.01814743732076212
714,gain_row_vs_twin,0.015394358653434097
715,gain_row_vs_twin,0.013747335487009018
716,gain_row_vs_twin,0.01193827158974527
717,gain_row_vs_twin,0.013683370495302983
718,gain_row_vs_twin,0.01573079834731906
719,gain_row_vs_twin,0.015979463890922998
720,gain_row_vs_twin,0.01667435494613189
721,gain_row_vs_twin,0.015349577633062841
722,gain_row_vs_twin,0.01380093417990447
723,gain_row_vs_twin,0.016650168370038194
724,gain_row_vs_twin,0.015990359585818504
725,gain_row_vs_twin,0.017219586466272908
726,gain_row_vs_twin,0.012101874866743665
727,gain_row_vs_twin,0.013507095624677636
728,gain_row_vs_twin,0.01363966994527272
729,gain_row_vs_twin,0.014508930201402629
730,gain_row_vs_twin,0.014831052614803285
731,gain_row_vs_twin,0.014643611404187034
732,gain_row_vs_twin,0.010470787455206009
733,gain_row_vs_twin,0.011316657188316486
734,gain_row_vs_twin,0.016255096183971092
735,gain_row_vs_twin,0.0159496121042795
736,gain_row_vs_twin,0.013275743365142229
737,gain_row_vs_twin,0.014845404441397732
738,gain_row_vs_twin,0.015066114424402402
739,gain_row_vs_twin,0.014025372058113264
740,gain_row_vs_twin,0.012973258552813394
741,gain_row_vs_twin,0.017507914445485443
742,gain_row_vs_twin,0.012114370316555892
743,gain_row_vs_twin,0.016707495324275817
744,gain_row_vs_twin,0.012629729362555067
745,gain_row_vs_twin,0.013853438782085229
746,gain_row_vs_twin,0.013771812017792973
747,gain_row_vs_twin,0.016040185057468844
748,gain_row_vs_twin,0.014974511146899265
749,gain_row_vs_twin,0.013946207644033306
750,gain_row_vs_twin,0.01165972046623257
751,gain_row_vs_twin,0.015512521283013997
752,gain_row_vs_twin,0.019079215711379046
753,gain_row_vs_twin,0.01880446326301206
754,gain_row_vs_twin,0.01550321502435032
755,gain_row_vs_twin,0.014544612313834597
756,gain_row_vs_twin,0.015824733808010992
757,gain_row_vs_twin,0.015472123003930152
758,gain_row_vs_twin,0.014659538018830656
759,gain_row_vs_twin,0.01635632533935047
760,gain_row_vs_twin,0.010550229448531448
761,gain_row_vs_twin,0.016243874339663546
762,gain_row_vs_twin,0.015755002431217146
763,gain_row_vs_twin,0.014370818318898467
764,gain_row_vs_twin,0.015741085625439414
765,gain_row_vs_twin,0.014498927202828043
766,gain_row_vs_twin,0.01178310803557045
767,gain_row_vs_twin,0.015105637863235096
768,gain_row_vs_twin,0.01549059289003969
769,gain_row_vs_twin,0.013750183870834752
770,gain_row_vs_twin,0.01469424288775901
771,gain_row_vs_twin,0.016128212398922225
772,gain_row_vs_twin,0.014890312825854164
773,gain_row_vs_twin,0.016937822330938646
774,gain_row_vs_twin,0.014620627944686451
775,gain_row_vs_twin,0.015503766683298462
776,gain_row_vs_twin,0.014524841127486003
777,gain_row_vs_twin,0.015369934236714344
778,gain_row_vs_twin,0.012801260845055729
779,gain_row_vs_twin,0.013961185556460112
780,gain_row_vs_twin,0.016901816956646314
781,gain_row_vs_twin,0.014486862593304946
782,gain_row_vs_twin,0.01388887372547648
783,gain_row_vs_twin,0.014710354581256826
784,gain_row_vs_twin,0.01629776522633794
785,gain_row_vs_twin,0.015353875557823719
786,gain_row_vs_twin,0.016830638402684082
787,gain_row_vs_twin,0.016542829369788684
788,gain_row_vs_twin,0.01529668775207837
789,gain_row_vs_twin,0.011568183364588387
790,gain_row_vs_twin,0.009523397938819443
791,gain_row_vs_twin,0.01539944559709843
792,gain_row_vs_twin,0.014852562491910007
793,gain_row_vs_twin,0.014972626074748335
794,gain_row_vs_twin,0.010979461543567517
795,gain_row_vs_twin,0.011753278619568932
796,gain_row_vs_twin,0.013473212506686585
797,gain_row_vs_twin,0.015460638408781988
798,gain_row_vs_twin,0.01579815618072275
799,gain_row_vs_twin,0.014537295954051257
800,gain_row_vs_twin,0.013785646413183203
801,gain_row_vs_twin,0.016981723566178376
802,gain_row_vs_twin,0.013664682350934747
803,gain_row_vs_twin,0.01534954827005743
804,gain_row_vs_twin,0.014479477482825992
805,gain_row_vs_twin,0.015622199455509847
806,gain_row_vs_twin,0.01128720838711567
807,gain_row_vs_twin,0.012101147352482858
808,gain_row_vs_twin,0.017871007318888077
809,gain_row_vs_twin,0.014658679792790407
810,gain_row_vs_twin,0.01133707348703958
811,gain_row_vs_twin,0.011589628158716734
812,gain_row_vs_twin,0.014040564948243501
813,gain_row_vs_twin,0.011244466164929445
814,gain_row_vs_twin,0.015647287086118476
815,gain_row_vs_twin,0.015270426926293728
816,gain_row_vs_twin,0.01581857483868513
817,gain_row_vs_twin,0.014340673952507463
818,gain_row_vs_twin,0.012621224914585996
819,gain_row_vs_twin,0.015952746507338685
820,gain_row_vs_twin,0.013567979469256286
821,gain_row_vs_twin,0.010479738895603974
822,gain_row_vs_twin,0.013621701580122967
823,gain_row_vs_twin,0.013261789221728904
824,gain_row_vs_twin,0.012650922775703599
825,gain_row_vs_twin,0.014712619518928207
826,gain_row_vs_twin,0.012421643967655455
827,gain_row_vs_twin,0.013427295209608725
828,gain_row_vs_twin,0.01745049231048168
829,gain_row_vs_twin,0.01834090607837193
830,gain_row_vs_twin,0.017487564808507904
831,gain_row_vs_twin,0.017409919496544943
832,gain_row_vs_twin,0.014380189725071576
833,gain_row_vs_twin,0.011483675570028426
834,gain_row_vs_twin,0.01603310659304974
835,gain_row_vs_twin,0.013196176767153333
836,gain_row_vs_twin,0.013423706014384126
837,gain_row_vs_twin,0.01649121123556493
838,gain_row_vs_twin,0.010549074953229395
839,gain_row_vs_twin,0.015721876665704963
840,gain_row_vs_twin,0.015262502781283055
841,gain_row_vs_twin,0.014864265595029858
842,gain_row_vs_twin,0.014507360031175504
843,gain_row_vs_twin,0.014579219444196934
844,gain_row_vs_twin,0.010501679703531207
845,gain_row_vs_twin,0.015677257069590455
846,gain_row_vs_twin,0.014900085915383918
847,gain_row_vs_twin,0.015261682032381027
848,gain_row_vs_twin,0.012870089959875814
849,gain_row_vs_twin,0.016077544502909644
850,gain_row_vs_twin,0.015263969234150285
851,gain_row_vs_twin,0.016124614048677856
852,gain_row_vs_twin,0.015875177498436026
853,gain_row_vs_twin,0.013984347000551336
854,gain_row_vs_twin,0.01466714971292611
855,gain_row_vs_twin,0.012398412054048999
856,gain_row_vs_twin,0.0162618752523073
857,gain_row_vs_twin,0.015353822943173704
858,gain_row_vs_twin,0.01538678058784318
859,gain_row_vs_twin,0.012799488699949303
860,gain_row_vs_twin,0.015203651538323032
861,gain_row_vs_twin,0.011729163773065413
862,gain_row_vs_twin,0.017177312969785603
863,gain_row_vs_twin,0.01323811322402858
864,gain_row_vs_twin,0.012923112522474195
865,gain_row_vs_twin,0.017709641234727614
866,gain_row_vs_twin,0.015131186899808175
867,gain_row_vs_twin,0.016591307108080582
868,gain_row_vs_twin,0.01286914905209482
869,gain_row_vs_twin,0.014781665655744488
870,gain_row_vs_twin,0.015474448232240942
871,gain_row_vs_twin,0.015635508478885157
872,gain_row_vs_twin,0.01633410409657639
873,gain_row_vs_twin,0.018344385856486685
874,gain_row_vs_twin,0.015918907894664987
875,gain_row_vs_twin,0.016842624585423138
876,gain_row_vs_twin,0.01300171166832335
877,gain_row_vs_twin,0.013626467124720381
878,gain_row_vs_twin,0.013871754860266278
879,gain_row_vs_twin,0.014167771542361879
880,gain_row_vs_twin,0.015604744293399317
881,gain_row_vs_twin,0.016132442643043594
882,gain_row_vs_twin,0.012132998645564134
883,gain_row_vs_twin,0.012906021577272605
884,gain_row_vs_twin,0.011482196322964853
885,gain_row_vs_twin,0.016305929603937026
886,gain_row_vs_twin,0.017643406064346997
887,gain_row_vs_twin,0.015372832812271859
888,gain_row_vs_twin,0.016535292548217423
889,gain_row_vs_twin,0.015749686684911664
890,gain_row_vs_twin,0.013187397745845084
891,gain_row_vs_twin,0.00947692992268992
892,gain_row_vs_twin,0.014621599262504099
893,gain_row_vs_twin,0.015211184837860292
894,gain_row_vs_twin,0.016117862015023413
895,gain_row_vs_twin,0.019046713046593954
896,gain_row_vs_twin,0.011952951705640074
897,gain_row_vs_twin,0.015012962765865247
898,gain_row_vs_twin,0.01752752512336411
899,gain_row_vs_twin,0.013393558938044507
900,gain_row_vs_twin,0.01712639946553152
901,gain_row_vs_twin,0.017018928608670623
902,gain_row_vs_twin,0.014294598549457721
903,gain_row_vs_twin,0.01479280157620201
904,gain_row_vs_twin,0.013455261901333958
905,gain_row_vs_twin,0.01194156493277145
906,gain_row_vs_twin,0.016280976961056313
907,gain_row_vs_twin,0.012451814309597634
908,gain_row_vs_twin,0.01431828022946287
909,gain_row_vs_twin,0.013811809121275541
910,gain_row_vs_twin,0.012487299686899978
911,gain_row_vs_twin,0.01391844705245233
912,gain_row_vs_twin,0.014969621544586394
913,gain_row_vs_twin,0.01549698460297588
914,gain_row_vs_twin,0.015476992807582215
915,gain_row_vs_twin,0.015268821314399867
916,gain_row_vs_twin,0.01561251483217008
917,gain_row_vs_twin,0.015388167518243822
918,gain_row_vs_twin,0.010258980470590895
919,gain_row_vs_twin,0.01282289734638427
920,gain_row_vs_twin,0.014726887301996937
921,gain_row_vs_twin,0.013753766657662678
922,gain_row_vs_twin,0.014992472108931546
923,gain_row_vs_twin,0.013490481173527172
924,gain_row_vs_twin,0.014712320143776015
925,gain_row_vs_twin,0.013852957400426812
926,gain_row_vs_twin,0.010229277795549899
927,gain_row_vs_twin,0.014922690385703033
928,gain_row_vs_twin,0.012444888858008976
929,gain_row_vs_twin,0.01708237173622777
930,gain_row_vs_twin,0.015883909262774616
931,gain_row_vs_twin,0.01619978381837111
932,gain_row_vs_twin,0.013832553556917543
933,gain_row_vs_twin,0.010661507417646534
934,gain_row_vs_twin,0.01597698866702584
935,gain_row_vs_twin,0.015615704268099913
936,gain_row_vs_twin,0.014391910834266912
937,gain_row_vs_twin,0.017292492398610443
938,gain_row_vs_twin,0.013219160500917038
939,gain_row_vs_twin,0.016945781416016374
940,gain_row_vs_twin,0.01313611813131479
941,gain_row_vs_twin,0.01873930179247669
942,gain_row_vs_twin,0.014287899808507315
943,gain_row_vs_twin,0.01431311745118324
944,gain_row_vs_twin,0.012949867284248764
945,gain_row_vs_twin,0.015725185022255925
946,gain_row_vs_twin,0.017479553214615147
947,gain_row_vs_twin,0.014955142771604021
948,gain_row_vs_twin,0.018642478240349935
949,gain_row_vs_twin,0.015187826212686844
950,gain_row_vs_twin,0.014779330523509469
951,gain_row_vs_twin,0.010866985438155672
952,gain_row_vs_twin,0.017385520935134905
953,gain_row_vs_twin,0.009453963648798155
954,gain_row_vs_twin,0.017594616504381603
955,gain_row_vs_twin,0.016416651462535913
956,gain_row_vs_twin,0.013179195406088983
957,gain_row_vs_twin,0.015199808789043893
958,gain_row_vs_twin,0.017978032832458975
959,gain_row_vs_twin,0.014576007704529504
960,gain_row_vs_twin,0.017689813146103756
961,gain_row_vs_twin,0.01624019376614564
962,gain_row_vs_twin,0.016472550279405536
963,gain_row_vs_twin,0.014814523484857168
964,gain_row_vs_twin,0.012663248633956844
965,gain_row_vs_twin,0.01392859408629805
966,gain_row_vs_twin,0.018606724355674908
967,gain_row_vs_twin,0.014145276594372837
968,gain_row_vs_twin,0.015825329377765755
969,gain_row_vs_twin,0.0132165849121187
970,gain_row_vs_twin,0.012645769910149235
971,gain_row_vs_twin,0.014981088275026287
972,gain_row_vs_twin,0.014897825476882759
973,gain_row_vs_twin,0.012537274800048128
974,gain_row_vs_twin,0.016503988235729926
975,gain_row_vs_twin,0.012544423171213962
976,gain_row_vs_twin,0.01695040823554186
977,gain_row_vs_twin,0.01758876540367755
978,gain_row_vs_twin,0.013910530135815278
979,gain_row_vs_twin,0.01396392307695665
980,gain_row_vs_twin,0.01502385846076075
981,gain_row_vs_twin,0.014974672977932554
982,gain_row_vs_twin,0.015658273943887697
983,gain_row_vs_twin,0.012504393327143726
984,gain_row_vs_twin,0.016026133641789665
985,gain_row_vs_twin,0.013184242443262714
986,gain_row_vs_twin,0.014688180950313403
987,gain_row_vs_twin,0.013827081985217081
988,gain_row_vs_twin,0.01363931975186505
989,gain_row_vs_twin,0.016419965429210388
990,gain_row_vs_twin,0.015094736488110659
991,gain_row_vs_twin,0.01298167976993185
992,gain_row_vs_twin,0.017076785053135674
993,gain_row_vs_twin,0.015928347962841354
994,gain_row_vs_twin,0.012319985584260557
995,gain_row_vs_twin,0.01809623804202845
996,gain_row_vs_twin,0.016062960086907
997,gain_row_vs_twin,0.01730065963119327
998,gain_row_vs_twin,0.012700815234572982
999,gain_row_vs_twin,0.013283811271151287
1000,gain_row_vs_twin,0.019020558654094334
1001,gain_row_vs_twin,0.015143363289090868
1002,gain_row_vs_twin,0.01734648123546306
1003,gain_row_vs_twin,0.014208218777793782
1004,gain_row_vs_twin,0.016689123099503916
1005,gain_row_vs_twin,0.016431252892994724
1006,gain_row_vs_twin,0.014840456380387978
1007,gain_row_vs_twin,0.01637742599507008
1008,gain_row_vs_twin,0.013216467008258707
1009,gain_row_vs_twin,0.0167417380587985
1010,gain_row_vs_twin,0.01786909567717054
1011,gain_row_vs_twin,0.014134008059822522
1012,gain_row_vs_twin,0.014527877112151245
1013,gain_row_vs_twin,0.015232468476107926
1014,gain_row_vs_twin,0.013409739671387607
1015,gain_row_vs_twin,0.01189339380616399
1016,gain_row_vs_twin,0.014027219816368943
1017,gain_row_vs_twin,0.015902768879600133
1018,gain_row_vs_twin,0.01613415252725208
1019,gain_row_vs_twin,0.015565893762975307
1020,gain_row_vs_twin,0.014537932515320548
1021,gain_row_vs_twin,0.013157088953412466
1022,gain_row_vs_twin,0.01310739870744784
1023,gain_row_vs_twin,0.013748593125873535
1024,gain_row_vs_twin,0.009461019452015917
1025,gain_row_vs_twin,0.01463446489318609
1026,gain_row_vs_twin,0.012739748903240462
1027,gain_row_vs_twin,0.013969799073916442
1028,gain_row_vs_twin,0.01610225670153604
1029,gain_row_vs_twin,0.014462101367869263
1030,gain_row_vs_twin,0.017521665497956453
1031,gain_row_vs_twin,0.015030432958567675
1032,gain_row_vs_twin,0.01657235222017774
1033,gain_row_vs_twin,0.016515091503716363
1034,gain_row_vs_twin,0.016067054425781078
1035,gain_row_vs_twin,0.0166275882015792
1036,gain_row_vs_twin,0.01601984204178824
1037,gain_row_vs_twin,0.017275774583743502
1038,gain_row_vs_twin,0.017146360934360897
1039,gain_row_vs_twin,0.013838871949380325
1040,gain_row_vs_twin,0.01761671022724629
1041,gain_row_vs_twin,0.01071458513085297
1042,gain_row_vs_twin,0.013117195864552659
1043,gain_row_vs_twin,0.01593642659485822
1044,gain_row_vs_twin,0.011225153460936008
1045,gain_row_vs_twin,0.016057331930371926
1046,gain_row_vs_twin,0.010497159299573835
1047,gain_row_vs_twin,0.0128052751141506
1048,gain_row_vs_twin,0.012986951938894393
1049,gain_row_vs_twin,0.015105438993516086
1050,gain_row_vs_twin,0.013067224658702668
1051,gain_row_vs_twin,0.017265860093677175
1052,gain_row_vs_twin,0.014545402251602056
1053,gain_row_vs_twin,0.01075799903925292
1054,gain_row_vs_twin,0.014680259087367333
1055,gain_row_vs_twin,0.012369673867726182
1056,gain_row_vs_twin,0.007869449872588025
1057,gain_row_vs_twin,0.014342049017544087
1058,gain_row_vs_twin,0.014272797628597842
1059,gain_row_vs_twin,0.013365331856384555
1060,gain_row_vs_twin,0.015016162515250437
1061,gain_row_vs_twin,0.016849123205677066
1062,gain_row_vs_twin,0.01756173078410354
1063,gain_row_vs_twin,0.011647219818478651
1064,gain_row_vs_twin,0.017807614873009747
1065,gain_row_vs_twin,0.011601781562846969
1066,gain_row_vs_twin,0.012692117528131033
1067,gain_row_vs_twin,0.01760947599979077
1068,gain_row_vs_twin,0.01757268176495087
1069,gain_row_vs_twin,0.015862285274650938
1070,gain_row_vs_twin,0.012564850338519935
1071,gain_row_vs_twin,0.01565359572630282
1072,gain_row_vs_twin,0.011396252193679287
1073,gain_row_vs_twin,0.013998254189411872
1074,gain_row_vs_twin,0.011993348718075234
1075,gain_row_vs_twin,0.014073934298723495
1076,gain_row_vs_twin,0.015993876997865582
1077,gain_row_vs_twin,0.013489133987368927
1078,gain_row_vs_twin,0.01627326895709088
1079,gain_row_vs_twin,0.013394438302326245
1080,gain_row_vs_twin,0.01633826479442921
1081,gain_row_vs_twin,0.016721251013780806
1082,gain_row_vs_twin,0.012413325019669982
1083,gain_row_vs_twin,0.01694241829857704
1084,gain_row_vs_twin,0.01308806844475652
1085,gain_row_vs_twin,0.017361072543566083
1086,gain_row_vs_twin,0.01504709869450828
1087,gain_row_vs_twin,0.01877688193576285
1088,gain_row_vs_twin,0.012365771176875389
1089,gain_row_vs_twin,0.01881305896133696
1090,gain_row_vs_twin,0.01315856479219675
1091,gain_row_vs_twin,0.015069262982807256
1092,gain_row_vs_twin,0.01560501468848127
1093,gain_row_vs_twin,0.016546215659611105
1094,gain_row_vs_twin,0.015931746523334844
1095,gain_row_vs_twin,0.01741980724160527
1096,gain_row_vs_twin,0.014483548617991974
1097,gain_row_vs_twin,0.011268876521318241
1098,gain_row_vs_twin,0.013459079183938365
1099,gain_row_vs_twin,0.01448009983099796
1100,gain_row_vs_twin,0.010932933510456742
1101,gain_row_vs_twin,0.017566861364659264
1102,gain_row_vs_twin,0.01692334373836077
1103,gain_row_vs_twin,0.017030376997789733
1104,gain_row_vs_twin,0.010763926425259857
1105,gain_row_vs_twin,0.01640384718881955
1106,gain_row_vs_twin,0.014137151556463844
1107,gain_row_vs_twin,0.012716939683629141
1108,gain_row_vs_twin,0.01948826995597649
1109,gain_row_vs_twin,0.015884632345265843
1110,gain_row_vs_twin,0.013984622508756456
1111,gain_row_vs_twin,0.014504350316298225
1112,gain_row_vs_twin,0.018098108980188286
1113,gain_row_vs_twin,0.014348799054276388
1114,gain_row_vs_twin,0.015329409198873283
1115,gain_row_vs_twin,0.01321543732350777
1116,gain_row_vs_twin,0.013526772773284552
1117,gain_row_vs_twin,0.012454830359939582
1118,gain_row_vs_twin,0.014725493990845875
1119,gain_row_vs_twin,0.015051066850012203
1120,gain_row_vs_twin,0.020623483770226266
1121,gain_row_vs_twin,0.01613250159584486
1122,gain_row_vs_twin,0.017296875422218815
1123,gain_row_vs_twin,0.014761933538050817
1124,gain_row_vs_twin,0.014851808297861532
1125,gain_row_vs_twin,0.01621290645772454
1126,gain_row_vs_twin,0.0171313007171766
1127,gain_row_vs_twin,0.016535598289037966
1128,gain_row_vs_twin,0.01385058930644567
1129,gain_row_vs_twin,0.015617125269198746
1130,gain_row_vs_twin,0.01101385418093614
1131,gain_row_vs_twin,0.012788303538292262
1132,gain_row_vs_twin,0.01655953150764228
1133,gain_row_vs_twin,0.013367257934462315
1134,gain_row_vs_twin,0.012643616653106964
1135,gain_row_vs_twin,0.013781305279628299
1136,gain_row_vs_twin,0.012263079089195552
1137,gain_row_vs_twin,0.012925613567830976
1138,gain_row_vs_twin,0.015594613736857766
1139,gain_row_vs_twin,0.017997908295673687
1140,gain_row_vs_twin,0.01507307503155193
1141,gain_row_vs_twin,0.011556100791531965
1142,gain_row_vs_twin,0.01795343579078376
1143,gain_row_vs_twin,0.017702275444524417
1144,gain_row_vs_twin,0.015765237368372962
1145,gain_row_vs_twin,0.016528810347919417
1146,gain_row_vs_twin,0.017243360980976223
1147,gain_row_vs_twin,0.015093329149118522
1148,gain_row_vs_twin,0.016784398380076525
1149,gain_row_vs_twin,0.013179265174596482
1150,gain_row_vs_twin,0.015761620779136645
1151,gain_row_vs_twin,0.01564276308746688
1152,gain_row_vs_twin,0.014535350707537007
1153,gain_row_vs_twin,0.013311679961524974
1154,gain_row_vs_twin,0.014181660823746755
1155,gain_row_vs_twin,0.01216687332547702
1156,gain_row_vs_twin,0.016292189067085974
1157,gain_row_vs_twin,0.01185371466256528
1158,gain_row_vs_twin,0.017051357405381596
1159,gain_row_vs_twin,0.016030061884880868
1160,gain_row_vs_twin,0.01491736825963329
1161,gain_row_vs_twin,0.01369130635567196
1162,gain_row_vs_twin,0.015782091401352092
1163,gain_row_vs_twin,0.017129353630519623
1164,gain_row_vs_twin,0.01235092480222061
1165,gain_row_vs_twin,0.0186787849323855
1166,gain_row_vs_twin,0.011269803835433434
1167,gain_row_vs_twin,0.015870365315597143
1168,gain_row_vs_twin,0.013303888059252445
1169,gain_row_vs_twin,0.009862989914288151
1170,gain_row_vs_twin,0.013473028438219903
1171,gain_row_vs_twin,0.014035374899161068
1172,gain_row_vs_twin,0.017517099382893763
1173,gain_row_vs_twin,0.016256958454266647
1174,gain_row_vs_twin,0.017235610558067615
1175,gain_row_vs_twin,0.015946864617955175
1176,gain_row_vs_twin,0.014247216406300807
1177,gain_row_vs_twin,0.015813788862903723
1178,gain_row_vs_twin,0.014071036535614057
1179,gain_row_vs_twin,0.012389065332106786
1180,gain_row_vs_twin,0.015105905930128522
1181,gain_row_vs_twin,0.011220882082511891
1182,gain_row_vs_twin,0.015923864934719482
1183,gain_row_vs_twin,0.014705363116018616
1184,gain_row_vs_twin,0.011586213266727107
1185,gain_row_vs_twin,0.013097016381837296
1186,gain_row_vs_twin,0.013022719493672952
1187,gain_row_vs_twin,0.017154143733971387
1188,gain_row_vs_twin,0.013457022835693958
1189,gain_row_vs_twin,0.013330754368987882
1190,gain_row_vs_twin,0.01702001810038061
1191,gain_row_vs_twin,0.009979985905680045
1192,gain_row_vs_twin,0.014254734746856096
1193,gain_row_vs_twin,0.013239383855862373
1194,gain_row_vs_twin,0.014999124629336781
1195,gain_row_vs_twin,0.011350830165323423
1196,gain_row_vs_twin,0.015486926456455235
1197,gain_row_vs_twin,0.016508727824778333
1198,gain_row_vs_twin,0.012486579792741205
1199,gain_row_vs_twin,0.014413576698691881
1200,gain_row_vs_twin,0.015186598271235054
1201,gain_row_vs_twin,0.014543747554397435
1202,gain_row_vs_twin,0.017753912115666303
1203,gain_row_vs_twin,0.014583302718265426
1204,gain_row_vs_twin,0.014668191271104651
1205,gain_row_vs_twin,0.012051261448083116
1206,gain_row_vs_twin,0.013410942909255288
1207,gain_row_vs_twin,0.014587322780788137
1208,gain_row_vs_twin,0.012961841662038622
1209,gain_row_vs_twin,0.018377497610131768
1210,gain_row_vs_twin,0.013033084415766786
1211,gain_row_vs_twin,0.014823730886118061
1212,gain_row_vs_twin,0.015977285629127657
1213,gain_row_vs_twin,0.016892790420933425
1214,gain_row_vs_twin,0.013482313900273334
1215,gain_row_vs_twin,0.01693263644005784
1216,gain_row_vs_twin,0.015639650613116698
1217,gain_row_vs_twin,0.010027901689930152
1218,gain_row_vs_twin,0.012882344381697334
1219,gain_row_vs_twin,0.017373840341468143
1220,gain_row_vs_twin,0.011610953550322848
1221,gain_row_vs_twin,0.01829789456209054
1222,gain_row_vs_twin,0.010209987119311297
1223,gain_row_vs_twin,0.016726717950699087
1224,gain_row_vs_twin,0.01541720531139518
1225,gain_row_vs_twin,0.015482545930640136
1226,gain_row_vs_twin,0.009204259513557309
1227,gain_row_vs_twin,0.017048910203371605
1228,gain_row_vs_twin,0.014376819086700092
1229,gain_row_vs_twin,0.014341587986756246
1230,gain_row_vs_twin,0.012287600987594805
1231,gain_row_vs_twin,0.013179862211329543
1232,gain_row_vs_twin,0.015565566603346884
1233,gain_row_vs_twin,0.015584112124711795
1234,gain_row_vs_twin,0.01205570104312633
1235,gain_row_vs_twin,0.014922713265374752
1236,gain_row_vs_twin,0.014562619091584655
1237,gain_row_vs_twin,0.015611689193216493
1238,gain_row_vs_twin,0.015826845735334386
1239,gain_row_vs_twin,0.015249195735917534
1240,gain_row_vs_twin,0.01779834250964094
1241,gain_row_vs_twin,0.015489747650709226
1242,gain_row_vs_twin,0.014942442360362065
1243,gain_row_vs_twin,0.017606347667582848
1244,gain_row_vs_twin,0.014146514151656903
1245,gain_row_vs_twin,0.01408956181031394
1246,gain_row_vs_twin,0.01594177271797088
1247,gain_row_vs_twin,0.015166296018383625
1248,gain_row_vs_twin,0.011869481648650256
1249,gain_row_vs_twin,0.015725192962062994
1250,gain_row_vs_twin,0.0169770767202398
1251,gain_row_vs_twin,0.012961095448058116
1252,gain_row_vs_twin,0.014395651172857085
1253,gain_row_vs_twin,0.01574047811772807
1254,gain_row_vs_twin,0.015368476834361789
1255,gain_row_vs_twin,0.011914392323189539
1256,gain_row_vs_twin,0.017406775350219852
1257,gain_row_vs_twin,0.0169097310740209
1258,gain_row_vs_twin,0.013047046890579147
1259,gain_row_vs_twin,0.015038310196673982
1260,gain_row_vs_twin,0.014689069373686763
1261,gain_row_vs_twin,0.014192527869107506
1262,gain_row_vs_twin,0.0179910901443952
1263,gain_row_vs_twin,0.014208214823069514
1264,gain_row_vs_twin,0.0127098691695277
1265,gain_row_vs_twin,0.013062198587581385
1266,gain_row_vs_twin,0.014144437033229179
1267,gain_row_vs_twin,0.01158445508967417
1268,gain_row_vs_twin,0.019264567916824425
1269,gain_row_vs_twin,0.013017219660632488
1270,gain_row_vs_twin,0.014380011636923267
1271,gain_row_vs_twin,0.012510544616233955
1272,gain_row_vs_twin,0.017151953363979792
1273,gain_row_vs_twin,0.013869540692791837
1274,gain_row_vs_twin,0.01573171307279725
1275,gain_row_vs_twin,0.01482024704509691
1276,gain_row_vs_twin,0.01532602647051349
1277,gain_row_vs_twin,0.012183241562817389
1278,gain_row_vs_twin,0.01193019676209271
1279,gain_row_vs_twin,0.015177470476998037
1280,gain_row_vs_twin,0.014437511170960234
1281,gain_row_vs_twin,0.014895800468323672
1282,gain_row_vs_twin,0.015138644521060108
1283,gain_row_vs_twin,0.014736761728687545
1284,gain_row_vs_twin,0.010941700950736074
1285,gain_row_vs_twin,0.017028875017583454
1286,gain_row_vs_twin,0.016463789653247702
1287,gain_row_vs_twin,0.014544450972371599
1288,gain_row_vs_twin,0.013382220991039242
1289,gain_row_vs_twin,0.017522904302029664
1290,gain_row_vs_twin,0.016788008633576386
1291,gain_row_vs_twin,0.016714808821442516
1292,gain_row_vs_twin,0.015509964934599177
1293,gain_row_vs_twin,0.015367253554911248
1294,gain_row_vs_twin,0.015358655986275702
1295,gain_row_vs_twin,0.01752513774314171
1296,gain_row_vs_twin,0.01307826324407283
1297,gain_row_vs_twin,0.0151469573368816
1298,gain_row_vs_twin,0.018835229374903287
1299,gain_row_vs_twin,0.01626893920147272
1300,gain_row_vs_twin,0.012702183249525257
1301,gain_row_vs_twin,0.01433626085545234
1302,gain_row_vs_twin,0.014117943999476483
1303,gain_row_vs_twin,0.013265417880131372
1304,gain_row_vs_twin,0.017541164776599526
1305,gain_row_vs_twin,0.01785521073268661
1306,gain_row_vs_twin,0.014134807346226904
1307,gain_row_vs_twin,0.015708383347172002
1308,gain_row_vs_twin,0.013209151897669707
1309,gain_row_vs_twin,0.01818665193488648
1310,gain_row_vs_twin,0.01192148589347014
1311,gain_row_vs_twin,0.01515286765325778
1312,gain_row_vs_twin,0.01440089308197226
1313,gain_row_vs_twin,0.01649537411516227
1314,gain_row_vs_twin,0.012915221047651509
1315,gain_row_vs_twin,0.013615456659111697
1316,gain_row_vs_twin,0.014099733813347398
1317,gain_row_vs_twin,0.01552108880596221
1318,gain_row_vs_twin,0.016608224961180397
1319,gain_row_vs_twin,0.013339739480804911
1320,gain_row_vs_twin,0.018035902979701725
1321,gain_row_vs_twin,0.012556733829664116
1322,gain_row_vs_twin,0.013874171183996378
1323,gain_row_vs_twin,0.014595000255406405
1324,gain_row_vs_twin,0.012916223611672103
1325,gain_row_vs_twin,0.01339025623508049
1326,gain_row_vs_twin,0.011436538990629158
1327,gain_row_vs_twin,0.011443339071454417
1328,gain_row_vs_twin,0.015815556958920424
1329,gain_row_vs_twin,0.014024945268476549
1330,gain_row_vs_twin,0.009665105156654658
1331,gain_row_vs_twin,0.0156624623957841
1332,gain_row_vs_twin,0.015946435745940225
1333,gain_row_vs_twin,0.012466358311550702
1334,gain_row_vs_twin,0.016836376833625436
1335,gain_row_vs_twin,0.015234432467428505
1336,gain_row_vs_twin,0.012981793725701707
1337,gain_row_vs_twin,0.016191103488310765
1338,gain_row_vs_twin,0.016774355396026862
1339,gain_row_vs_twin,0.014878293556343538
1340,gain_row_vs_twin,0.014581903714083886
1341,gain_row_vs_twin,0.015462946015710055
1342,gain_row_vs_twin,0.011315725444875982
1343,gain_row_vs_twin,0.0112496901222786
1344,gain_row_vs_twin,0.012563250577343723
1345,gain_row_vs_twin,0.013863561756101183
1346,gain_row_vs_twin,0.013667200499910185
1347,gain_row_vs_twin,0.015069437879832838
1348,gain_row_vs_twin,0.014725630323344749
1349,gain_row_vs_twin,0.015746902903666975
1350,gain_row_vs_twin,0.013753399244371438
1351,gain_row_vs_twin,0.010984294781391745
1352,gain_row_vs_twin,0.016100517696975968
1353,gain_row_vs_twin,0.013460208665939862
1354,gain_row_vs_twin,0.015444838979423321
1355,gain_row_vs_twin,0.0176029892262762
1356,gain_row_vs_twin,0.011999740427192599
1357,gain_row_vs_twin,0.011685883551036388
1358,gain_row_vs_twin,0.016742131024330153
1359,gain_row_vs_twin,0.01191903013527233
1360,gain_row_vs_twin,0.014747643380182756
1361,gain_row_vs_twin,0.008419251953633295
1362,gain_row_vs_twin,0.013625548786831065
1363,gain_row_vs_twin,0.01928967023407158
1364,gain_row_vs_twin,0.017497145066535495
1365,gain_row_vs_twin,0.01522320684613025
1366,gain_row_vs_twin,0.01350092813532551
1367,gain_row_vs_twin,0.015221927952294628
1368,gain_row_vs_twin,0.0160984332702725
1369,gain_row_vs_twin,0.016770323419220252
1370,gain_row_vs_twin,0.013990629381135414
1371,gain_row_vs_twin,0.015218624286733188
1372,gain_row_vs_twin,0.015804775470970023
1373,gain_row_vs_twin,0.017227968709783787
1374,gain_row_vs_twin,0.014406045303484187
1375,gain_row_vs_twin,0.014109048148926962
1376,gain_row_vs_twin,0.014215543700016533
1377,gain_row_vs_twin,0.010059949005415887
1378,gain_row_vs_twin,0.011418567103445406
1379,gain_row_vs_twin,0.016345931034243373
1380,gain_row_vs_twin,0.013151577405285478
1381,gain_row_vs_twin,0.016981258222568452
1382,gain_row_vs_twin,0.014752241000223916
1383,gain_row_vs_twin,0.01381031506394567
1384,gain_row_vs_twin,0.012506092181980425
1385,gain_row_vs_twin,0.013081805495827409
1386,gain_row_vs_twin,0.009503199892898209
1387,gain_row_vs_twin,0.016846799328317823
1388,gain_row_vs_twin,0.014633964330513385
1389,gain_row_vs_twin,0.01666542966655087
1390,gain_row_vs_twin,0.01699317109973569
1391,gain_row_vs_twin,0.01398080309843612
1392,gain_row_vs_twin,0.015847875274742084
1393,gain_row_vs_twin,0.01636297652284379
1394,gain_row_vs_twin,0.017178696412036124
1395,gain_row_vs_twin,0.01351148657255682
1396,gain_row_vs_twin,0.017035014984352524
1397,gain_row_vs_twin,0.014381847914408144
1398,gain_row_vs_twin,0.017585088879744484
1399,gain_row_vs_twin,0.017327960186809675
1400,gain_row_vs_twin,0.01258934106709912
1401,gain_row_vs_twin,0.01650303950778907
1402,gain_row_vs_twin,0.014713848295078744
1403,gain_row_vs_twin,0.014771400963097519
1404,gain_row_vs_twin,0.016563923382957254
1405,gain_row_vs_twin,0.018179816652104643
1406,gain_row_vs_twin,0.013366277475517782
1407,gain_row_vs_twin,0.01511222065574186
1408,gain_row_vs_twin,0.013887738011154654
1409,gain_row_vs_twin,0.012052489392350216
1410,gain_row_vs_twin,0.01567598182575453
1411,gain_row_vs_twin,0.014688309482297471
1412,gain_row_vs_twin,0.01717463659468607
1413,gain_row_vs_twin,0.0152929746887817
1414,gain_row_vs_twin,0.01372281790748473
1415,gain_row_vs_twin,0.01716349820944236
1416,gain_row_vs_twin,0.012811665278877433
1417,gain_row_vs_twin,0.015213698537093933
1418,gain_row_vs_twin,0.013247261670993172
1419,gain_row_vs_twin,0.014177157804656646
1420,gain_row_vs_twin,0.018028852586007872
1421,gain_row_vs_twin,0.009088096421494123
1422,gain_row_vs_twin,0.013988285718098672
1423,gain_row_vs_twin,0.013646619772730675
1424,gain_row_vs_twin,0.015427175189975618
1425,gain_row_vs_twin,0.012417098487875226
1426,gain_row_vs_twin,0.011821806316653128
1427,gain_row_vs_twin,0.01664698707845231
1428,gain_row_vs_twin,0.015629721862933734
1429,gain_row_vs_twin,0.012337729657293925
1430,gain_row_vs_twin,0.013570826184071934
1431,gain_row_vs_twin,0.01548987934624717
1432,gain_row_vs_twin,0.019575023835096506
1433,gain_row_vs_twin,0.01596481454857355
1434,gain_row_vs_twin,0.015887468607065084
1435,gain_row_vs_twin,0.011865332113005127
1436,gain_row_vs_twin,0.011397444888061775
1437,gain_row_vs_twin,0.016821775405581423
1438,gain_row_vs_twin,0.01434970276074766
1439,gain_row_vs_twin,0.010166826420237944
1440,gain_row_vs_twin,0.016540752502811513
1441,gain_row_vs_twin,0.01542279143189965
1442,gain_row_vs_twin,0.013698525297520164
1443,gain_row_vs_twin,0.01517171530288558
1444,gain_row_vs_twin,0.009519478875913341
1445,gain_row_vs_twin,0.017286542199568565
1446,gain_row_vs_twin,0.016422451155970706
1447,gain_row_vs_twin,0.014510422675227053
1448,gain_row_vs_twin,0.011694271602610214
1449,gain_row_vs_twin,0.013640677465613277
1450,gain_row_vs_twin,0.018044680987144606
1451,gain_row_vs_twin,0.013405104691070166
1452,gain_row_vs_twin,0.014482314600187025
1453,gain_row_vs_twin,0.014414546852122026
1454,gain_row_vs_twin,0.016548094284640696
1455,gain_row_vs_twin,0.017018154300370594
1456,gain_row_vs_twin,0.013846703656315433
1457,gain_row_vs_twin,0.01616706531494092
1458,gain_row_vs_twin,0.012838836299018533
1459,gain_row_vs_twin,0.014090812961263808
1460,gain_row_vs_twin,0.01541873998467197
1461,gain_row_vs_twin,0.013095461613163387
1462,gain_row_vs_twin,0.01898186485021874
1463,gain_row_vs_twin,0.015970106300964102
1464,gain_row_vs_twin,0.0162962284542274
1465,gain_row_vs_twin,0.0166360368374605
1466,gain_row_vs_twin,0.016343424503007218
1467,gain_row_vs_twin,0.014093219628267817
1468,gain_row_vs_twin,0.01286456541419743
1469,gain_row_vs_twin,0.013976266450599156
1470,gain_row_vs_twin,0.019196629207282528
1471,gain_row_vs_twin,0.01420022125427929
1472,gain_row_vs_twin,0.017430963261360143
1473,gain_row_vs_twin,0.010979291395226281
1474,gain_row_vs_twin,0.015300584786655635
1475,gain_row_vs_twin,0.008324728367215845
1476,gain_row_vs_twin,0.016457551711706236
1477,gain_row_vs_twin,0.01701241155297755
1478,gain_row_vs_twin,0.01212767135170098
1479,gain_row_vs_twin,0.01231167502276893
1480,gain_row_vs_twin,0.017165568251112782
1481,gain_row_vs_twin,0.013469288247158661
1482,gain_row_vs_twin,0.014471430627646751
1483,gain_row_vs_twin,0.012014192163105829
1484,gain_row_vs_twin,0.0160310172114585
1485,gain_row_vs_twin,0.016426661292532018
1486,gain_row_vs_twin,0.01651041940638359
1487,gain_row_vs_twin,0.012557364978086936
1488,gain_row_vs_twin,0.01596905984096751
1489,gain_row_vs_twin,0.013165459664947384
1490,gain_row_vs_twin,0.015167837778011426
1491,gain_row_vs_twin,0.013133436460336392
1492,gain_row_vs_twin,0.012275957027841107
1493,gain_row_vs_twin,0.015001118105599986
1494,gain_row_vs_twin,0.015234383690479348
1495,gain_row_vs_twin,0.014704106940313573
1496,gain_row_vs_twin,0.012974601419723992
1497,gain_row_vs_twin,0.01607220359766379
1498,gain_row_vs_twin,0.014123939843993873
1499,gain_row_vs_twin,0.01254086907452982
1500,gain_row_vs_twin,0.015908957489476856
1501,gain_row_vs_twin,0.013842866697987346
1502,gain_row_vs_twin,0.0178408706229455
1503,gain_row_vs_twin,0.012902963675954985
1504,gain_row_vs_twin,0.012712700907266882
1505,gain_row_vs_twin,0.015006681282572801
1506,gain_row_vs_twin,0.013073080314423405
1507,gain_row_vs_twin,0.013654183739783405
1508,gain_row_vs_twin,0.016217494216158233
1509,gain_row_vs_twin,0.014225419247740248
1510,gain_row_vs_twin,0.014388259640489568
1511,gain_row_vs_twin,0.01439689673317836
1512,gain_row_vs_twin,0.015625589274091415
1513,gain_row_vs_twin,0.014159343411605236
1514,gain_row_vs_twin,0.013967769111791633
1515,gain_row_vs_twin,0.01584951736589443
1516,gain_row_vs_twin,0.015056225947173712
1517,gain_row_vs_twin,0.013562268840941194
1518,gain_row_vs_twin,0.014754320879187464
1519,gain_row_vs_twin,0.01873253226844478
1520,gain_row_vs_twin,0.013046948549173583
1521,gain_row_vs_twin,0.01392184456570951
1522,gain_row_vs_twin,0.017426292560356556
1523,gain_row_vs_twin,0.014440323107645179
1524,gain_row_vs_twin,0.01725986791594725
1525,gain_row_vs_twin,0.013802628624184288
1526,gain_row_vs_twin,0.013373320716740524
1527,gain_row_vs_twin,0.016016176387700528
1528,gain_row_vs_twin,0.013003954783897499
1529,gain_row_vs_twin,0.011291161560791758
1530,gain_row_vs_twin,0.01658114553412649
1531,gain_row_vs_twin,0.013974230971061787
1532,gain_row_vs_twin,0.015624030867323654
1533,gain_row_vs_twin,0.017778382877877107
1534,gain_row_vs_twin,0.017497883956560562
1535,gain_row_vs_twin,0.015089800380979497
1536,gain_row_vs_twin,0.011149560528407449
1537,gain_row_vs_twin,0.015335682013526713
1538,gain_row_vs_twin,0.010331518019552047
1539,gain_row_vs_twin,0.015488384583361213
1540,gain_row_vs_twin,0.011773992584339324
1541,gain_row_vs_twin,0.013284539771458595
1542,gain_row_vs_twin,0.01564342493779718
1543,gain_row_vs_twin,0.01629173409612667
1544,gain_row_vs_twin,0.01893260078548464
1545,gain_row_vs_twin,0.013591786654834683
1546,gain_row_vs_twin,0.013229479560364965
1547,gain_row_vs_twin,0.017112273849660912
1548,gain_row_vs_twin,0.01391333954603344
1549,gain_row_vs_twin,0.013691819055752142
1550,gain_row_vs_twin,0.014243802596030513
1551,gain_row_vs_twin,0.011299024941566704
1552,gain_row_vs_twin,0.013885561633816405
1553,gain_row_vs_twin,0.012785688632212976
1554,gain_row_vs_twin,0.0126757550942285
1555,gain_row_vs_twin,0.015761031408672167
1556,gain_row_vs_twin,0.013759913211676673
1557,gain_row_vs_twin,0.01610595649817796
1558,gain_row_vs_twin,0.014824151241070367
1559,gain_row_vs_twin,0.014118984461158186
1560,gain_row_vs_twin,0.015667170306462627
1561,gain_row_vs_twin,0.012333253024051633
1562,gain_row_vs_twin,0.016953647660902994
1563,gain_row_vs_twin,0.016332913842761376
1564,gain_row_vs_twin,0.015888621303841586
1565,gain_row_vs_twin,0.013628433486363015
1566,gain_row_vs_twin,0.01842955717598371
1567,gain_row_vs_twin,0.014659116193029289
1568,gain_row_vs_twin,0.012575658357432283
1569,gain_row_vs_twin,0.016517053809086735
1570,gain_row_vs_twin,0.01781338276045685
1571,gain_row_vs_twin,0.013520540035399141
1572,gain_row_vs_twin,0.01175451291420229
1573,gain_row_vs_twin,0.015377728235818995
1574,gain_row_vs_twin,0.018169898703790256
1575,gain_row_vs_twin,0.019581125281425582
1576,gain_row_vs_twin,0.015022078649385748
1577,gain_row_vs_twin,0.011644033988232747
1578,gain_row_vs_twin,0.017003972275624394
1579,gain_row_vs_twin,0.015264184240260742
1580,gain_row_vs_twin,0.011764838896640093
1581,gain_row_vs_twin,0.015284637292585007
1582,gain_row_vs_twin,0.015675600460369112
1583,gain_row_vs_twin,0.011782656822445479
1584,gain_row_vs_twin,0.014384259031086583
1585,gain_row_vs_twin,0.010957842924345719
1586,gain_row_vs_twin,0.017015023422750436
1587,gain_row_vs_twin,0.017308323867249054
1588,gain_row_vs_twin,0.013127359981128382
1589,gain_row_vs_twin,0.012020711165547288
1590,gain_row_vs_twin,0.01871691038003422
1591,gain_row_vs_twin,0.014710147869605056
1592,gain_row_vs_twin,0.01706264264124046
1593,gain_row_vs_twin,0.01550498228756381
1594,gain_row_vs_twin,0.012548916033929372
1595,gain_row_vs_twin,0.0104172441279505
1596,gain_row_vs_twin,0.01247943232811804
1597,gain_row_vs_twin,0.015282728431395153
1598,gain_row_vs_twin,0.0163504473078123
1599,gain_row_vs_twin,0.01816245064697394
1600,gain_row_vs_twin,0.013933540754631301
1601,gain_row_vs_twin,0.01027114630924493
1602,gain_row_vs_twin,0.01532135856779468
1603,gain_row_vs_twin,0.01667682101488543
1604,gain_row_vs_twin,0.014985158790836854
1605,gain_row_vs_twin,0.014508221322735751
1606,gain_row_vs_twin,0.016846481591572586
1607,gain_row_vs_twin,0.018320989358032634
1608,gain_row_vs_twin,0.014934082038544903
1609,gain_row_vs_twin,0.014802116474283868
1610,gain_row_vs_twin,0.011250444004851477
1611,gain_row_vs_twin,0.011939597629885963
1612,gain_row_vs_twin,0.014145506582311129
1613,gain_row_vs_twin,0.016401077158195266
1614,gain_row_vs_twin,0.012395285966597332
1615,gain_row_vs_twin,0.01405242718884105
1616,gain_row_vs_twin,0.014999681232118103
1617,gain_row_vs_twin,0.014786193911973212
1618,gain_row_vs_twin,0.01803123982135692
1619,gain_row_vs_twin,0.015442056761191706
1620,gain_row_vs_twin,0.016482396466447634
1621,gain_row_vs_twin,0.011334026265533021
1622,gain_row_vs_twin,0.01582859190293222
1623,gain_row_vs_twin,0.009662757934431335
1624,gain_row_vs_twin,0.011434956827943533
1625,gain_row_vs_twin,0.01242537114398069
1626,gain_row_vs_twin,0.01552654610032426
1627,gain_row_vs_twin,0.015559517234540113
1628,gain_row_vs_twin,0.018892036852653383
1629,gain_row_vs_twin,0.015976174941714487
1630,gain_row_vs_twin,0.014567906958636287
1631,gain_row_vs_twin,0.013167512921584955
1632,gain_row_vs_twin,0.01311242686114193
1633,gain_row_vs_twin,0.012895333079542784
1634,gain_row_vs_twin,0.012102817932172494
1635,gain_row_vs_twin,0.014128070144107992
1636,gain_row_vs_twin,0.014075728668027884
1637,gain_row_vs_twin,0.014307929348082742
1638,gain_row_vs_twin,0.017250133005226227
1639,gain_row_vs_twin,0.010988089524926303
1640,gain_row_vs_twin,0.012359393569020093
1641,gain_row_vs_twin,0.01633054004932987
1642,gain_row_vs_twin,0.013779883992103685
1643,gain_row_vs_twin,0.015016355031516099
1644,gain_row_vs_twin,0.014008333746211136
1645,gain_row_vs_twin,0.01549561994720747
1646,gain_row_vs_twin,0.009420683514449172
1647,gain_row_vs_twin,0.014478539863287426
1648,gain_row_vs_twin,0.014170837035494797
1649,gain_row_vs_twin,0.010259153311132876
1650,gain_row_vs_twin,0.01056915362738335
1651,gain_row_vs_twin,0.01473821504266679
1652,gain_row_vs_twin,0.017146691259743135
1653,gain_row_vs_twin,0.015277097395073626
1654,gain_row_vs_twin,0.016003907739521463
1655,gain_row_vs_twin,0.01363474406015174
1656,gain_row_vs_twin,0.015657130254935685
1657,gain_row_vs_twin,0.01596359414154629
1658,gain_row_vs_twin,0.01736239807911142
1659,gain_row_vs_twin,0.016139607247475277
1660,gain_row_vs_twin,0.012306358934150302
1661,gain_row_vs_twin,0.010834637827739649
1662,gain_row_vs_twin,0.01685756454843323
1663,gain_row_vs_twin,0.016757820011574973
1664,gain_row_vs_twin,0.012825963530186725
1665,gain_row_vs_twin,0.01675135579332265
1666,gain_row_vs_twin,0.013019013065673293
1667,gain_row_vs_twin,0.014973116565532138
1668,gain_row_vs_twin,0.015500212586614322
1669,gain_row_vs_twin,0.012451659425445512
1670,gain_row_vs_twin,0.011179698219101792
1671,gain_row_vs_twin,0.015643612150224653
1672,gain_row_vs_twin,0.017392820429864585
1673,gain_row_vs_twin,0.014255380986927298
1674,gain_row_vs_twin,0.01624413834067012
1675,gain_row_vs_twin,0.016913693785762778
1676,gain_row_vs_twin,0.014281197585781918
1677,gain_row_vs_twin,0.01529985447855192
1678,gain_row_vs_twin,0.012702386640187385
1679,gain_row_vs_twin,0.011461183671948207
1680,gain_row_vs_twin,0.01393213251296728
1681,gain_row_vs_twin,0.01415492436103981
1682,gain_row_vs_twin,0.01231564950672224
1683,gain_row_vs_twin,0.015572799151995663
1684,gain_row_vs_twin,0.017167290291940678
1685,gain_row_vs_twin,0.012987268097297552
1686,gain_row_vs_twin,0.01634773897225476
1687,gain_row_vs_twin,0.011947575692561682
1688,gain_row_vs_twin,0.016528884215993533
1689,gain_row_vs_twin,0.017663122676131782
1690,gain_row_vs_twin,0.013375895331979148
1691,gain_row_vs_twin,0.016894310832359514
1692,gain_row_vs_twin,0.012062318346364323
1693,gain_row_vs_twin,0.015611908946000187
1694,gain_row_vs_twin,0.012937513113531016
1695,gain_row_vs_twin,0.014926578713520567
1696,gain_row_vs_twin,0.013939085824870023
1697,gain_row_vs_twin,0.019030056415163987
1698,gain_row_vs_twin,0.016631892340835334
1699,gain_row_vs_twin,0.012499826356519238
1700,gain_row_vs_twin,0.016397874407989146
1701,gain_row_vs_twin,0.014108248229751512
1702,gain_row_vs_twin,0.013939429523882222
1703,gain_row_vs_twin,0.015316195434648378
1704,gain_row_vs_twin,0.012743837312918579
1705,gain_row_vs_twin,0.014062455794113037
1706,gain_row_vs_twin,0.013262227272328423
1707,gain_row_vs_twin,0.01623908496775994
1708,gain_row_vs_twin,0.014850423757677051
1709,gain_row_vs_twin,0.01155504468858688
1710,gain_row_vs_twin,0.016543316981033913
1711,gain_row_vs_twin,0.016780918455517758
1712,gain_row_vs_twin,0.01534228794124276
1713,gain_row_vs_twin,0.014761907227020903
1714,gain_row_vs_twin,0.014785200149698498
1715,gain_row_vs_twin,0.015984585652408085
1716,gain_row_vs_twin,0.010752475841793717
1717,gain_row_vs_twin,0.014867081363810078
1718,gain_row_vs_twin,0.012372190779336881
1719,gain_row_vs_twin,0.014640438525359381
1720,gain_row_vs_twin,0.015195440234970827
1721,gain_row_vs_twin,0.012077715963190712
1722,gain_row_vs_twin,0.014336675946751627
1723,gain_row_vs_twin,0.015113072759359523
1724,gain_row_vs_twin,0.01688428283225086
1725,gain_row_vs_twin,0.013212940690245424
1726,gain_row_vs_twin,0.013617795343282774
1727,gain_row_vs_twin,0.012928545010396352
1728,gain_row_vs_twin,0.013522034905810009
1729,gain_row_vs_twin,0.01310141999022747
1730,gain_row_vs_twin,0.013543632273417502
1731,gain_row_vs_twin,0.012603574715829416
1732,gain_row_vs_twin,0.011261051787782235
1733,gain_row_vs_twin,0.01608368567974605
1734,gain_row_vs_twin,0.014412330729322248
1735,gain_row_vs_twin,0.015772346273102353
1736,gain_row_vs_twin,0.014708987359036724
1737,gain_row_vs_twin,0.015156097695528437
1738,gain_row_vs_twin,0.01569019832644792
1739,gain_row_vs_twin,0.016610332546286903
1740,gain_row_vs_twin,0.015045215608654123
1741,gain_row_vs_twin,0.015679205400273212
1742,gain_row_vs_twin,0.016056475893361212
1743,gain_row_vs_twin,0.012819363754824783
1744,gain_row_vs_twin,0.014936255709207582
1745,gain_row_vs_twin,0.014776191762998962
1746,gain_row_vs_twin,0.014755099114731014
1747,gain_row_vs_twin,0.014973660642887238
1748,gain_row_vs_twin,0.01545965686170733
1749,gain_row_vs_twin,0.010364600957996928
1750,gain_row_vs_twin,0.014752729601980251
1751,gain_row_vs_twin,0.016510767802986603
1752,gain_row_vs_twin,0.018064939277233173
1753,gain_row_vs_twin,0.015678160665207278
1754,gain_row_vs_twin,0.012971978522847536
1755,gain_row_vs_twin,0.018197456783734668
1756,gain_row_vs_twin,0.016683575960579598
1757,gain_row_vs_twin,0.014071248270226116
1758,gain_row_vs_twin,0.014433820150490299
1759,gain_row_vs_twin,0.015341477833807739
1760,gain_row_vs_twin,0.01773934949529226
1761,gain_row_vs_twin,0.017026536266781283
1762,gain_row_vs_twin,0.014522629727590082
1763,gain_row_vs_twin,0.014853770042364293
1764,gain_row_vs_twin,0.013979239037254482
1765,gain_row_vs_twin,0.013510681754691311
1766,gain_row_vs_twin,0.011070189938369942
1767,gain_row_vs_twin,0.015708939325309874
1768,gain_row_vs_twin,0.01570241934927924
1769,gain_row_vs_twin,0.013391373707964603
1770,gain_row_vs_twin,0.016163075813298566
1771,gain_row_vs_twin,0.011967219146395659
1772,gain_row_vs_twin,0.0171317360001976
1773,gain_row_vs_twin,0.012571456073928554
1774,gain_row_vs_twin,0.014749893771403151
1775,gain_row_vs_twin,0.014487655071168701
1776,gain_row_vs_twin,0.015289694460662012
1777,gain_row_vs_twin,0.016426460568342093
1778,gain_row_vs_twin,0.014034759877631123
1779,gain_row_vs_twin,0.016890631988791736
1780,gain_row_vs_twin,0.015393094237572026
1781,gain_row_vs_twin,0.013903671939033737
1782,gain_row_vs_twin,0.014338307820576806
1783,gain_row_vs_twin,0.01550534048056614
1784,gain_row_vs_twin,0.014083645772002763
1785,gain_row_vs_twin,0.015009582241286437
1786,gain_row_vs_twin,0.01647751485090411
1787,gain_row_vs_twin,0.0142672312427854
1788,gain_row_vs_twin,0.016492976002939978
1789,gain_row_vs_twin,0.014602807112864788
1790,gain_row_vs_twin,0.012435958407204998
1791,gain_row_vs_twin,0.010446630657060077
1792,gain_row_vs_twin,0.01439590253537991
1793,gain_row_vs_twin,0.016973154731414093
1794,gain_row_vs_twin,0.01667363876351743
1795,gain_row_vs_twin,0.014654032339895815
1796,gain_row_vs_twin,0.014452693208466899
1797,gain_row_vs_twin,0.015380220241472089
1798,gain_row_vs_twin,0.013257960699467873
1799,gain_row_vs_twin,0.012357338237673484
1800,gain_row_vs_twin,0.011076877848601993
1801,gain_row_vs_twin,0.016311016117302544
1802,gain_row_vs_twin,0.01391374314913187
1803,gain_row_vs_twin,0.013518130874046037
1804,gain_row_vs_twin,0.015762327501950578
1805,gain_row_vs_twin,0.014715240259159648
1806,gain_row_vs_twin,0.014732232177516253
1807,gain_row_vs_twin,0.016129974120036406
1808,gain_row_vs_twin,0.015483242588456405
1809,gain_row_vs_twin,0.015315052895019804
1810,gain_row_vs_twin,0.01553078604153324
1811,gain_row_vs_twin,0.011725920710756895
1812,gain_row_vs_twin,0.015922924083791614
1813,gain_row_vs_twin,0.013281093921908353
1814,gain_row_vs_twin,0.014590073083229706
1815,gain_row_vs_twin,0.012897255225765052
1816,gain_row_vs_twin,0.012412047181235843
1817,gain_row_vs_twin,0.015414144685675871
1818,gain_row_vs_twin,0.016139252660249938
1819,gain_row_vs_twin,0.017945905093120506
1820,gain_row_vs_twin,0.012422908327606402
1821,gain_row_vs_twin,0.01721049026158134
1822,gain_row_vs_twin,0.01999593342245685
1823,gain_row_vs_twin,0.012431273063312893
1824,gain_row_vs_twin,0.01866880149419867
1825,gain_row_vs_twin,0.015829006479729325
1826,gain_row_vs_twin,0.01580408412674952
1827,gain_row_vs_twin,0.0182861280531507
1828,gain_row_vs_twin,0.01605908371156759
1829,gain_row_vs_twin,0.01680971915364197
1830,gain_row_vs_twin,0.012088433695849712
1831,gain_row_vs_twin,0.010777063090296678
1832,gain_row_vs_twin,0.01888256920776418
1833,gain_row_vs_twin,0.014324493060233567
1834,gain_row_vs_twin,0.016420895938348536
1835,gain_row_vs_twin,0.013660199363434907
1836,gain_row_vs_twin,0.015303605849537756
1837,gain_row_vs_twin,0.014666322524418619
1838,gain_row_vs_twin,0.015477602614493822
1839,gain_row_vs_twin,0.010637620214018446
1840,gain_row_vs_twin,0.013377634542254713
1841,gain_row_vs_twin,0.013295421480583712
1842,gain_row_vs_twin,0.010760626533182978
1843,gain_row_vs_twin,0.01360775050131556
1844,gain_row_vs_twin,0.013499037905792058
1845,gain_row_vs_twin,0.015125096346002573
1846,gain_row_vs_twin,0.017367613822567934
1847,gain_row_vs_twin,0.014473587830362632
1848,gain_row_vs_twin,0.013501836391858662
1849,gain_row_vs_twin,0.011690335446896441
1850,gain_row_vs_twin,0.01294180066684243
1851,gain_row_vs_twin,0.014616508047525513
1852,gain_row_vs_twin,0.011593275178990356
1853,gain_row_vs_twin,0.013598780665366678
1854,gain_row_vs_twin,0.014413757877642824
1855,gain_row_vs_twin,0.016685505183271082
1856,gain_row_vs_twin,0.01200575787999508
1857,gain_row_vs_twin,0.012584898558033372
1858,gain_row_vs_twin,0.014874579245453523
1859,gain_row_vs_twin,0.01714668028424035
1860,gain_row_vs_twin,0.016811604865616423
1861,gain_row_vs_twin,0.016216625989547925
1862,gain_row_vs_twin,0.016234817934239296
1863,gain_row_vs_twin,0.015036976201424123
1864,gain_row_vs_twin,0.011880782412127451
1865,gain_row_vs_twin,0.017811852963385486
1866,gain_row_vs_twin,0.01523624956646088
1867,gain_row_vs_twin,0.012719213571557088
1868,gain_row_vs_twin,0.014975488845861421
1869,gain_row_vs_twin,0.01336680676746127
1870,gain_row_vs_twin,0.0130491101815164
1871,gain_row_vs_twin,0.013082537787617846
1872,gain_row_vs_twin,0.015097417452252534
1873,gain_row_vs_twin,0.014028421834456458
1874,gain_row_vs_twin,0.01072118986558566
1875,gain_row_vs_twin,0.01547009192731982
1876,gain_row_vs_twin,0.015250026031190526
1877,gain_row_vs_twin,0.012116027049634137
1878,gain_row_vs_twin,0.01577962630337242
1879,gain_row_vs_twin,0.014895805226359705
1880,gain_row_vs_twin,0.013121127746219818
1881,gain_row_vs_twin,0.011787069633098585
1882,gain_row_vs_twin,0.016659899383013647
1883,gain_row_vs_twin,0.014187334209903956
1884,gain_row_vs_twin,0.016828917841928363
1885,gain_row_vs_twin,0.013109316729731724
1886,gain_row_vs_twin,0.014041125296520683
1887,gain_row_vs_twin,0.013652952535952686
1888,gain_row_vs_twin,0.01475088998224218
1889,gain_row_vs_twin,0.014596538960767758
1890,gain_row_vs_twin,0.016119177633100015
1891,gain_row_vs_twin,0.012133225145443325
1892,gain_row_vs_twin,0.014513439344291503
1893,gain_row_vs_twin,0.012477413324384125
1894,gain_row_vs_twin,0.016593829128159605
1895,gain_row_vs_twin,0.01689940041726021
1896,gain_row_vs_twin,0.014976042888304212
1897,gain_row_vs_twin,0.013980382082033558
1898,gain_row_vs_twin,0.012221829652432584
1899,gain_row_vs_twin,0.013793596690462916
1900,gain_row_vs_twin,0.015575097095934548
1901,gain_row_vs_twin,0.014971242080987268
1902,gain_row_vs_twin,0.01611366749463618
1903,gain_row_vs_twin,0.01492432033978643
1904,gain_row_vs_twin,0.014786097399718626
1905,gain_row_vs_twin,0.01787941035915574
1906,gain_row_vs_twin,0.012586528368915996
1907,gain_row_vs_twin,0.01372983687190237
1908,gain_row_vs_twin,0.0154666875973944
1909,gain_row_vs_twin,0.016654225500784343
1910,gain_row_vs_twin,0.01488595193060458
1911,gain_row_vs_twin,0.013782070466896456
1912,gain_row_vs_twin,0.018349445895981382
1913,gain_row_vs_twin,0.014353917194920383
1914,gain_row_vs_twin,0.01674144375274041
1915,gain_row_vs_twin,0.01854565982794885
1916,gain_row_vs_twin,0.016882030373759755
1917,gain_row_vs_twin,0.012400943558356635
1918,gain_row_vs_twin,0.015387801352661493
1919,gain_row_vs_twin,0.015127855060529707
1920,gain_row_vs_twin,0.015097206687252644
1921,gain_row_vs_twin,0.01463653221558718
1922,gain_row_vs_twin,0.013705298522285784
1923,gain_row_vs_twin,0.017568386280757468
1924,gain_row_vs_twin,0.013905414917003879
1925,gain_row_vs_twin,0.01579187336097761
1926,gain_row_vs_twin,0.013964331210749263
1927,gain_row_vs_twin,0.015942893494185647
1928,gain_row_vs_twin,0.01672547313790047
1929,gain_row_vs_twin,0.017595713691629315
1930,gain_row_vs_twin,0.01670756675178246
1931,gain_row_vs_twin,0.015660193765540793
1932,gain_row_vs_twin,0.015611638220425278
1933,gain_row_vs_twin,0.013553948490780995
1934,gain_row_vs_twin,0.017681571797978947
1935,gain_row_vs_twin,0.014520051693896113
1936,gain_row_vs_twin,0.01550860050831201
1937,gain_row_vs_twin,0.015296896180731103
1938,gain_row_vs_twin,0.012966889666046923
1939,gain_row_vs_twin,0.011262693728928868
1940,gain_row_vs_twin,0.012645069604913522
1941,gain_row_vs_twin,0.014944399689867698
1942,gain_row_vs_twin,0.014836449960567289
1943,gain_row_vs_twin,0.015527942570718852
1944,gain_row_vs_twin,0.01362127332350796
1945,gain_row_vs_twin,0.01754178287011282
1946,gain_row_vs_twin,0.01642526004458038
1947,gain_row_vs_twin,0.016405631545760486
1948,gain_row_vs_twin,0.016825006706398107
1949,gain_row_vs_twin,0.015314313795990827
1950,gain_row_vs_twin,0.014672819509614006
1951,gain_row_vs_twin,0.006532001450205301
1952,gain_row_vs_twin,0.015362146381812755
1953,gain_row_vs_twin,0.012630380967188342
1954,gain_row_vs_twin,0.013393789826639978
1955,gain_row_vs_twin,0.01503152666709
1956,gain_row_vs_twin,0.01030150314042
1957,gain_row_vs_twin,0.014728506224666425
1958,gain_row_vs_twin,0.012616299115035885
1959,gain_row_vs_twin,0.013257084336180761
1960,gain_row_vs_twin,0.014214975920125926
1961,gain_row_vs_twin,0.01413696558634775
1962,gain_row_vs_twin,0.011069217028641118
1963,gain_row_vs_twin,0.011646402861710635
1964,gain_row_vs_twin,0.014888049187438464
1965,gain_row_vs_twin,0.012346674954262869
1966,gain_row_vs_twin,0.017384751352153543
1967,gain_row_vs_twin,0.015186615130841479
1968,gain_row_vs_twin,0.015396777570509822
1969,gain_row_vs_twin,0.01434257198998577
1970,gain_row_vs_twin,0.016414632697017133
1971,gain_row_vs_twin,0.017749967688670754
1972,gain_row_vs_twin,0.014163660776870325
1973,gain_row_vs_twin,0.015223263327542216
1974,gain_row_vs_twin,0.015938310334896264
1975,gain_row_vs_twin,0.01535637643547293
1976,gain_row_vs_twin,0.01751050175296465
1977,gain_row_vs_twin,0.012223559368541304
1978,gain_row_vs_twin,0.01555142871551172
1979,gain_row_vs_twin,0.013133635474897749
1980,gain_row_vs_twin,0.010794460807593774
1981,gain_row_vs_twin,0.016304285337072195
1982,gain_row_vs_twin,0.01818290475760082
1983,gain_row_vs_twin,0.015565201696401592
1984,gain_row_vs_twin,0.019063228062452687
1985,gain_row_vs_twin,0.013165216438361273
1986,gain_row_vs_twin,0.014607531397054578
1987,gain_row_vs_twin,0.014438780844506945
1988,gain_row_vs_twin,0.01956821707690354
1989,gain_row_vs_twin,0.01312091102677708
1990,gain_row_vs_twin,0.016875087454709867
1991,gain_row_vs_twin,0.01484599235560389
1992,gain_row_vs_twin,0.017686559220088893
1993,gain_row_vs_twin,0.015186971405101944
1994,gain_row_vs_twin,0.014916306150885347
1995,gain_row_vs_twin,0.01847305311976
1996,gain_row_vs_twin,0.012654383029020163
1997,gain_row_vs_twin,0.013710821670830783
1998,gain_row_vs_twin,0.013607870415498578
1999,gain_row_vs_twin,0.014297642797958353
2000,gain_row_vs_twin,0.01605689988459758
2001,gain_row_vs_twin,0.010472841588677678
2002,gain_row_vs_twin,0.012911478519880311
2003,gain_row_vs_twin,0.015249962582184832
2004,gain_row_vs_twin,0.019161145040408663
2005,gain_row_vs_twin,0.01565070071096075
2006,gain_row_vs_twin,0.010358445484610176
2007,gain_row_vs_twin,0.017652304346663705
2008,gain_row_vs_twin,0.01630751025036736
2009,gain_row_vs_twin,0.01350299042219028
2010,gain_row_vs_twin,0.015095395344171477
2011,gain_row_vs_twin,0.014383845290330266
2012,gain_row_vs_twin,0.015190586253806811
2013,gain_row_vs_twin,0.013511541460966269
2014,gain_row_vs_twin,0.014897804554369938
2015,gain_row_vs_twin,0.010132411887439989
2016,gain_row_vs_twin,0.016756495034970228
2017,gain_row_vs_twin,0.01745598274297528
2018,gain_row_vs_twin,0.01450932316693428
2019,gain_row_vs_twin,0.016617388541812095
2020,gain_row_vs_twin,0.01263145239215335
2021,gain_row_vs_twin,0.01901023731450996
2022,gain_row_vs_twin,0.013697952331336838
2023,gain_row_vs_twin,0.01574413493448033
2024,gain_row_vs_twin,0.013246914323980284
2025,gain_row_vs_twin,0.015297688918965583
2026,gain_row_vs_twin,0.017935496055647756
2027,gain_row_vs_twin,0.014063791089963125
2028,gain_row_vs_twin,0.012901190157716836
2029,gain_row_vs_twin,0.01583396011238178
2030,gain_row_vs_twin,0.018236532113480457
2031,gain_row_vs_twin,0.018879012542103005
2032,gain_row_vs_twin,0.015368932727513985
2033,gain_row_vs_twin,0.013923281439191389
2034,gain_row_vs_twin,0.013903440061976965
2035,gain_row_vs_twin,0.01774843169989215
2036,gain_row_vs_twin,0.01478924331239116
2037,gain_row_vs_twin,0.014674872669496497
2038,gain_row_vs_twin,0.01575511202889402
2039,gain_row_vs_twin,0.016665063821220658
2040,gain_row_vs_twin,0.014434276370653544
2041,gain_row_vs_twin,0.014566321348895905
2042,gain_row_vs_twin,0.015313502517476981
2043,gain_row_vs_twin,0.015123918852227372
2044,gain_row_vs_twin,0.016684489699702206
2045,gain_row_vs_twin,0.014523629238984297
2046,gain_row_vs_twin,0.01742995295148148
2047,gain_row_vs_twin,0.01770421667380015
2048,gain_row_vs_twin,0.0158367406010737
2049,gain_row_vs_twin,0.01717042745079537
2050,gain_row_vs_twin,0.013153988155058971
2051,gain_row_vs_twin,0.014037908513357204
2052,gain_row_vs_twin,0.014132300314321718
2053,gain_row_vs_twin,0.01591415856172173
2054,gain_row_vs_twin,0.013389747926403175
2055,gain_row_vs_twin,0.01668514402995081
2056,gain_row_vs_twin,0.018540994986130623
2057,gain_row_vs_twin,0.012290582392217881
2058,gain_row_vs_twin,0.017078326320839922
2059,gain_row_vs_twin,0.013063806648959337
2060,gain_row_vs_twin,0.014396351546528007
2061,gain_row_vs_twin,0.015185726703157779
2062,gain_row_vs_twin,0.013342950549787918
2063,gain_row_vs_twin,0.016809924843535374
2064,gain_row_vs_twin,0.016359730467984567
2065,gain_row_vs_twin,0.012981131283456985
2066,gain_row_vs_twin,0.013739478151411156
2067,gain_row_vs_twin,0.013022260300503779
2068,gain_row_vs_twin,0.014793227079935587
2069,gain_row_vs_twin,0.01447635415585223
2070,gain_row_vs_twin,0.01401770385178402
2071,gain_row_vs_twin,0.01227165512175914
2072,gain_row_vs_twin,0.014015833368019679
2073,gain_row_vs_twin,0.01805984080352104
2074,gain_row_vs_twin,0.013983456567199454
2075,gain_row_vs_twin,0.010835827416907196
2076,gain_row_vs_twin,0.01619553333531851
2077,gain_row_vs_twin,0.012029780535533786
2078,gain_row_vs_twin,0.013387159408495495
2079,gain_row_vs_twin,0.012832631625829257
2080,gain_row_vs_twin,0.014372836728446138
2081,gain_row_vs_twin,0.012552003050653762
2082,gain_row_vs_twin,0.012407835438919363
2083,gain_row_vs_twin,0.01378060175752483
2084,gain_row_vs_twin,0.01764690315256345
2085,gain_row_vs_twin,0.014635514396457381
2086,gain_row_vs_twin,0.013743717554135643
2087,gain_row_vs_twin,0.015196070408193861
2088,gain_row_vs_twin,0.016120956524696927
2089,gain_row_vs_twin,0.012883560273060724
2090,gain_row_vs_twin,0.016598558526053808
2091,gain_row_vs_twin,0.012397752463429168
2092,gain_row_vs_twin,0.012441685670993756
2093,gain_row_vs_twin,0.017691120916375112
2094,gain_row_vs_twin,0.008215958418496708
2095,gain_row_vs_twin,0.017239654475655338
2096,gain_row_vs_twin,0.012027411353694301
2097,gain_row_vs_twin,0.011479769805646632
2098,gain_row_vs_twin,0.013396421519665472
2099,gain_row_vs_twin,0.013896021239013848
2100,gain_row_vs_twin,0.012233315256277064
2101,gain_row_vs_twin,0.01460547388628724
2102,gain_row_vs_twin,0.017591049959714486
2103,gain_row_vs_twin,0.013067297849715347
2104,gain_row_vs_twin,0.012516933911591926
2105,gain_row_vs_twin,0.017878727145323684
2106,gain_row_vs_twin,0.009640096958380234
2107,gain_row_vs_twin,0.015424881546858355
2108,gain_row_vs_twin,0.014844539418809454
2109,gain_row_vs_twin,0.016503611237240576
2110,gain_row_vs_twin,0.017237656398334474
2111,gain_row_vs_twin,0.01263543960954965
2112,gain_row_vs_twin,0.016510214808126457
2113,gain_row_vs_twin,0.016645800216859265
2114,gain_row_vs_twin,0.015588861233246983
2115,gain_row_vs_twin,0.014675556411468314
2116,gain_row_vs_twin,0.013441200323760215
2117,gain_row_vs_twin,0.015001372860222757
2118,gain_row_vs_twin,0.013669356354406878
2119,gain_row_vs_twin,0.011274244658548978
2120,gain_row_vs_twin,0.011688330199968814
2121,gain_row_vs_twin,0.016609618014033083
2122,gain_row_vs_twin,0.017244947300854813
2123,gain_row_vs_twin,0.01696763862000428
2124,gain_row_vs_twin,0.010100579739439777
2125,gain_row_vs_twin,0.015609195624492407
2126,gain_row_vs_twin,0.013180848607908278
2127,gain_row_vs_twin,0.015324155101773177
2128,gain_row_vs_twin,0.009876921596263705
2129,gain_row_vs_twin,0.018290735069919906
2130,gain_row_vs_twin,0.012472406147734238
2131,gain_row_vs_twin,0.014271149344989615
2132,gain_row_vs_twin,0.018096380517471828
2133,gain_row_vs_twin,0.014346990798179037
2134,gain_row_vs_twin,0.012137274098167268
2135,gain_row_vs_twin,0.011561175711476393
2136,gain_row_vs_twin,0.012399695806503644
2137,gain_row_vs_twin,0.01806985107236345
2138,gain_row_vs_twin,0.012572633733258665
2139,gain_row_vs_twin,0.014166866342247833
2140,gain_row_vs_twin,0.015006941558517969
2141,gain_row_vs_twin,0.014041499697036258
2142,gain_row_vs_twin,0.015422312368871491
2143,gain_row_vs_twin,0.013144689763550427
2144,gain_row_vs_twin,0.013836923097956881
2145,gain_row_vs_twin,0.014808897382733341
2146,gain_row_vs_twin,0.013540715295772688
2147,gain_row_vs_twin,0.013362266118812806
2148,gain_row_vs_twin,0.016030774538827196
2149,gain_row_vs_twin,0.016045480793716184
2150,gain_row_vs_twin,0.01369880784058303
2151,gain_row_vs_twin,0.015588600724372351
2152,gain_row_vs_twin,0.016594379916243854
2153,gain_row_vs_twin,0.014708658590531805
2154,gain_row_vs_twin,0.013656020674808698
2155,gain_row_vs_twin,0.018368095149607782
2156,gain_row_vs_twin,0.016572297530693884
2157,gain_row_vs_twin,0.014970769360420704
2158,gain_row_vs_twin,0.01653818112671672
2159,gain_row_vs_twin,0.015055732351174968
2160,gain_row_vs_twin,0.013239397662842422
2161,gain_row_vs_twin,0.010871014517458926
2162,gain_row_vs_twin,0.01320199030074293
2163,gain_row_vs_twin,0.014424040943927437
2164,gain_row_vs_twin,0.01223493231442588
2165,gain_row_vs_twin,0.014205534271834337
2166,gain_row_vs_twin,0.017158360177862122
2167,gain_row_vs_twin,0.014027237918792701
2168,gain_row_vs_twin,0.014132195474039214
2169,gain_row_vs_twin,0.014039936622820891
2170,gain_row_vs_twin,0.01634272017950361
2171,gain_row_vs_twin,0.016179586583788326
2172,gain_row_vs_twin,0.016051825744149893
2173,gain_row_vs_twin,0.016584436446385402
2174,gain_row_vs_twin,0.012388632273334874
2175,gain_row_vs_twin,0.013151587280501049
2176,gain_row_vs_twin,0.015520444572462872
2177,gain_row_vs_twin,0.013403121473730939
2178,gain_row_vs_twin,0.011003669948755374
2179,gain_row_vs_twin,0.014261384422762091
2180,gain_row_vs_twin,0.014857676368894138
2181,gain_row_vs_twin,0.016821807686509597
2182,gain_row_vs_twin,0.012285952914010908
2183,gain_row_vs_twin,0.012548534539816842
2184,gain_row_vs_twin,0.017458894965399367
2185,gain_row_vs_twin,0.011283533279032806
2186,gain_row_vs_twin,0.01347454836673673
2187,gain_row_vs_twin,0.018294519405206666
2188,gain_row_vs_twin,0.013009979415813071
2189,gain_row_vs_twin,0.011263791800447034
2190,gain_row_vs_twin,0.013955977062640778
2191,gain_row_vs_twin,0.013915073998272975
2192,gain_row_vs_twin,0.013690518670599684
2193,gain_row_vs_twin,0.014793435824870168
2194,gain_row_vs_twin,0.014326788720212312
2195,gain_row_vs_twin,0.014260839476038126
2196,gain_row_vs_twin,0.011422819620156613
2197,gain_row_vs_twin,0.01764023190279178
2198,gain_row_vs_twin,0.0152408112901207
2199,gain_row_vs_twin,0.013736673262977001
2200,gain_row_vs_twin,0.013489298616802566
2201,gain_row_vs_twin,0.011195564483229515
2202,gain_row_vs_twin,0.012959703006621923
2203,gain_row_vs_twin,0.014695042988143154
2204,gain_row_vs_twin,0.014005233925356658
2205,gain_row_vs_twin,0.012933035930273213
2206,gain_row_vs_twin,0.011420716609070873
2207,gain_row_vs_twin,0.015161778290700792
2208,gain_row_vs_twin,0.015646472122937388
2209,gain_row_vs_twin,0.014395701346939625
2210,gain_row_vs_twin,0.016646127387479445
2211,gain_row_vs_twin,0.017762205111995413
2212,gain_row_vs_twin,0.01614989713906663
2213,gain_row_vs_twin,0.014205972780391058
2214,gain_row_vs_twin,0.014771241106057558
2215,gain_row_vs_twin,0.014285695225250177
2216,gain_row_vs_twin,0.012647238571901906
2217,gain_row_vs_twin,0.013790334261829611
2218,gain_row_vs_twin,0.012337613167679206
2219,gain_row_vs_twin,0.01730026475123009
2220,gain_row_vs_twin,0.013156112691496696
2221,gain_row_vs_twin,0.018269366072897163
2222,gain_row_vs_twin,0.017628363966663205
2223,gain_row_vs_twin,0.014322670224666231
2224,gain_row_vs_twin,0.010684108199180392
2225,gain_row_vs_twin,0.015111310273388315
2226,gain_row_vs_twin,0.0167053982941329
2227,gain_row_vs_twin,0.010998546512232513
2228,gain_row_vs_twin,0.017898767594729376
2229,gain_row_vs_twin,0.01372752872785177
2230,gain_row_vs_twin,0.016535569824670564
2231,gain_row_vs_twin,0.0154721581507798
2232,gain_row_vs_twin,0.015826196407996155
2233,gain_row_vs_twin,0.009803903238909274
2234,gain_row_vs_twin,0.014424499449242381
2235,gain_row_vs_twin,0.01495573708967276
2236,gain_row_vs_twin,0.013138543551849579
2237,gain_row_vs_twin,0.01186053059742945
2238,gain_row_vs_twin,0.01553837929383545
2239,gain_row_vs_twin,0.01419271072126835
2240,gain_row_vs_twin,0.012922637743928999
2241,gain_row_vs_twin,0.017073830521484933
2242,gain_row_vs_twin,0.01459418869105041
2243,gain_row_vs_twin,0.015734693786750787
2244,gain_row_vs_twin,0.016246054393149
2245,gain_row_vs_twin,0.012394508118818181
2246,gain_row_vs_twin,0.011881926798623902
2247,gain_row_vs_twin,0.01564678414508348
2248,gain_row_vs_twin,0.011709293085265917
2249,gain_row_vs_twin,0.016339252952530824
2250,gain_row_vs_twin,0.015644101348095386
2251,gain_row_vs_twin,0.01814858377685307
2252,gain_row_vs_twin,0.01599295298702313
2253,gain_row_vs_twin,0.016369421720822418
2254,gain_row_vs_twin,0.012914637657785017
2255,gain_row_vs_twin,0.015679113673063638
2256,gain_row_vs_twin,0.014005124223459467
2257,gain_row_vs_twin,0.013245995577819396
2258,gain_row_vs_twin,0.013330026924995844
2259,gain_row_vs_twin,0.016991992682545067
2260,gain_row_vs_twin,0.018132077562740222
2261,gain_row_vs_twin,0.015508802548404256
2262,gain_row_vs_twin,0.017428353350727822
2263,gain_row_vs_twin,0.016868840002886326
2264,gain_row_vs_twin,0.01239888725181024
2265,gain_row_vs_twin,0.015047818954658563
2266,gain_row_vs_twin,0.01275985321423376
2267,gain_row_vs_twin,0.017806259101180298
2268,gain_row_vs_twin,0.017143092796229515
2269,gain_row_vs_twin,0.013460673753426565
2270,gain_row_vs_twin,0.013828024062184602
2271,gain_row_vs_twin,0.01637171371817105
2272,gain_row_vs_twin,0.01738498458573467
2273,gain_row_vs_twin,0.017761445545015592
2274,gain_row_vs_twin,0.011523521704335446
2275,gain_row_vs_twin,0.01481561523132901
2276,gain_row_vs_twin,0.01758547868844741
2277,gain_row_vs_twin,0.01451370645381762
2278,gain_row_vs_twin,0.017467030206321208
2279,gain_row_vs_twin,0.0163667503399653
2280,gain_row_vs_twin,0.016314271440450785
2281,gain_row_vs_twin,0.011588315534909606
2282,gain_row_vs_twin,0.015044450256292504
2283,gain_row_vs_twin,0.020878115127586555
2284,gain_row_vs_twin,0.014502125768464038
2285,gain_row_vs_twin,0.012502429033318895
2286,gain_row_vs_twin,0.01822905840724025
2287,gain_row_vs_twin,0.012650993580981592
2288,gain_row_vs_twin,0.01719889979209811
2289,gain_row_vs_twin,0.012383450248161442
2290,gain_row_vs_twin,0.016959095612767136
2291,gain_row_vs_twin,0.014987969903299175
2292,gain_row_vs_twin,0.01624078119227654
2293,gain_row_vs_twin,0.013103420773000996
2294,gain_row_vs_twin,0.013035197969704801
2295,gain_row_vs_twin,0.01676902605507383
2296,gain_row_vs_twin,0.016783381811636095
2297,gain_row_vs_twin,0.01535376274116849
2298,gain_row_vs_twin,0.014258334207257832
2299,gain_row_vs_twin,0.014759561111277518
2300,gain_row_vs_twin,0.015287338214938679
2301,gain_row_vs_twin,0.011634372091766178
2302,gain_row_vs_twin,0.01602804784586311
2303,gain_row_vs_twin,0.01468555860806152
2304,gain_row_vs_twin,0.015918842905804965
2305,gain_row_vs_twin,0.0178587430618401
2306,gain_row_vs_twin,0.014915194746406723
2307,gain_row_vs_twin,0.015470290341456439
2308,gain_row_vs_twin,0.017111115920865477
2309,gain_row_vs_twin,0.015362306056458152
2310,gain_row_vs_twin,0.013561238776300675
2311,gain_row_vs_twin,0.015051489976413795
2312,gain_row_vs_twin,0.015490047839095408
2313,gain_row_vs_twin,0.015664073680631104
2314,gain_row_vs_twin,0.015243515142240215
2315,gain_row_vs_twin,0.01389896019068382
2316,gain_row_vs_twin,0.014567937155358696
2317,gain_row_vs_twin,0.01537940801983823
2318,gain_row_vs_twin,0.01615894180023043
2319,gain_row_vs_twin,0.014568253433865511
2320,gain_row_vs_twin,0.015246809535843954
2321,gain_row_vs_twin,0.015394144725394781
2322,gain_row_vs_twin,0.014436950801419494
2323,gain_row_vs_twin,0.01412833051483078
2324,gain_row_vs_twin,0.015240829042621041
2325,gain_row_vs_twin,0.01635068154385124
2326,gain_row_vs_twin,0.019063641803209
2327,gain_row_vs_twin,0.016073029344917025
2328,gain_row_vs_twin,0.017108204235284304
2329,gain_row_vs_twin,0.016329188743978314
2330,gain_row_vs_twin,0.015851632993679372
2331,gain_row_vs_twin,0.014302411202448117
2332,gain_row_vs_twin,0.017373715847006428
2333,gain_row_vs_twin,0.012560751954456365
2334,gain_row_vs_twin,0.0169631387601577
2335,gain_row_vs_twin,0.016679341514175074
2336,gain_row_vs_twin,0.013293969718713173
2337,gain_row_vs_twin,0.012962246086577875
2338,gain_row_vs_twin,0.013530080646866517
2339,gain_row_vs_twin,0.0160859498289956
2340,gain_row_vs_twin,0.01205287036260806
2341,gain_row_vs_twin,0.01688615632833442
2342,gain_row_vs_twin,0.014055987855267463
2343,gain_row_vs_twin,0.014437592023278222
2344,gain_row_vs_twin,0.01849110782131222
2345,gain_row_vs_twin,0.015506122900575698
2346,gain_row_vs_twin,0.017611755541955043
2347,gain_row_vs_twin,0.016072566911954453
2348,gain_row_vs_twin,0.01653070742711064
2349,gain_row_vs_twin,0.01686688161339709
2350,gain_row_vs_twin,0.014205841592140308
2351,gain_row_vs_twin,0.01209256972450195
2352,gain_row_vs_twin,0.015724487358533615
2353,gain_row_vs_twin,0.014562278969808782
2354,gain_row_vs_twin,0.011736253951124044
2355,gain_row_vs_twin,0.015607841066759767
2356,gain_row_vs_twin,0.015175236323524964
2357,gain_row_vs_twin,0.014251577171065689
2358,gain_row_vs_twin,0.016315076934243607
2359,gain_row_vs_twin,0.015108678731288303
2360,gain_row_vs_twin,0.010099121200813998
2361,gain_row_vs_twin,0.01645464497139774
2362,gain_row_vs_twin,0.011731020976963338
2363,gain_row_vs_twin,0.015010940915736555
2364,gain_row_vs_twin,0.017072055401877558
2365,gain_row_vs_twin,0.013543671952929052
2366,gain_row_vs_twin,0.01562010720391013
2367,gain_row_vs_twin,0.013558592335724946
2368,gain_row_vs_twin,0.014163987457648432
2369,gain_row_vs_twin,0.016150775059576832
2370,gain_row_vs_twin,0.014870749123005612
2371,gain_row_vs_twin,0.014387061926272952
2372,gain_row_vs_twin,0.014415698129914663
2373,gain_row_vs_twin,0.008623524612747142
2374,gain_row_vs_twin,0.011231864298629332
2375,gain_row_vs_twin,0.014571936137027503
2376,gain_row_vs_twin,0.01291158475424542
2377,gain_row_vs_twin,0.015556130233570825
2378,gain_row_vs_twin,0.013019882788531037
2379,gain_row_vs_twin,0.016604890048725174
2380,gain_row_vs_twin,0.011384678474418803
2381,gain_row_vs_twin,0.015056943526921556
2382,gain_row_vs_twin,0.013294602676015269
2383,gain_row_vs_twin,0.01452547381440942
2384,gain_row_vs_twin,0.010426946592769297
2385,gain_row_vs_twin,0.018280241446285823
2386,gain_row_vs_twin,0.013436940061044397
2387,gain_row_vs_twin,0.01470654503659379
2388,gain_row_vs_twin,0.01542583282850361
2389,gain_row_vs_twin,0.015628411384213666
2390,gain_row_vs_twin,0.01383385916684961
2391,gain_row_vs_twin,0.018720989600245253
2392,gain_row_vs_twin,0.01340141449852013
2393,gain_row_vs_twin,0.01544822830143767
2394,gain_row_vs_twin,0.014752100917200268
2395,gain_row_vs_twin,0.016523231625611364
2396,gain_row_vs_twin,0.014640394525163065
2397,gain_row_vs_twin,0.014971261446621826
2398,gain_row_vs_twin,0.015109122191411736
2399,gain_row_vs_twin,0.014983760791360714
2400,gain_row_vs_twin,0.018300980314308886
2401,gain_row_vs_twin,0.014449631246293069
2402,gain_row_vs_twin,0.015765717510424774
2403,gain_row_vs_twin,0.01806814220342074
2404,gain_row_vs_twin,0.014687236878978535
2405,gain_row_vs_twin,0.017063020800611166
2406,gain_row_vs_twin,0.01626070060496357
2407,gain_row_vs_twin,0.019929506415854743
2408,gain_row_vs_twin,0.012606990302117163
2409,gain_row_vs_twin,0.015230381471472874
2410,gain_row_vs_twin,0.015310798349317934
2411,gain_row_vs_twin,0.01676292657325697
2412,gain_row_vs_twin,0.013561636582183454
2413,gain_row_vs_twin,0.014715994819841288
2414,gain_row_vs_twin,0.012186701596077123
2415,gain_row_vs_twin,0.014724908638619822
2416,gain_row_vs_twin,0.013048126478288942
2417,gain_row_vs_twin,0.016909964650715308
2418,gain_row_vs_twin,0.01604173556076411
2419,gain_row_vs_twin,0.015271938970864754
2420,gain_row_vs_twin,0.015605133554447165
2421,gain_row_vs_twin,0.014872066857240226
2422,gain_row_vs_twin,0.014604930009661846
2423,gain_row_vs_twin,0.017072406760494742
2424,gain_row_vs_twin,0.01413020267133366
2425,gain_row_vs_twin,0.016357425588993797
2426,gain_row_vs_twin,0.015887933630165767
2427,gain_row_vs_twin,0.015980800117513468
2428,gain_row_vs_twin,0.013402607353171858
2429,gain_row_vs_twin,0.011377226742460875
2430,gain_row_vs_twin,0.01460286015347381
2431,gain_row_vs_twin,0.015116815916543732
2432,gain_row_vs_twin,0.01506085707906389
2433,gain_row_vs_twin,0.016129733530544112
2434,gain_row_vs_twin,0.014453731295607215
2435,gain_row_vs_twin,0.015394857783526842
2436,gain_row_vs_twin,0.017354700189267522
2437,gain_row_vs_twin,0.015367713638803853
2438,gain_row_vs_twin,0.01444565986910171
2439,gain_row_vs_twin,0.012739985417287632
2440,gain_row_vs_twin,0.01410536953745954
2441,gain_row_vs_twin,0.014800317095434973
2442,gain_row_vs_twin,0.017841504459403662
2443,gain_row_vs_twin,0.014059702140126182
2444,gain_row_vs_twin,0.015092577929903853
2445,gain_row_vs_twin,0.014702288546558334
2446,gain_row_vs_twin,0.015439424875858783
2447,gain_row_vs_twin,0.011334617899684441
2448,gain_row_vs_twin,0.015333186019537247
2449,gain_row_vs_twin,0.011989973359532247
2450,gain_row_vs_twin,0.015223646147419142
2451,gain_row_vs_twin,0.015152359344580467
2452,gain_row_vs_twin,0.016124252927703916
2453,gain_row_vs_twin,0.013554640249907204
2454,gain_row_vs_twin,0.013377292459923387
2455,gain_row_vs_twin,0.013269067400298314
2456,gain_row_vs_twin,0.014721329791436378
2457,gain_row_vs_twin,0.015565851332482571
2458,gain_row_vs_twin,0.01809370914528267
2459,gain_row_vs_twin,0.013417557098973163
2460,gain_row_vs_twin,0.014476895465628808
2461,gain_row_vs_twin,0.013693993544062921
2462,gain_row_vs_twin,0.014031707310182473
2463,gain_row_vs_twin,0.018898064312871363
2464,gain_row_vs_twin,0.014996050272742234
2465,gain_row_vs_twin,0.01587103835357709
2466,gain_row_vs_twin,0.01643938091418145
2467,gain_row_vs_twin,0.015230132920328708
2468,gain_row_vs_twin,0.014525595422912574
2469,gain_row_vs_twin,0.018327653772557042
2470,gain_row_vs_twin,0.017833299743296376
2471,gain_row_vs_twin,0.014955590163625469
2472,gain_row_vs_twin,0.017579511208781543
2473,gain_row_vs_twin,0.017162347979866845
2474,gain_row_vs_twin,0.014294329196161507
2475,gain_row_vs_twin,0.01277837414770454
2476,gain_row_vs_twin,0.013965057619434831
2477,gain_row_vs_twin,0.018666337793352385
2478,gain_row_vs_twin,0.012709321653797238
2479,gain_row_vs_twin,0.013849242355558644
2480,gain_row_vs_twin,0.01820552428092998
2481,gain_row_vs_twin,0.014695830777054594
2482,gain_row_vs_twin,0.01678354935629921
2483,gain_row_vs_twin,0.017071281925460965
2484,gain_row_vs_twin,0.013268400613046431
2485,gain_row_vs_twin,0.014723748196758483
2486,gain_row_vs_twin,0.015087143167101457
2487,gain_row_vs_twin,0.014790552649169637
2488,gain_row_vs_twin,0.015035231444366224
2489,gain_row_vs_twin,0.01491190670962188
2490,gain_row_vs_twin,0.016425741644685406
2491,gain_row_vs_twin,0.01568176715954387
2492,gain_row_vs_twin,0.014755187548574678
2493,gain_row_vs_twin,0.018416136918892163
2494,gain_row_vs_twin,0.01888769390669304
2495,gain_row_vs_twin,0.015530289538747117
2496,gain_row_vs_twin,0.01295587840400138
2497,gain_row_vs_twin,0.01590820328698446
2498,gain_row_vs_twin,0.016871398378573512
2499,gain_row_vs_twin,0.010774182981435643
2500,gain_row_vs_twin,0.014990442073783722
2501,gain_row_vs_twin,0.014463124500594825
2502,gain_row_vs_twin,0.015614548086847656
2503,gain_row_vs_twin,0.015027437152335956
2504,gain_row_vs_twin,0.016019179752211548
2505,gain_row_vs_twin,0.015452592122335075
2506,gain_row_vs_twin,0.01724070733138535
2507,gain_row_vs_twin,0.013804310182063293
2508,gain_row_vs_twin,0.017269585177158143
2509,gain_row_vs_twin,0.015371821940386018
2510,gain_row_vs_twin,0.015346836101138841
2511,gain_row_vs_twin,0.010786177772042008
2512,gain_row_vs_twin,0.01632959754881815
2513,gain_row_vs_twin,0.014076284214148162
2514,gain_row_vs_twin,0.010969252356696909
2515,gain_row_vs_twin,0.008971326254342197
2516,gain_row_vs_twin,0.016332133155688065
2517,gain_row_vs_twin,0.0127305406392743
2518,gain_row_vs_twin,0.014055621417980205
2519,gain_row_vs_twin,0.01281611499695833
2520,gain_row_vs_twin,0.016391779783219894
2521,gain_row_vs_twin,0.01344732944051037
2522,gain_row_vs_twin,0.015116527319859853
2523,gain_row_vs_twin,0.013224777199702453
2524,gain_row_vs_twin,0.014852088275867106
2525,gain_row_vs_twin,0.013966886810870317
2526,gain_row_vs_twin,0.014328459929586737
2527,gain_row_vs_twin,0.016767556485999903
2528,gain_row_vs_twin,0.015494754079786593
2529,gain_row_vs_twin,0.015996638738623184
2530,gain_row_vs_twin,0.016418709580516392
2531,gain_row_vs_twin,0.015590519422583549
2532,gain_row_vs_twin,0.013994532971638282
2533,gain_row_vs_twin,0.014229243515044574
2534,gain_row_vs_twin,0.012117566244837563
2535,gain_row_vs_twin,0.015477875230440743
2536,gain_row_vs_twin,0.012694195788717473
2537,gain_row_vs_twin,0.016147591453580013
2538,gain_row_vs_twin,0.015615714911617102
2539,gain_row_vs_twin,0.014701800664189416
2540,gain_row_vs_twin,0.016577662548667143
2541,gain_row_vs_twin,0.014999832519666205
2542,gain_row_vs_twin,0.015958862872965638
2543,gain_row_vs_twin,0.014934532097562233
2544,gain_row_vs_twin,0.010462687655950906
2545,gain_row_vs_twin,0.01755840395005924
2546,gain_row_vs_twin,0.016328304507361915
2547,gain_row_vs_twin,0.012504945547099133
2548,gain_row_vs_twin,0.01593953717600292
2549,gain_row_vs_twin,0.018107533051977716
2550,gain_row_vs_twin,0.009796460063066118
2551,gain_row_vs_twin,0.010344089235791035
2552,gain_row_vs_twin,0.013519777259075069
2553,gain_row_vs_twin,0.011615197916882687
2554,gain_row_vs_twin,0.015291891890089641
2555,gain_row_vs_twin,0.011048423696557012
2556,gain_row_vs_twin,0.014202720816426682
2557,gain_row_vs_twin,0.012175780947295973
2558,gain_row_vs_twin,0.01436071383941086
2559,gain_row_vs_twin,0.014450628929340504
2560,gain_row_vs_twin,0.013895935524439514
2561,gain_row_vs_twin,0.013839210281076693
2562,gain_row_vs_twin,0.013808103666464554
2563,gain_row_vs_twin,0.017250070843585336
2564,gain_row_vs_twin,0.011243494232699635
2565,gain_row_vs_twin,0.013490841987924518
2566,gain_row_vs_twin,0.014357313966914394
2567,gain_row_vs_twin,0.01469680236307103
2568,gain_row_vs_twin,0.016069532379637697
2569,gain_row_vs_twin,0.013234003630138361
2570,gain_row_vs_twin,0.01580561504804558
2571,gain_row_vs_twin,0.016643708455101623
2572,gain_row_vs_twin,0.01003465856535794
2573,gain_row_vs_twin,0.012844714931253226
2574,gain_row_vs_twin,0.016267928092467056
2575,gain_row_vs_twin,0.014694941162897813
2576,gain_row_vs_twin,0.013395605013655628
2577,gain_row_vs_twin,0.016515854697736736
2578,gain_row_vs_twin,0.016233473919991845
2579,gain_row_vs_twin,0.010956157680891716
2580,gain_row_vs_twin,0.01609405608592437
2581,gain_row_vs_twin,0.014519341315224494
2582,gain_row_vs_twin,0.012192857823861435
2583,gain_row_vs_twin,0.01612775782386523
2584,gain_row_vs_twin,0.016282988323057905
2585,gain_row_vs_twin,0.011091724550872829
2586,gain_row_vs_twin,0.01678329300625912
2587,gain_row_vs_twin,0.013472514864861021
2588,gain_row_vs_twin,0.013050710777889251
2589,gain_row_vs_twin,0.011398500396158235
2590,gain_row_vs_twin,0.018380189119812502
2591,gain_row_vs_twin,0.01636018565137732
2592,gain_row_vs_twin,0.013523724647301994
2593,gain_row_vs_twin,0.013752992218508826
2594,gain_row_vs_twin,0.013074943131919156
2595,gain_row_vs_twin,0.015627934047744742
2596,gain_row_vs_twin,0.014026614518215295
2597,gain_row_vs_twin,0.013325966254498792
2598,gain_row_vs_twin,0.015857386481841627
2599,gain_row_vs_twin,0.01538188778158227
2600,gain_row_vs_twin,0.015055068596115011
2601,gain_row_vs_twin,0.01494582199918169
2602,gain_row_vs_twin,0.013662412443051003
2603,gain_row_vs_twin,0.013158161067161106
2604,gain_row_vs_twin,0.01455224008625473
2605,gain_row_vs_twin,0.01726521190927239
2606,gain_row_vs_twin,0.01400144184880875
2607,gain_row_vs_twin,0.01611041263988997
2608,gain_row_vs_twin,0.015490135696287263
2609,gain_row_vs_twin,0.015576150260802937
2610,gain_row_vs_twin,0.013606733404324379
2611,gain_row_vs_twin,0.012817128097674218
2612,gain_row_vs_twin,0.016810202644879806
2613,gain_row_vs_twin,0.01364157429008045
2614,gain_row_vs_twin,0.017265626986481396
2615,gain_row_vs_twin,0.015025267994732834
2616,gain_row_vs_twin,0.016896266482416742
2617,gain_row_vs_twin,0.015240583505872377
2618,gain_row_vs_twin,0.01899209990931177
2619,gain_row_vs_twin,0.01598595969560677
2620,gain_row_vs_twin,0.013525078150214394
2621,gain_row_vs_twin,0.011104789215171518
2622,gain_row_vs_twin,0.013868680986516882
2623,gain_row_vs_twin,0.018064591548899774
2624,gain_row_vs_twin,0.01809243764258498
2625,gain_row_vs_twin,0.013109709586750685
2626,gain_row_vs_twin,0.009410826815752104
2627,gain_row_vs_twin,0.01555845219326944
2628,gain_row_vs_twin,0.014668151150937007
2629,gain_row_vs_twin,0.01818359348636866
2630,gain_row_vs_twin,0.013204019358391742
2631,gain_row_vs_twin,0.015499299109147798
2632,gain_row_vs_twin,0.0140909221281758
2633,gain_row_vs_twin,0.014566079711534384
2634,gain_row_vs_twin,0.011763578425356313
2635,gain_row_vs_twin,0.01654897802855881
2636,gain_row_vs_twin,0.014051948581395282
2637,gain_row_vs_twin,0.014271592097768404
2638,gain_row_vs_twin,0.016052126479736275
2639,gain_row_vs_twin,0.01174197261267373
2640,gain_row_vs_twin,0.014429220619145602
2641,gain_row_vs_twin,0.012324215140642983
2642,gain_row_vs_twin,0.016525370711235863
2643,gain_row_vs_twin,0.011621316530769683
2644,gain_row_vs_twin,0.016828403139175666
2645,gain_row_vs_twin,0.016869615027447608
2646,gain_row_vs_twin,0.013509496488515587
2647,gain_row_vs_twin,0.01643195709697592
2648,gain_row_vs_twin,0.011648839304307651
2649,gain_row_vs_twin,0.015182998432493268
2650,gain_row_vs_twin,0.01402612263508961
2651,gain_row_vs_twin,0.015766416641125377
2652,gain_row_vs_twin,0.017751915871824578
2653,gain_row_vs_twin,0.015427981385429732
2654,gain_row_vs_twin,0.015202272489890182
2655,gain_row_vs_twin,0.01336952828532594
2656,gain_row_vs_twin,0.01834213228796024
2657,gain_row_vs_twin,0.012075357353282513
2658,gain_row_vs_twin,0.01684880610940624
2659,gain_row_vs_twin,0.016265263669845646
2660,gain_row_vs_twin,0.018191300678520487
2661,gain_row_vs_twin,0.01733140262654307
2662,gain_row_vs_twin,0.01632842887030592
2663,gain_row_vs_twin,0.015643601361527405
2664,gain_row_vs_twin,0.013091362024273861
2665,gain_row_vs_twin,0.012855663570224597
2666,gain_row_vs_twin,0.01725622258162383
2667,gain_row_vs_twin,0.014110055873789955
2668,gain_row_vs_twin,0.014278274239653442
2669,gain_row_vs_twin,0.015537016592478942
2670,gain_row_vs_twin,0.015114402838728247
2671,gain_row_vs_twin,0.012535769923250306
2672,gain_row_vs_twin,0.01680234639003967
2673,gain_row_vs_twin,0.01536418468584537
2674,gain_row_vs_twin,0.017569762667156808
2675,gain_row_vs_twin,0.01389162562092057
2676,gain_row_vs_twin,0.014691797341847024
2677,gain_row_vs_twin,0.012362671356020911
2678,gain_row_vs_twin,0.01648488446157791
2679,gain_row_vs_twin,0.017730753374423074
2680,gain_row_vs_twin,0.011327199280538125
2681,gain_row_vs_twin,0.015244338771475791
2682,gain_row_vs_twin,0.018427469381812944
2683,gain_row_vs_twin,0.016956803491044264
2684,gain_row_vs_twin,0.011979469432975346
2685,gain_row_vs_twin,0.015490684513028945
2686,gain_row_vs_twin,0.013468491790382942
2687,gain_row_vs_twin,0.017787517249171342
2688,gain_row_vs_twin,0.012175038387277617
2689,gain_row_vs_twin,0.011878869596895228
2690,gain_row_vs_twin,0.011767125281828007
2691,gain_row_vs_twin,0.01215808431922367
2692,gain_row_vs_twin,0.01375380877710723
2693,gain_row_vs_twin,0.012013886600776425
2694,gain_row_vs_twin,0.013754452499772715
2695,gain_row_vs_twin,0.017768515929305
2696,gain_row_vs_twin,0.0134954245115787
2697,gain_row_vs_twin,0.013636015177499452
2698,gain_row_vs_twin,0.014680052911409782
2699,gain_row_vs_twin,0.013825865546653493
2700,gain_row_vs_twin,0.013619915869757778
2701,gain_row_vs_twin,0.014060957270372933
2702,gain_row_vs_twin,0.01697041059944362
2703,gain_row_vs_twin,0.015511720596171405
2704,gain_row_vs_twin,0.015470644555517336
2705,gain_row_vs_twin,0.014187211610366507
2706,gain_row_vs_twin,0.014487449192320144
2707,gain_row_vs_twin,0.016112240430373247
2708,gain_row_vs_twin,0.015406799899438484
2709,gain_row_vs_twin,0.01293931468943575
2710,gain_row_vs_twin,0.012892376352049989
2711,gain_row_vs_twin,0.01501872860475845
2712,gain_row_vs_twin,0.011447333364170906
2713,gain_row_vs_twin,0.016148901514911915
2714,gain_row_vs_twin,0.015995560098765665
2715,gain_row_vs_twin,0.010096508708494111
2716,gain_row_vs_twin,0.012556151293555315
2717,gain_row_vs_twin,0.014739383850750274
2718,gain_row_vs_twin,0.014738190364674395
2719,gain_row_vs_twin,0.013832687562780574
2720,gain_row_vs_twin,0.01407954673931463
2721,gain_row_vs_twin,0.01549577146768503
2722,gain_row_vs_twin,0.013362909937406442
2723,gain_row_vs_twin,0.011589712977098496
2724,gain_row_vs_twin,0.014791172186454468
2725,gain_row_vs_twin,0.016199489944525185
2726,gain_row_vs_twin,0.0096291120956996
2727,gain_row_vs_twin,0.01385974489856548
2728,gain_row_vs_twin,0.01609629478713586
2729,gain_row_vs_twin,0.01392493913895766
2730,gain_row_vs_twin,0.014900093846265906
2731,gain_row_vs_twin,0.01635091775639976
2732,gain_row_vs_twin,0.014488995506684792
2733,gain_row_vs_twin,0.012851473491649465
2734,gain_row_vs_twin,0.01445075170550569
2735,gain_row_vs_twin,0.013415049707159957
2736,gain_row_vs_twin,0.016593759902996837
2737,gain_row_vs_twin,0.012541194289824661
2738,gain_row_vs_twin,0.012325747143827863
2739,gain_row_vs_twin,0.018674721962106944
2740,gain_row_vs_twin,0.01542342464937819
2741,gain_row_vs_twin,0.012405160002247376
2742,gain_row_vs_twin,0.012238780922086181
2743,gain_row_vs_twin,0.013353925249133617
2744,gain_row_vs_twin,0.008980872385747473
2745,gain_row_vs_twin,0.012363025943246248
2746,gain_row_vs_twin,0.016498031294779683
2747,gain_row_vs_twin,0.014536211487281655
2748,gain_row_vs_twin,0.009910373319900924
2749,gain_row_vs_twin,0.013221982965505457
2750,gain_row_vs_twin,0.016793055240451302
2751,gain_row_vs_twin,0.014409188513118482
2752,gain_row_vs_twin,0.015501771812717186
2753,gain_row_vs_twin,0.013165352526106283
2754,gain_row_vs_twin,0.01574497920022161
2755,gain_row_vs_twin,0.014127140605743714
2756,gain_row_vs_twin,0.01229908558274297
2757,gain_row_vs_twin,0.018850391991522993
2758,gain_row_vs_twin,0.014236776718048674
2759,gain_row_vs_twin,0.019035479635178276
2760,gain_row_vs_twin,0.010461690887650924
2761,gain_row_vs_twin,0.018479518172310565
2762,gain_row_vs_twin,0.016978334254883997
2763,gain_row_vs_twin,0.016010026391523362
2764,gain_row_vs_twin,0.014183555716883123
2765,gain_row_vs_twin,0.01416090794058389
2766,gain_row_vs_twin,0.0147181022314098
2767,gain_row_vs_twin,0.009865762582239345
2768,gain_row_vs_twin,0.0177478985285712
2769,gain_row_vs_twin,0.014074804311243841
2770,gain_row_vs_twin,0.012033618163524593
2771,gain_row_vs_twin,0.01363314552501518
2772,gain_row_vs_twin,0.016941513208207807
2773,gain_row_vs_twin,0.015314177153930329
2774,gain_row_vs_twin,0.014207387994592067
2775,gain_row_vs_twin,0.013174213458648235
2776,gain_row_vs_twin,0.01549677593541718
2777,gain_row_vs_twin,0.014417713527871582
2778,gain_row_vs_twin,0.014345053320482649
2779,gain_row_vs_twin,0.016301655484159967
2780,gain_row_vs_twin,0.013952579134477897
2781,gain_row_vs_twin,0.011277036384082213
2782,gain_row_vs_twin,0.012206237793077761
2783,gain_row_vs_twin,0.015403815170484095
2784,gain_row_vs_twin,0.012089305263926988
2785,gain_row_vs_twin,0.015948637853328416
2786,gain_row_vs_twin,0.019003188488106015
2787,gain_row_vs_twin,0.01394322782504035
2788,gain_row_vs_twin,0.011499256433076475
2789,gain_row_vs_twin,0.013109224155058505
2790,gain_row_vs_twin,0.012789968861297173
2791,gain_row_vs_twin,0.012992715694295014
2792,gain_row_vs_twin,0.014468600712303938
2793,gain_row_vs_twin,0.015792314012900488
2794,gain_row_vs_twin,0.017476461439854724
2795,gain_row_vs_twin,0.014108691202719455
2796,gain_row_vs_twin,0.01194550413839405
2797,gain_row_vs_twin,0.01740722787402336
2798,gain_row_vs_twin,0.013519692485743588
2799,gain_row_vs_twin,0.013679574700576633
2800,gain_row_vs_twin,0.014582605101529159
2801,gain_row_vs_twin,0.01468935934978712
2802,gain_row_vs_twin,0.015920473693691487
2803,gain_row_vs_twin,0.012741584075303406
2804,gain_row_vs_twin,0.016147971552973966
2805,gain_row_vs_twin,0.01614700611243673
2806,gain_row_vs_twin,0.016672855765820997
2807,gain_row_vs_twin,0.015151861549486282
2808,gain_row_vs_twin,0.015977536128945213
2809,gain_row_vs_twin,0.0139557336732531
2810,gain_row_vs_twin,0.01606202034424451
2811,gain_row_vs_twin,0.014516031250110811
2812,gain_row_vs_twin,0.011697698009809682
2813,gain_row_vs_twin,0.013665847184198955
2814,gain_row_vs_twin,0.015990315692166295
2815,gain_row_vs_twin,0.01573021691708825
2816,gain_row_vs_twin,0.01620633079328589
2817,gain_row_vs_twin,0.017236357390770625
2818,gain_row_vs_twin,0.016361709901119258
2819,gain_row_vs_twin,0.009851207980889967
2820,gain_row_vs_twin,0.014287936901295466
2821,gain_row_vs_twin,0.009065799381614443
2822,gain_row_vs_twin,0.014522252673794617
2823,gain_row_vs_twin,0.014084454163298937
2824,gain_row_vs_twin,0.014177804144608355
2825,gain_row_vs_twin,0.01078948344983983
2826,gain_row_vs_twin,0.014752335519230718
2827,gain_row_vs_twin,0.013361031854081506
2828,gain_row_vs_twin,0.013016142544245251
2829,gain_row_vs_twin,0.013518606930202206
2830,gain_row_vs_twin,0.013857182185886326
2831,gain_row_vs_twin,0.017832272980287025
2832,gain_row_vs_twin,0.012573437894134398
2833,gain_row_vs_twin,0.01322684327141417
2834,gain_row_vs_twin,0.015313200678730158
2835,gain_row_vs_twin,0.012597540193396177
2836,gain_row_vs_twin,0.01630596756609404
2837,gain_row_vs_twin,0.016452811179417527
2838,gain_row_vs_twin,0.012658110412536597
2839,gain_row_vs_twin,0.011183386635516015
2840,gain_row_vs_twin,0.01566704529651256
2841,gain_row_vs_twin,0.017749043889656747
2842,gain_row_vs_twin,0.014953447776513236
2843,gain_row_vs_twin,0.018655690157706965
2844,gain_row_vs_twin,0.015169575565840563
2845,gain_row_vs_twin,0.01555206467968581
2846,gain_row_vs_twin,0.014289027584950233
2847,gain_row_vs_twin,0.01637820141327351
2848,gain_row_vs_twin,0.015436403445623201
2849,gain_row_vs_twin,0.013177156473224599
2850,gain_row_vs_twin,0.019023455068984587
2851,gain_row_vs_twin,0.01604871525851467
2852,gain_row_vs_twin,0.015239057204381184
2853,gain_row_vs_twin,0.012351187745424217
2854,gain_row_vs_twin,0.01606517232967811
2855,gain_row_vs_twin,0.011263422229236179
2856,gain_row_vs_twin,0.013365241942714783
2857,gain_row_vs_twin,0.011267869012744168
2858,gain_row_vs_twin,0.014112021575019626
2859,gain_row_vs_twin,0.01847453622486982
2860,gain_row_vs_twin,0.014019598402607237
2861,gain_row_vs_twin,0.015269227902052155
2862,gain_row_vs_twin,0.01625452035798643
2863,gain_row_vs_twin,0.014040818923742206
2864,gain_row_vs_twin,0.018523671383232163
2865,gain_row_vs_twin,0.016182954945144608
2866,gain_row_vs_twin,0.012584964729783531
2867,gain_row_vs_twin,0.016626617375196412
2868,gain_row_vs_twin,0.013812101409341058
2869,gain_row_vs_twin,0.014367253066825996
2870,gain_row_vs_twin,0.016836082096353944
2871,gain_row_vs_twin,0.016513091922718014
2872,gain_row_vs_twin,0.016599352670346755
2873,gain_row_vs_twin,0.016978976567009547
2874,gain_row_vs_twin,0.015855240383067556
2875,gain_row_vs_twin,0.016335279247150936
2876,gain_row_vs_twin,0.016625939538541936
2877,gain_row_vs_twin,0.016419705162307407
2878,gain_row_vs_twin,0.015138357830515592
2879,gain_row_vs_twin,0.016892004642000504
2880,gain_row_vs_twin,0.01347503363133644
2881,gain_row_vs_twin,0.018532477763167524
2882,gain_row_vs_twin,0.01761410013754196
2883,gain_row_vs_twin,0.017229803892900037
2884,gain_row_vs_twin,0.012735370127323299
2885,gain_row_vs_twin,0.013362597486461753
2886,gain_row_vs_twin,0.015967068818498735
2887,gain_row_vs_twin,0.01506984294841453
2888,gain_row_vs_twin,0.01317008928528803
2889,gain_row_vs_twin,0.011740648885015807
2890,gain_row_vs_twin,0.01669519265612256
2891,gain_row_vs_twin,0.015470046585901247
2892,gain_row_vs_twin,0.012740706655355252
2893,gain_row_vs_twin,0.018357348168484316
2894,gain_row_vs_twin,0.011660215677720293
2895,gain_row_vs_twin,0.015161730376365885
2896,gain_row_vs_twin,0.011191611309553429
2897,gain_row_vs_twin,0.015997403389048422
2898,gain_row_vs_twin,0.012205167709335012
2899,gain_row_vs_twin,0.01140327694254617
2900,gain_row_vs_twin,0.015224166546084768
2901,gain_row_vs_twin,0.010201662610316556
2902,gain_row_vs_twin,0.011607473014347582
2903,gain_row_vs_twin,0.01133849027894101
2904,gain_row_vs_twin,0.01565577854601263
2905,gain_row_vs_twin,0.014698762358116315
2906,gain_row_vs_twin,0.01425518372439209
2907,gain_row_vs_twin,0.013552726432669167
2908,gain_row_vs_twin,0.013823501204893356
2909,gain_row_vs_twin,0.0180459344678075
2910,gain_row_vs_twin,0.012110646572401646
2911,gain_row_vs_twin,0.018154548630307632
2912,gain_row_vs_twin,0.014371753987469319
2913,gain_row_vs_twin,0.013151749309818273
2914,gain_row_vs_twin,0.01341778939067852
2915,gain_row_vs_twin,0.015612371976870215
2916,gain_row_vs_twin,0.014958681896162193
2917,gain_row_vs_twin,0.012556160195211172
2918,gain_row_vs_twin,0.014395908881836334
2919,gain_row_vs_twin,0.013752226486455271
2920,gain_row_vs_twin,0.01617579166226763
2921,gain_row_vs_twin,0.012165226757065642
2922,gain_row_vs_twin,0.015421821054478129
2923,gain_row_vs_twin,0.013937493389822897
2924,gain_row_vs_twin,0.015478162403830409
2925,gain_row_vs_twin,0.015525829689733475
2926,gain_row_vs_twin,0.015783284811995833
2927,gain_row_vs_twin,0.01575977346144605
2928,gain_row_vs_twin,0.01704253431461339
2929,gain_row_vs_twin,0.015511555039962746
2930,gain_row_vs_twin,0.015907886653610967
2931,gain_row_vs_twin,0.014016889438618438
2932,gain_row_vs_twin,0.015673370966292628
2933,gain_row_vs_twin,0.01866247724326372
2934,gain_row_vs_twin,0.01613761100363355
2935,gain_row_vs_twin,0.0174292793768453
2936,gain_row_vs_twin,0.013375106863851977
2937,gain_row_vs_twin,0.012246010420554353
2938,gain_row_vs_twin,0.015215364643704382
2939,gain_row_vs_twin,0.014993305087422285
2940,gain_row_vs_twin,0.014907368264980264
2941,gain_row_vs_twin,0.0179229111839052
2942,gain_row_vs_twin,0.017568165030257744
2943,gain_row_vs_twin,0.012242928650794628
2944,gain_row_vs_twin,0.013875742682063794
2945,gain_row_vs_twin,0.014263748306240248
2946,gain_row_vs_twin,0.013385047847805264
2947,gain_row_vs_twin,0.015207166695351144
2948,gain_row_vs_twin,0.013746660082616848
2949,gain_row_vs_twin,0.013822851440373351
2950,gain_row_vs_twin,0.014252615527991248
2951,gain_row_vs_twin,0.015454500348152279
2952,gain_row_vs_twin,0.019166797669990653
2953,gain_row_vs_twin,0.014110907451271673
2954,gain_row_vs_twin,0.009867486693465944
2955,gain_row_vs_twin,0.014381674034280355
2956,gain_row_vs_twin,0.013984192407315691
2957,gain_row_vs_twin,0.016744714932364593
2958,gain_row_vs_twin,0.010449771012987902
2959,gain_row_vs_twin,0.016585913872590164
2960,gain_row_vs_twin,0.015599238362956002
2961,gain_row_vs_twin,0.01499369246004768
2962,gain_row_vs_twin,0.01641342939781486
2963,gain_row_vs_twin,0.013597545849629838
2964,gain_row_vs_twin,0.017224437207746003
2965,gain_row_vs_twin,0.014112035543073113
2966,gain_row_vs_twin,0.018601822614459532
2967,gain_row_vs_twin,0.016845896109775268
2968,gain_row_vs_twin,0.01407907154586373
2969,gain_row_vs_twin,0.014619943353590565
2970,gain_row_vs_twin,0.018226115590947816
2971,gain_row_vs_twin,0.015524615685073769
2972,gain_row_vs_twin,0.017722490093411248
2973,gain_row_vs_twin,0.01308194849596962
2974,gain_row_vs_twin,0.015206986172873862
2975,gain_row_vs_twin,0.014642683831688461
2976,gain_row_vs_twin,0.013296104215928245
2977,gain_row_vs_twin,0.013035792098205313
2978,gain_row_vs_twin,0.012929798724850823
2979,gain_row_vs_twin,0.014609265004305746
2980,gain_row_vs_twin,0.016601295146867676
2981,gain_row_vs_twin,0.010776116811818918
2982,gain_row_vs_twin,0.015458612164835624
2983,gain_row_vs_twin,0.012678659968823277
2984,gain_row_vs_twin,0.014162532852776456
2985,gain_row_vs_twin,0.017288360631518028
2986,gain_row_vs_twin,0.018284737708165476
2987,gain_row_vs_twin,0.015406041625371725
2988,gain_row_vs_twin,0.017819899818564723
2989,gain_row_vs_twin,0.012150117490702677
2990,gain_row_vs_twin,0.015816374771182872
2991,gain_row_vs_twin,0.016468745958948577
2992,gain_row_vs_twin,0.015542136938199164
2993,gain_row_vs_twin,0.01653108746481831
2994,gain_row_vs_twin,0.013417842334754387
2995,gain_row_vs_twin,0.01473495604337134
2996,gain_row_vs_twin,0.015240630809341432
2997,gain_row_vs_twin,0.012752808818854803
2998,gain_row_vs_twin,0.013903823226581836
2999,gain_row_vs_twin,0.01594589707712823
3000,gain_row_vs_twin,0.016653572699963617
3001,gain_row_vs_twin,0.015129276678902381
3002,gain_row_vs_twin,0.017479566876721836
3003,gain_row_vs_twin,0.017012659124298914
3004,gain_row_vs_twin,0.015274463533060788
3005,gain_row_vs_twin,0.01452043340400948
3006,gain_row_vs_twin,0.0166020784071664
3007,gain_row_vs_twin,0.010401153720223105
3008,gain_row_vs_twin,0.013621346355798408
3009,gain_row_vs_twin,0.014651494100290994
3010,gain_row_vs_twin,0.01513428860736633
3011,gain_row_vs_twin,0.011745228224638792
3012,gain_row_vs_twin,0.015335189617236468
3013,gain_row_vs_twin,0.015519521898385793
3014,gain_row_vs_twin,0.014300683666011562
3015,gain_row_vs_twin,0.01644855748536762
3016,gain_row_vs_twin,0.011916986177652772
3017,gain_row_vs_twin,0.014345167964106734
3018,gain_row_vs_twin,0.016131060661506772
3019,gain_row_vs_twin,0.011758328606891272
3020,gain_row_vs_twin,0.01456055942405028
3021,gain_row_vs_twin,0.012733102193597431
3022,gain_row_vs_twin,0.014547470040577295
3023,gain_row_vs_twin,0.015225079547418528
3024,gain_row_vs_twin,0.015221613069087639
3025,gain_row_vs_twin,0.018459781474665957
3026,gain_row_vs_twin,0.014712128639875005
3027,gain_row_vs_twin,0.01432918423286528
3028,gain_row_vs_twin,0.014447004023068028
3029,gain_row_vs_twin,0.014860185820103237
3030,gain_row_vs_twin,0.013347920891105923
3031,gain_row_vs_twin,0.016091712365257724
3032,gain_row_vs_twin,0.0133496994018807
3033,gain_row_vs_twin,0.014926444454926534
3034,gain_row_vs_twin,0.01556260713099304
3035,gain_row_vs_twin,0.014211053755223885
3036,gain_row_vs_twin,0.015226482783848385
3037,gain_row_vs_twin,0.016113659577356616
3038,gain_row_vs_twin,0.017186136375139428
3039,gain_row_vs_twin,0.015949482037838636
3040,gain_row_vs_twin,0.013356508868351236
3041,gain_row_vs_twin,0.016875511993146432
3042,gain_row_vs_twin,0.01592351845949026
3043,gain_row_vs_twin,0.015840738759497566
3044,gain_row_vs_twin,0.012739086737405095
3045,gain_row_vs_twin,0.013388671898515942
3046,gain_row_vs_twin,0.012618632659850424
3047,gain_row_vs_twin,0.01299079400281993
3048,gain_row_vs_twin,0.018212571621997447
3049,gain_row_vs_twin,0.01364685840258729
3050,gain_row_vs_twin,0.014549682595898323
3051,gain_row_vs_twin,0.017669212622027034
3052,gain_row_vs_twin,0.013264707558312874
3053,gain_row_vs_twin,0.015661020954048283
3054,gain_row_vs_twin,0.013527156941380665
3055,gain_row_vs_twin,0.00953182312971751
3056,gain_row_vs_twin,0.012506585431417666
3057,gain_row_vs_twin,0.012142126393301755
3058,gain_row_vs_twin,0.012169303055535093
3059,gain_row_vs_twin,0.015146865818869426
3060,gain_row_vs_twin,0.01562428383186692
3061,gain_row_vs_twin,0.016343534590254387
3062,gain_row_vs_twin,0.013223519100728076
3063,gain_row_vs_twin,0.015087957580267031
3064,gain_row_vs_twin,0.010624770673457087
3065,gain_row_vs_twin,0.013886444586763245
3066,gain_row_vs_twin,0.0169431680206245
3067,gain_row_vs_twin,0.010947631542495168
3068,gain_row_vs_twin,0.01689993066534814
3069,gain_row_vs_twin,0.015657701308615646
3070,gain_row_vs_twin,0.013570621782891795
3071,gain_row_vs_twin,0.014166344863448924
3072,gain_row_vs_twin,0.014434374511305637
3073,gain_row_vs_twin,0.013281736129813582
3074,gain_row_vs_twin,0.012619847183473611
3075,gain_row_vs_twin,0.014689572041115605
3076,gain_row_vs_twin,0.017210670017807187
3077,gain_row_vs_twin,0.01600484492885223
3078,gain_row_vs_twin,0.0161893564190272
3079,gain_row_vs_twin,0.01397398318161794
3080,gain_row_vs_twin,0.015688221193412778
3081,gain_row_vs_twin,0.011422673460088977
3082,gain_row_vs_twin,0.014265582231119964
3083,gain_row_vs_twin,0.011272598529298666
3084,gain_row_vs_twin,0.016248838911162116
3085,gain_row_vs_twin,0.015372131781702176
3086,gain_row_vs_twin,0.01383867313557244
3087,gain_row_vs_twin,0.012412593525093192
3088,gain_row_vs_twin,0.01610727156905437
3089,gain_row_vs_twin,0.016998078849676468
3090,gain_row_vs_twin,0.01501063957853388
3091,gain_row_vs_twin,0.014797924824510129
3092,gain_row_vs_twin,0.01596866662758684
3093,gain_row_vs_twin,0.012907366460735597
3094,gain_row_vs_twin,0.01505514731319356
3095,gain_row_vs_twin,0.014332901648166033
3096,gain_row_vs_twin,0.01594605263869348
3097,gain_row_vs_twin,0.016792000389632706
3098,gain_row_vs_twin,0.013944236369379321
3099,gain_row_vs_twin,0.011776620060552483
3100,gain_row_vs_twin,0.015814167022274433
3101,gain_row_vs_twin,0.012361602586063027
3102,gain_row_vs_twin,0.01137325389306111
3103,gain_row_vs_twin,0.014882282737128763
3104,gain_row_vs_twin,0.013459622714093266
3105,gain_row_vs_twin,0.014016465392438754
3106,gain_row_vs_twin,0.014313479954135455
3107,gain_row_vs_twin,0.015392447830193763
3108,gain_row_vs_twin,0.011002033001076422
3109,gain_row_vs_twin,0.013653383294671315
3110,gain_row_vs_twin,0.01674303458760065
3111,gain_row_vs_twin,0.015509774286259966
3112,gain_row_vs_twin,0.014491512424797301
3113,gain_row_vs_twin,0.012966258548858094
3114,gain_row_vs_twin,0.016428501652125612
3115,gain_row_vs_twin,0.018544035854183828
3116,gain_row_vs_twin,0.011264433174145036
3117,gain_row_vs_twin,0.014787544532124485
3118,gain_row_vs_twin,0.01633579592969012
3119,gain_row_vs_twin,0.014667360382135616
3120,gain_row_vs_twin,0.017712832315157186
3121,gain_row_vs_twin,0.017859388181033962
3122,gain_row_vs_twin,0.015992917920520867
3123,gain_row_vs_twin,0.018770463615402272
3124,gain_row_vs_twin,0.015915122701401618
3125,gain_row_vs_twin,0.01627006247752289
3126,gain_row_vs_twin,0.01720185417727537
3127,gain_row_vs_twin,0.01469752986137253
3128,gain_row_vs_twin,0.01467243701506064
3129,gain_row_vs_twin,0.013832125108252222
3130,gain_row_vs_twin,0.01510063382044265
3131,gain_row_vs_twin,0.01327177192006021
3132,gain_row_vs_twin,0.016479929445375387
3133,gain_row_vs_twin,0.012257199631301117
3134,gain_row_vs_twin,0.015454056163475423
3135,gain_row_vs_twin,0.016093919367025627
3136,gain_row_vs_twin,0.014245002011499428
3137,gain_row_vs_twin,0.013654033860360444
3138,gain_row_vs_twin,0.015609784751875605
3139,gain_row_vs_twin,0.01615010634819691
3140,gain_row_vs_twin,0.017677038830489
3141,gain_row_vs_twin,0.01558142860686552
3142,gain_row_vs_twin,0.012756524038313502
3143,gain_row_vs_twin,0.013669058619815126
3144,gain_row_vs_twin,0.014281777753983468
3145,gain_row_vs_twin,0.013926252812700685
3146,gain_row_vs_twin,0.013751735377220745
3147,gain_row_vs_twin,0.013464728715030556
3148,gain_row_vs_twin,0.01674751306176041
3149,gain_row_vs_twin,0.012661705429576701
3150,gain_row_vs_twin,0.013617512330294675
3151,gain_row_vs_twin,0.018519016190592454
3152,gain_row_vs_twin,0.013981782157832466
3153,gain_row_vs_twin,0.016424909517846635
3154,gain_row_vs_twin,0.016594011861634058
3155,gain_row_vs_twin,0.01614908286655508
3156,gain_row_vs_twin,0.013354553567922093
3157,gain_row_vs_twin,0.010121216066961838
3158,gain_row_vs_twin,0.01359595085424418
3159,gain_row_vs_twin,0.01647952840874776
3160,gain_row_vs_twin,0.014159967359813947
3161,gain_row_vs_twin,0.015775999441774605
3162,gain_row_vs_twin,0.01478870314322424
3163,gain_row_vs_twin,0.01471520837914903
3164,gain_row_vs_twin,0.016483536712826357
3165,gain_row_vs_twin,0.015471253091319779
3166,gain_row_vs_twin,0.017727041785248168
3167,gain_row_vs_twin,0.012688960604999066
3168,gain_row_vs_twin,0.01189784271759729
3169,gain_row_vs_twin,0.009658569449778494
3170,gain_row_vs_twin,0.015974456691283855
3171,gain_row_vs_twin,0.015224376391306563
3172,gain_row_vs_twin,0.01887968044384041
3173,gain_row_vs_twin,0.012150868480175605
3174,gain_row_vs_twin,0.01890730400996202
3175,gain_row_vs_twin,0.010707536943272635
3176,gain_row_vs_twin,0.017072725496583795
3177,gain_row_vs_twin,0.013039414394074527
3178,gain_row_vs_twin,0.014967178327406629
3179,gain_row_vs_twin,0.01697249879718588
3180,gain_row_vs_twin,0.015634299392345508
3181,gain_row_vs_twin,0.01400339618431668
3182,gain_row_vs_twin,0.014246392906432504
3183,gain_row_vs_twin,0.011128004437826708
3184,gain_row_vs_twin,0.017717632517553008
3185,gain_row_vs_twin,0.013740990983108766
3186,gain_row_vs_twin,0.01471736765821402
3187,gain_row_vs_twin,0.014584052471996836
3188,gain_row_vs_twin,0.01744255517873176
3189,gain_row_vs_twin,0.010934077530320028
3190,gain_row_vs_twin,0.015137733667513935
3191,gain_row_vs_twin,0.015707973323989124
3192,gain_row_vs_twin,0.016440880132686568
3193,gain_row_vs_twin,0.013297889217414791
3194,gain_row_vs_twin,0.015014129877228695
3195,gain_row_vs_twin,0.015994708557983146
3196,gain_row_vs_twin,0.013610773166125278
3197,gain_row_vs_twin,0.01564023097107087
3198,gain_row_vs_twin,0.015200398177225277
3199,gain_row_vs_twin,0.014669146673029085
3200,gain_row_vs_twin,0.016195461547812838
3201,gain_row_vs_twin,0.012322245297575375
3202,gain_row_vs_twin,0.017332380343222126
3203,gain_row_vs_twin,0.014939291281381927
3204,gain_row_vs_twin,0.014583251480461327
3205,gain_row_vs_twin,0.01656952021469899
3206,gain_row_vs_twin,0.013537446728751705
3207,gain_row_vs_twin,0.016330056816475418
3208,gain_row_vs_twin,0.016903111890031148
3209,gain_row_vs_twin,0.01664271467361498
3210,gain_row_vs_twin,0.015503711484460744
3211,gain_row_vs_twin,0.016507185655431557
3212,gain_row_vs_twin,0.01428116300357721
3213,gain_row_vs_twin,0.020032183121326826
3214,gain_row_vs_twin,0.014421322617185492
3215,gain_row_vs_twin,0.014421202354086211
3216,gain_row_vs_twin,0.013616520300834182
3217,gain_row_vs_twin,0.013136937500800331
3218,gain_row_vs_twin,0.015276802036664828
3219,gain_row_vs_twin,0.015307945492858268
3220,gain_row_vs_twin,0.01631137560321794
3221,gain_row_vs_twin,0.016410508811577743
3222,gain_row_vs_twin,0.010163294245247518
3223,gain_row_vs_twin,0.012219606194865217
3224,gain_row_vs_twin,0.01469771230945462
3225,gain_row_vs_twin,0.01079032991136525
3226,gain_row_vs_twin,0.01103596437719516
3227,gain_row_vs_twin,0.013161282554021598
3228,gain_row_vs_twin,0.016646973107984016
3229,gain_row_vs_twin,0.016015770598260655
3230,gain_row_vs_twin,0.01783951322510644
3231,gain_row_vs_twin,0.012728696684986485
3232,gain_row_vs_twin,0.01531147387564732
3233,gain_row_vs_twin,0.01627796056598642
3234,gain_row_vs_twin,0.015625873833010166
3235,gain_row_vs_twin,0.015321998753124068
3236,gain_row_vs_twin,0.012931258981514855
3237,gain_row_vs_twin,0.013839818773339507
3238,gain_row_vs_twin,0.015462839967142096
3239,gain_row_vs_twin,0.01358185690057924
3240,gain_row_vs_twin,0.015681268062077067
3241,gain_row_vs_twin,0.017455474827940107
3242,gain_row_vs_twin,0.013319931939675081
3243,gain_row_vs_twin,0.016111697781015986
3244,gain_row_vs_twin,0.015173781248441166
3245,gain_row_vs_twin,0.015339755516570486
3246,gain_row_vs_twin,0.01677889134220253
3247,gain_row_vs_twin,0.015169675088470927
3248,gain_row_vs_twin,0.014401846932624017
3249,gain_row_vs_twin,0.01433707520431061
3250,gain_row_vs_twin,0.011218183176347821
3251,gain_row_vs_twin,0.01316103098073435
3252,gain_row_vs_twin,0.011610748200296821
3253,gain_row_vs_twin,0.015743714303427747
3254,gain_row_vs_twin,0.014017708245601685
3255,gain_row_vs_twin,0.017764032463317633
3256,gain_row_vs_twin,0.012028190863468258
3257,gain_row_vs_twin,0.013879654597090797
3258,gain_row_vs_twin,0.01613496931495904
3259,gain_row_vs_twin,0.014072997532936933
3260,gain_row_vs_twin,0.00959244848163855
3261,gain_row_vs_twin,0.016780391222466984
3262,gain_row_vs_twin,0.007992107158358451
3263,gain_row_vs_twin,0.015553078107412747
3264,gain_row_vs_twin,0.013081026304139416
3265,gain_row_vs_twin,0.018982145007014655
3266,gain_row_vs_twin,0.013595856959880826
3267,gain_row_vs_twin,0.015001561331298926
3268,gain_row_vs_twin,0.012136732490168953
3269,gain_row_vs_twin,0.014644450788955155
3270,gain_row_vs_twin,0.013899472476986979
3271,gain_row_vs_twin,0.014686470740026417
3272,gain_row_vs_twin,0.015653753448535323
3273,gain_row_vs_twin,0.013958997474483531
3274,gain_row_vs_twin,0.012156106047073897
3275,gain_row_vs_twin,0.010931948602751217
3276,gain_row_vs_twin,0.01838723070551848
3277,gain_row_vs_twin,0.015192824057914698
3278,gain_row_vs_twin,0.014607430549308255
3279,gain_row_vs_twin,0.015618574388191349
3280,gain_row_vs_twin,0.016951799211131997
3281,gain_row_vs_twin,0.013669379860526158
3282,gain_row_vs_twin,0.010406429918415828
3283,gain_row_vs_twin,0.014350499608750724
3284,gain_row_vs_twin,0.012553297616405515
3285,gain_row_vs_twin,0.017172355336669536
3286,gain_row_vs_twin,0.019578850667507103
3287,gain_row_vs_twin,0.013481744187815631
3288,gain_row_vs_twin,0.013602754236905061
3289,gain_row_vs_twin,0.01393581781561907
3290,gain_row_vs_twin,0.016623495772367086
3291,gain_row_vs_twin,0.014498353895676117
3292,gain_row_vs_twin,0.01565213519500325
3293,gain_row_vs_twin,0.012281603562326217
3294,gain_row_vs_twin,0.013949541596706411
3295,gain_row_vs_twin,0.012896744972754155
3296,gain_row_vs_twin,0.015564172694932392
3297,gain_row_vs_twin,0.015002187273388335
3298,gain_row_vs_twin,0.016459191910269417
3299,gain_row_vs_twin,0.013466371519686656
3300,gain_row_vs_twin,0.011817492491138943
3301,gain_row_vs_twin,0.013867604135188309
3302,gain_row_vs_twin,0.015678614566649252
3303,gain_row_vs_twin,0.015137958864378093
3304,gain_row_vs_twin,0.01476111458703836
3305,gain_row_vs_twin,0.015055016482009229
3306,gain_row_vs_twin,0.015408986939148352
3307,gain_row_vs_twin,0.017332081496058204
3308,gain_row_vs_twin,0.011045801937357798
3309,gain_row_vs_twin,0.013138569734152379
3310,gain_row_vs_twin,0.011680333095327915
3311,gain_row_vs_twin,0.011212278019768967
3312,gain_row_vs_twin,0.015096654635306435
3313,gain_row_vs_twin,0.0152667218048708
3314,gain_row_vs_twin,0.017715560980497265
3315,gain_row_vs_twin,0.01591246093114666
3316,gain_row_vs_twin,0.01180920219765783
3317,gain_row_vs_twin,0.01839177065923284
3318,gain_row_vs_twin,0.010435968464570188
3319,gain_row_vs_twin,0.017216691995716234
3320,gain_row_vs_twin,0.01525668818415751
3321,gain_row_vs_twin,0.016361164411328677
3322,gain_row_vs_twin,0.016014441148576725
3323,gain_row_vs_twin,0.014330030365951764
3324,gain_row_vs_twin,0.011503455779940627
3325,gain_row_vs_twin,0.01687067590444595
3326,gain_row_vs_twin,0.01392167649643494
3327,gain_row_vs_twin,0.01565815468238412
3328,gain_row_vs_twin,0.013168016379191167
3329,gain_row_vs_twin,0.014464198933064745
3330,gain_row_vs_twin,0.0148149811021538
3331,gain_row_vs_twin,0.015382082792917324
3332,gain_row_vs_twin,0.01535348000528058
3333,gain_row_vs_twin,0.01662386310279614
3334,gain_row_vs_twin,0.016981115833842736
3335,gain_row_vs_twin,0.013192658696960588
3336,gain_row_vs_twin,0.014463705458973745
3337,gain_row_vs_twin,0.015535453826625177
3338,gain_row_vs_twin,0.011494603110747419
3339,gain_row_vs_twin,0.015158051541466072
3340,gain_row_vs_twin,0.01479174290298465
3341,gain_row_vs_twin,0.014037169707626524
3342,gain_row_vs_twin,0.01733135439679411
3343,gain_row_vs_twin,0.013684389658069845
3344,gain_row_vs_twin,0.016245808505363037
3345,gain_row_vs_twin,0.013937348215801759
3346,gain_row_vs_twin,0.012873521965113894
3347,gain_row_vs_twin,0.0149147926598432
3348,gain_row_vs_twin,0.01250587743806857
3349,gain_row_vs_twin,0.014907362847164183
3350,gain_row_vs_twin,0.01610307111470162
3351,gain_row_vs_twin,0.01766805218016569
3352,gain_row_vs_twin,0.015873946279303216
3353,gain_row_vs_twin,0.013720019976372852
3354,gain_row_vs_twin,0.01314689852248176
3355,gain_row_vs_twin,0.011644771227627445
3356,gain_row_vs_twin,0.014692790246732406
3357,gain_row_vs_twin,0.014699785760941888
3358,gain_row_vs_twin,0.013795128367999458
3359,gain_row_vs_twin,0.014367282083051835
3360,gain_row_vs_twin,0.014298453014095167
3361,gain_row_vs_twin,0.015160158512469503
3362,gain_row_vs_twin,0.010374112511967055
3363,gain_row_vs_twin,0.01372942465193544
3364,gain_row_vs_twin,0.008752074771378475
3365,gain_row_vs_twin,0.013877295976453399
3366,gain_row_vs_twin,0.01718117817619217
3367,gain_row_vs_twin,0.014818989474673288
3368,gain_row_vs_twin,0.014408614843793872
3369,gain_row_vs_twin,0.012067631450343261
3370,gain_row_vs_twin,0.016051365028363462
3371,gain_row_vs_twin,0.015791464501194456
3372,gain_row_vs_twin,0.014466141178584361
3373,gain_row_vs_twin,0.01401269106775827
3374,gain_row_vs_twin,0.012582879386591887
3375,gain_row_vs_twin,0.01619061299752696
3376,gain_row_vs_twin,0.017892721864365024
3377,gain_row_vs_twin,0.01680799829506824
3378,gain_row_vs_twin,0.01512229028572477
3379,gain_row_vs_twin,0.014694402749922453
3380,gain_row_vs_twin,0.015562447290792729
3381,gain_row_vs_twin,0.014250802090284195
3382,gain_row_vs_twin,0.014310653952931228
3383,gain_row_vs_twin,0.01564315311635896
3384,gain_row_vs_twin,0.013229345068841478
3385,gain_row_vs_twin,0.01894213714986002
3386,gain_row_vs_twin,0.011522810711832523
3387,gain_row_vs_twin,0.014602333840787681
3388,gain_row_vs_twin,0.01595303531127784
3389,gain_row_vs_twin,0.013365768116904568
3390,gain_row_vs_twin,0.01606258682622635
3391,gain_row_vs_twin,0.01659716889832006
3392,gain_row_vs_twin,0.012608667474093064
3393,gain_row_vs_twin,0.013714949027308401
3394,gain_row_vs_twin,0.016035459468860005
3395,gain_row_vs_twin,0.013562868953174803
3396,gain_row_vs_twin,0.01565725645566917
3397,gain_row_vs_twin,0.013834572549568687
3398,gain_row_vs_twin,0.015343359366207768
3399,gain_row_vs_twin,0.016834927022590287
3400,gain_row_vs_twin,0.016910202549293357
3401,gain_row_vs_twin,0.01562792217996592
3402,gain_row_vs_twin,0.016598947756237208
3403,gain_row_vs_twin,0.01810701859426886
3404,gain_row_vs_twin,0.01552812245957204
3405,gain_row_vs_twin,0.01806749260670137
3406,gain_row_vs_twin,0.016320836437400364
3407,gain_row_vs_twin,0.013073807649893873
3408,gain_row_vs_twin,0.015942469664022723
3409,gain_row_vs_twin,0.010588248050400617
3410,gain_row_vs_twin,0.01341815894417248
3411,gain_row_vs_twin,0.014811599104094889
3412,gain_row_vs_twin,0.0161354332322127
3413,gain_row_vs_twin,0.017395154137238366
3414,gain_row_vs_twin,0.01658967992789074
3415,gain_row_vs_twin,0.016461886829229354
3416,gain_row_vs_twin,0.015091212781478059
3417,gain_row_vs_twin,0.013986351322803982
3418,gain_row_vs_twin,0.01219679062530669
3419,gain_row_vs_twin,0.012318787976588046
3420,gain_row_vs_twin,0.011309863749568941
3421,gain_row_vs_twin,0.013333282534546107
3422,gain_row_vs_twin,0.013971923758864847
3423,gain_row_vs_twin,0.01603198511891861
3424,gain_row_vs_twin,0.009889505354976697
3425,gain_row_vs_twin,0.014018596526841379
3426,gain_row_vs_twin,0.016827368639233328
3427,gain_row_vs_twin,0.01604158510036118
3428,gain_row_vs_twin,0.008981817464216876
3429,gain_row_vs_twin,0.013963014144784272
3430,gain_row_vs_twin,0.011461567032422213
3431,gain_row_vs_twin,0.014081705537447826
3432,gain_row_vs_twin,0.015815963479941613
3433,gain_row_vs_twin,0.014834809844261294
3434,gain_row_vs_twin,0.014750789349708415
3435,gain_row_vs_twin,0.01320137295780513
3436,gain_row_vs_twin,0.015803280904301335
3437,gain_row_vs_twin,0.015958974577535343
3438,gain_row_vs_twin,0.01625415724503048
3439,gain_row_vs_twin,0.01630667520641002
3440,gain_row_vs_twin,0.014655897708681169
3441,gain_row_vs_twin,0.017601941122553096
3442,gain_row_vs_twin,0.014992191462565339
3443,gain_row_vs_twin,0.013657540916584013
3444,gain_row_vs_twin,0.01629869257864736
3445,gain_row_vs_twin,0.015455214732877169
3446,gain_row_vs_twin,0.013750873654084306
3447,gain_row_vs_twin,0.014230886515569807
3448,gain_row_vs_twin,0.016856328537380498
3449,gain_row_vs_twin,0.017338354791976755
3450,gain_row_vs_twin,0.014465611722740468
3451,gain_row_vs_twin,0.015531002991977282
3452,gain_row_vs_twin,0.01268882605756445
3453,gain_row_vs_twin,0.016565759691410935
3454,gain_row_vs_twin,0.011741964398872099
3455,gain_row_vs_twin,0.013848313790754078
3456,gain_row_vs_twin,0.014350420229641059
3457,gain_row_vs_twin,0.014282449729037779
3458,gain_row_vs_twin,0.016997213909030615
3459,gain_row_vs_twin,0.014558387443580486
3460,gain_row_vs_twin,0.012760032970459606
3461,gain_row_vs_twin,0.01443801947963755
3462,gain_row_vs_twin,0.013928857117511559
3463,gain_row_vs_twin,0.013744056429122372
3464,gain_row_vs_twin,0.017043514189096047
3465,gain_row_vs_twin,0.014977335075693677
3466,gain_row_vs_twin,0.013994794315920784
3467,gain_row_vs_twin,0.013325184012901973
3468,gain_row_vs_twin,0.0177630948326963
3469,gain_row_vs_twin,0.014292634866498741
3470,gain_row_vs_twin,0.01222844132677065
3471,gain_row_vs_twin,0.014599352166509856
3472,gain_row_vs_twin,0.012879042394994572
3473,gain_row_vs_twin,0.015190953323865136
3474,gain_row_vs_twin,0.014817540331907755
3475,gain_row_vs_twin,0.010619704051027811
3476,gain_row_vs_twin,0.013290640542792912
3477,gain_row_vs_twin,0.014167388426671205
3478,gain_row_vs_twin,0.017338244022851862
3479,gain_row_vs_twin,0.01817862238980894
3480,gain_row_vs_twin,0.011293584032920483
3481,gain_row_vs_twin,0.017166166289441547
3482,gain_row_vs_twin,0.0077907472334159894
3483,gain_row_vs_twin,0.015175352380517078
3484,gain_row_vs_twin,0.012976165171624256
3485,gain_row_vs_twin,0.01954554556155557
3486,gain_row_vs_twin,0.014931784763077183
3487,gain_row_vs_twin,0.013978257424153736
3488,gain_row_vs_twin,0.01503076317909668
3489,gain_row_vs_twin,0.015914913849547133
3490,gain_row_vs_twin,0.010726144224137642
3491,gain_row_vs_twin,0.013041351203128618
3492,gain_row_vs_twin,0.014626417062922642
3493,gain_row_vs_twin,0.01370645266450486
3494,gain_row_vs_twin,0.01822861042009056
3495,gain_row_vs_twin,0.014693851172916729
3496,gain_row_vs_twin,0.017236048411899223
3497,gain_row_vs_twin,0.015605501015357367
3498,gain_row_vs_twin,0.013228341092785909
3499,gain_row_vs_twin,0.016295140118002566
3500,gain_row_vs_twin,0.010461699793617125
3501,gain_row_vs_twin,0.01818672680065606
3502,gain_row_vs_twin,0.014130915192622799
3503,gain_row_vs_twin,0.013130495588377544
3504,gain_row_vs_twin,0.014046655702995032
3505,gain_row_vs_twin,0.01316025225989984
3506,gain_row_vs_twin,0.01520833410032474
3507,gain_row_vs_twin,0.018047158347682783
3508,gain_row_vs_twin,0.017490609888891975
3509,gain_row_vs_twin,0.0182089022337994
3510,gain_row_vs_twin,0.012793112700064863
3511,gain_row_vs_twin,0.016412006888095285
3512,gain_row_vs_twin,0.017329414162239175
3513,gain_row_vs_twin,0.015532914009319934
3514,gain_row_vs_twin,0.0160532323414824
3515,gain_row_vs_twin,0.012549618305343471
3516,gain_row_vs_twin,0.015050247431612459
3517,gain_row_vs_twin,0.015462198076145958
3518,gain_row_vs_twin,0.015601575992640062
3519,gain_row_vs_twin,0.013347781510317102
3520,gain_row_vs_twin,0.01484380426290734
3521,gain_row_vs_twin,0.015014595494028973
3522,gain_row_vs_twin,0.014534546472638346
3523,gain_row_vs_twin,0.012083584841080295
3524,gain_row_vs_twin,0.015277994602475971
3525,gain_row_vs_twin,0.017882334737594232
3526,gain_row_vs_twin,0.017309036013908187
3527,gain_row_vs_twin,0.016253915602899398
3528,gain_row_vs_twin,0.015837255774038213
3529,gain_row_vs_twin,0.015085732851590506
3530,gain_row_vs_twin,0.01664005929221048
3531,gain_row_vs_twin,0.014624382673028622
3532,gain_row_vs_twin,0.013949283161678707
3533,gain_row_vs_twin,0.01354388864117449
3534,gain_row_vs_twin,0.014570769734059715
3535,gain_row_vs_twin,0.01734988678579464
3536,gain_row_vs_twin,0.01024386839718908
3537,gain_row_vs_twin,0.01563298486695052
3538,gain_row_vs_twin,0.01517749139461927
3539,gain_row_vs_twin,0.013135885848401243
3540,gain_row_vs_twin,0.01608842524520019
3541,gain_row_vs_twin,0.018574329815086593
3542,gain_row_vs_twin,0.016683948530944282
3543,gain_row_vs_twin,0.01222974841757909
3544,gain_row_vs_twin,0.017049711758519038
3545,gain_row_vs_twin,0.01575431350685196
3546,gain_row_vs_twin,0.012890862516279895
3547,gain_row_vs_twin,0.0129467791127265
3548,gain_row_vs_twin,0.012710087514289816
3549,gain_row_vs_twin,0.0182421414178609
3550,gain_row_vs_twin,0.014068995184087421
3551,gain_row_vs_twin,0.013742731390577382
3552,gain_row_vs_twin,0.010916932317050562
3553,gain_row_vs_twin,0.010609535312049083
3554,gain_row_vs_twin,0.013077882999805524
3555,gain_row_vs_twin,0.015849137251198384
3556,gain_row_vs_twin,0.012910224143666505
3557,gain_row_vs_twin,0.013283672321593831
3558,gain_row_vs_twin,0.014966731821684709
3559,gain_row_vs_twin,0.013979257366779312
3560,gain_row_vs_twin,0.014017708245601685
3561,gain_row_vs_twin,0.014764107577413334
3562,gain_row_vs_twin,0.018392082889988382
3563,gain_row_vs_twin,0.013506862578162552
3564,gain_row_vs_twin,0.017207828325970016
3565,gain_row_vs_twin,0.017986497504988347
3566,gain_row_vs_twin,0.015265385536481421
3567,gain_row_vs_twin,0.014571441077960295
3568,gain_row_vs_twin,0.016400838836700248
3569,gain_row_vs_twin,0.01794999668177939
3570,gain_row_vs_twin,0.014460578828727245
3571,gain_row_vs_twin,0.011190756916874236
3572,gain_row_vs_twin,0.01668715996334145
3573,gain_row_vs_twin,0.014876851953232652
3574,gain_row_vs_twin,0.013431390543763468
3575,gain_row_vs_twin,0.013932450266787754
3576,gain_row_vs_twin,0.013665676548733198
3577,gain_row_vs_twin,0.0147158458124591
3578,gain_row_vs_twin,0.01742921155053469
3579,gain_row_vs_twin,0.01447142923051337
3580,gain_row_vs_twin,0.01635418028156622
3581,gain_row_vs_twin,0.012663050824536202
3582,gain_row_vs_twin,0.016938372161050572
3583,gain_row_vs_twin,0.012901715983276942
3584,gain_row_vs_twin,0.015497887347341243
3585,gain_row_vs_twin,0.014664238693542966
3586,gain_row_vs_twin,0.016620768595537423
3587,gain_row_vs_twin,0.018316744537492064
3588,gain_row_vs_twin,0.013365476178753726
3589,gain_row_vs_twin,0.014950428667322714
3590,gain_row_vs_twin,0.014894716434244337
3591,gain_row_vs_twin,0.011748577527973455
3592,gain_row_vs_twin,0.014181755938867958
3593,gain_row_vs_twin,0.013604365144677793
3594,gain_row_vs_twin,0.010700366631207454
3595,gain_row_vs_twin,0.01165005147740158
3596,gain_row_vs_twin,0.015600793857678362
3597,gain_row_vs_twin,0.012845147634305438
3598,gain_row_vs_twin,0.014953129262674567
3599,gain_row_vs_twin,0.013943179918955087
3600,gain_row_vs_twin,0.012999484146128693
3601,gain_row_vs_twin,0.015807905013606422
3602,gain_row_vs_twin,0.013952277724862894
3603,gain_row_vs_twin,0.01789770502555681
3604,gain_row_vs_twin,0.015295694394940131
3605,gain_row_vs_twin,0.014749319958459064
3606,gain_row_vs_twin,0.01806849017889436
3607,gain_row_vs_twin,0.009537512600450826
3608,gain_row_vs_twin,0.011798767114328439
3609,gain_row_vs_twin,0.017109012819879765
3610,gain_row_vs_twin,0.011143999932354506
3611,gain_row_vs_twin,0.014257875557247083
3612,gain_row_vs_twin,0.01693390666080475
3613,gain_row_vs_twin,0.01209505910876003
3614,gain_row_vs_twin,0.014484099406076225
3615,gain_row_vs_twin,0.018431275426414342
3616,gain_row_vs_twin,0.014316583700895013
3617,gain_row_vs_twin,0.015585452868861269
3618,gain_row_vs_twin,0.015757693288872353
3619,gain_row_vs_twin,0.015805552756518657
3620,gain_row_vs_twin,0.01353521082015058
3621,gain_row_vs_twin,0.016540339251625496
3622,gain_row_vs_twin,0.017540600969082425
3623,gain_row_vs_twin,0.01545280836992442
3624,gain_row_vs_twin,0.015163304173633563
3625,gain_row_vs_twin,0.014857669021275142
3626,gain_row_vs_twin,0.01443163510097743
3627,gain_row_vs_twin,0.007287700434287362
3628,gain_row_vs_twin,0.016265466353671255
3629,gain_row_vs_twin,0.013015321623154181
3630,gain_row_vs_twin,0.012610415603741388
3631,gain_row_vs_twin,0.017376003918144544
3632,gain_row_vs_twin,0.011146440738498008
3633,gain_row_vs_twin,0.01716516917412084
3634,gain_row_vs_twin,0.01604521647381365
3635,gain_row_vs_twin,0.015337632288543051
3636,gain_row_vs_twin,0.012167358754173532
3637,gain_row_vs_twin,0.015006363479838126
3638,gain_row_vs_twin,0.01490841674183834
3639,gain_row_vs_twin,0.017359218890139035
3640,gain_row_vs_twin,0.02037329638260995
3641,gain_row_vs_twin,0.010797872046532276
3642,gain_row_vs_twin,0.018178288799366865
3643,gain_row_vs_twin,0.014942743095948448
3644,gain_row_vs_twin,0.01687403929507564
3645,gain_row_vs_twin,0.010475777433066038
3646,gain_row_vs_twin,0.016030951509757623
3647,gain_row_vs_twin,0.01200763415471047
3648,gain_row_vs_twin,0.016134847456442444
3649,gain_row_vs_twin,0.012472603250278875
3650,gain_row_vs_twin,0.01631163413730178
3651,gain_row_vs_twin,0.014144687771108553
3652,gain_row_vs_twin,0.013250599340297717
3653,gain_row_vs_twin,0.014665923447426675
3654,gain_row_vs_twin,0.01600420691100985
3655,gain_row_vs_twin,0.014792198267586099
3656,gain_row_vs_twin,0.015030190709480574
3657,gain_row_vs_twin,0.018006848250258688
3658,gain_row_vs_twin,0.013627321821450834
3659,gain_row_vs_twin,0.016313149270608774
3660,gain_row_vs_twin,0.012353707106519002
3661,gain_row_vs_twin,0.015121602614463754
3662,gain_row_vs_twin,0.017937201548453376
3663,gain_row_vs_twin,0.01484889708780209
3664,gain_row_vs_twin,0.014837469330969771
3665,gain_row_vs_twin,0.009643455946887083
3666,gain_row_vs_twin,0.01781447192332223
3667,gain_row_vs_twin,0.01594432522419414
3668,gain_row_vs_twin,0.016810449792656966
3669,gain_row_vs_twin,0.014698367054608934
3670,gain_row_vs_twin,0.013301797155871913
3671,gain_row_vs_twin,0.018686631576623463
3672,gain_row_vs_twin,0.016900879331975392
3673,gain_row_vs_twin,0.017005942724618636
3674,gain_row_vs_twin,0.013696892269278263
3675,gain_row_vs_twin,0.01479771653515794
3676,gain_row_vs_twin,0.012734665488001947
3677,gain_row_vs_twin,0.016048991437404212
3678,gain_row_vs_twin,0.013057237893564737
3679,gain_row_vs_twin,0.013831267654672448
3680,gain_row_vs_twin,0.01406535130452729
3681,gain_row_vs_twin,0.015157161354967821
3682,gain_row_vs_twin,0.014798933353547006
3683,gain_row_vs_twin,0.011907070047304116
3684,gain_row_vs_twin,0.013719998008815718
3685,gain_row_vs_twin,0.010308075461596792
3686,gain_row_vs_twin,0.015261489843126414
3687,gain_row_vs_twin,0.011894557607518282
3688,gain_row_vs_twin,0.014399732657827822
3689,gain_row_vs_twin,0.012364602737834188
3690,gain_row_vs_twin,0.016086258796100508
3691,gain_row_vs_twin,0.016375778941144788
3692,gain_row_vs_twin,0.010150934760934007
3693,gain_row_vs_twin,0.018029053001836198
3694,gain_row_vs_twin,0.016096091493939434
3695,gain_row_vs_twin,0.0188222409798226
3696,gain_row_vs_twin,0.017102095422324087
3697,gain_row_vs_twin,0.017625302180988758
3698,gain_row_vs_twin,0.013068160504396369
3699,gain_row_vs_twin,0.01503534071092326
3700,gain_row_vs_twin,0.017055451952585277
3701,gain_row_vs_twin,0.018317698691560604
3702,gain_row_vs_twin,0.015740888677148856
3703,gain_row_vs_twin,0.01742029463266135
3704,gain_row_vs_twin,0.015517847061970817
3705,gain_row_vs_twin,0.014892810185107042
3706,gain_row_vs_twin,0.017571788600323216
3707,gain_row_vs_twin,0.013122889040974481
3708,gain_row_vs_twin,0.015106167236216798
3709,gain_row_vs_twin,0.01223609202679054
3710,gain_row_vs_twin,0.01581944394404289
3711,gain_row_vs_twin,0.012058887304576691
3712,gain_row_vs_twin,0.013008873909980137
3713,gain_row_vs_twin,0.016648215033711163
3714,gain_row_vs_twin,0.01447539712386495
3715,gain_row_vs_twin,0.01840723068351647
3716,gain_row_vs_twin,0.016356464348123878
3717,gain_row_vs_twin,0.014416740920647009
3718,gain_row_vs_twin,0.017476110810734222
3719,gain_row_vs_twin,0.016826408692138594
3720,gain_row_vs_twin,0.014310710225238636
3721,gain_row_vs_twin,0.01648754784525517
3722,gain_row_vs_twin,0.010811162252454041
3723,gain_row_vs_twin,0.013593804705251114
3724,gain_row_vs_twin,0.014363563981764558
3725,gain_row_vs_twin,0.014969022835114787
3726,gain_row_vs_twin,0.011379787819700496
3727,gain_row_vs_twin,0.016536471242508233
3728,gain_row_vs_twin,0.015107053441039716
3729,gain_row_vs_twin,0.012080778008312556
3730,gain_row_vs_twin,0.010781929321217649
3731,gain_row_vs_twin,0.01490754518699649
3732,gain_row_vs_twin,0.017004665504102796
3733,gain_row_vs_twin,0.015854481109819903
3734,gain_row_vs_twin,0.015413592498739461
3735,gain_row_vs_twin,0.013562419443135692
3736,gain_row_vs_twin,0.016331017935413798
3737,gain_row_vs_twin,0.014650207783774667
3738,gain_row_vs_twin,0.015924678898936798
3739,gain_row_vs_twin,0.016749771801486048
3740,gain_row_vs_twin,0.011266457311840228
3741,gain_row_vs_twin,0.016337487220063753
3742,gain_row_vs_twin,0.015963089022496667
3743,gain_row_vs_twin,0.017324662440165624
3744,gain_row_vs_twin,0.016111747412894027
3745,gain_row_vs_twin,0.016062475783415985
3746,gain_row_vs_twin,0.012568960054347374
3747,gain_row_vs_twin,0.013629336215335273
3748,gain_row_vs_twin,0.01655396260631966
3749,gain_row_vs_twin,0.016674624152139945
3750,gain_row_vs_twin,0.012803719085862237
3751,gain_row_vs_twin,0.013750351512031026
3752,gain_row_vs_twin,0.014817171423231194
3753,gain_row_vs_twin,0.015649528773930256
3754,gain_row_vs_twin,0.01594555413923511
3755,gain_row_vs_twin,0.015258938557661002
3756,gain_row_vs_twin,0.0094773524678787
3757,gain_row_vs_twin,0.011322454565820607
3758,gain_row_vs_twin,0.013721392884064775
3759,gain_row_vs_twin,0.015039522494119927
3760,gain_row_vs_twin,0.012097980495524607
3761,gain_row_vs_twin,0.015947075771419045
3762,gain_row_vs_twin,0.015930444859767214
3763,gain_row_vs_twin,0.014214593872862783
3764,gain_row_vs_twin,0.01679038220681874
3765,gain_row_vs_twin,0.0162872899340137
3766,gain_row_vs_twin,0.01061208563584593
3767,gain_row_vs_twin,0.018117495830926682
3768,gain_row_vs_twin,0.015765247833041892
3769,gain_row_vs_twin,0.016160805634623982
3770,gain_row_vs_twin,0.009399948100896468
3771,gain_row_vs_twin,0.01572426750758208
3772,gain_row_vs_twin,0.01046730957920114
3773,gain_row_vs_twin,0.012658169134049978
3774,gain_row_vs_twin,0.015039856366196284
3775,gain_row_vs_twin,0.010514567154528818
3776,gain_row_vs_twin,0.01653564663477373
3777,gain_row_vs_twin,0.015775923903052384
3778,gain_row_vs_twin,0.01466059469880023
3779,gain_row_vs_twin,0.011386761151782705
3780,gain_row_vs_twin,0.017944860358054576
3781,gain_row_vs_twin,0.011064221774906222
3782,gain_row_vs_twin,0.015915017530207836
3783,gain_row_vs_twin,0.01396322780303834
3784,gain_row_vs_twin,0.014512420070670193
3785,gain_row_vs_twin,0.013694417543743212
3786,gain_row_vs_twin,0.010746127100158544
3787,gain_row_vs_twin,0.01761602126410563
3788,gain_row_vs_twin,0.014081047019613149
3789,gain_row_vs_twin,0.016234165792763097
3790,gain_row_vs_twin,0.015455163337232581
3791,gain_row_vs_twin,0.015523281200253614
3792,gain_row_vs_twin,0.017192520318731173
3793,gain_row_vs_twin,0.011388036176514394
3794,gain_row_vs_twin,0.015583860890627995
3795,gain_row_vs_twin,0.013032630139937123
3796,gain_row_vs_twin,0.015240874046889837
3797,gain_row_vs_twin,0.014838796001992413
3798,gain_row_vs_twin,0.016877752114451094
3799,gain_row_vs_twin,0.016961491214338324
3800,gain_row_vs_twin,0.0176791511550012
3801,gain_row_vs_twin,0.015612164042936102
3802,gain_row_vs_twin,0.012600452871778458
3803,gain_row_vs_twin,0.012586510361269855
3804,gain_row_vs_twin,0.016150985112053907
3805,gain_row_vs_twin,0.013995501894296514
3806,gain_row_vs_twin,0.015615787056475783
3807,gain_row_vs_twin,0.013061395404113652
3808,gain_row_vs_twin,0.012013155419602576
3809,gain_row_vs_twin,0.00950310272129909
3810,gain_row_vs_twin,0.014073745400915405
3811,gain_row_vs_twin,0.014986104272100972
3812,gain_row_vs_twin,0.013618921864266756
3813,gain_row_vs_twin,0.015803590860176627
3814,gain_row_vs_twin,0.016972849067581928
3815,gain_row_vs_twin,0.013540970286873621
3816,gain_row_vs_twin,0.015841989929968447
3817,gain_row_vs_twin,0.017075837657440026
3818,gain_row_vs_twin,0.012877550353187741
3819,gain_row_vs_twin,0.01787292432549669
3820,gain_row_vs_twin,0.016050006319894436
3821,gain_row_vs_twin,0.01496952194152917
3822,gain_row_vs_twin,0.015377887286168831
3823,gain_row_vs_twin,0.012585674080457118
3824,gain_row_vs_twin,0.01300197378693659
3825,gain_row_vs_twin,0.00958237538251295
3826,gain_row_vs_twin,0.011677997933190843
3827,gain_row_vs_twin,0.01496307008173559
3828,gain_row_vs_twin,0.013839568473988003
3829,gain_row_vs_twin,0.017397674540599862
3830,gain_row_vs_twin,0.016040994756307516
3831,gain_row_vs_twin,0.014713888700580836
3832,gain_row_vs_twin,0.016354078560541198
3833,gain_row_vs_twin,0.015505464667271268
3834,gain_row_vs_twin,0.01428506506634843
3835,gain_row_vs_twin,0.015050033252617704
3836,gain_row_vs_twin,0.016806370726608993
3837,gain_row_vs_twin,0.013530468588224235
3838,gain_row_vs_twin,0.01657687664022088
3839,gain_row_vs_twin,0.016677294123062136
3840,gain_row_vs_twin,0.015535750645749177
3841,gain_row_vs_twin,0.01422897530647487
3842,gain_row_vs_twin,0.015455304511442816
3843,gain_row_vs_twin,0.017362344046263772
3844,gain_row_vs_twin,0.01591674567357094
3845,gain_row_vs_twin,0.01646628470908141
3846,gain_row_vs_twin,0.010398386203950089
3847,gain_row_vs_twin,0.013806940123062635
3848,gain_row_vs_twin,0.01726477455585269
3849,gain_row_vs_twin,0.015156135547326128
3850,gain_row_vs_twin,0.01672277787421259
3851,gain_row_vs_twin,0.016079538949946716
3852,gain_row_vs_twin,0.01632226620711596
3853,gain_row_vs_twin,0.013915674739367811
3854,gain_row_vs_twin,0.01656186316822267
3855,gain_row_vs_twin,0.015465937995502265
3856,gain_row_vs_twin,0.012621346145455004
3857,gain_row_vs_twin,0.011781766109438601
3858,gain_row_vs_twin,0.012868294610501428
3859,gain_row_vs_twin,0.013561197208366663
3860,gain_row_vs_twin,0.016057848807003547
3861,gain_row_vs_twin,0.016323679908214744
3862,gain_row_vs_twin,0.015873798539811187
3863,gain_row_vs_twin,0.01575645163875037
3864,gain_row_vs_twin,0.013215693673547859
3865,gain_row_vs_twin,0.012239371685101924
3866,gain_row_vs_twin,0.01732987086642131
3867,gain_row_vs_twin,0.01476505319654656
3868,gain_row_vs_twin,0.013533333584390605
3869,gain_row_vs_twin,0.014177308473482243
3870,gain_row_vs_twin,0.014625050819491439
3871,gain_row_vs_twin,0.01717137761999048
3872,gain_row_vs_twin,0.012102169867290123
3873,gain_row_vs_twin,0.015667430722389564
3874,gain_row_vs_twin,0.012274605722489548
3875,gain_row_vs_twin,0.012831440703744621
3876,gain_row_vs_twin,0.014737192002164038
3877,gain_row_vs_twin,0.013636964505732726
3878,gain_row_vs_twin,0.012563497821654038
3879,gain_row_vs_twin,0.016929085096630925
3880,gain_row_vs_twin,0.012056773227211406
3881,gain_row_vs_twin,0.012174259700462016
3882,gain_row_vs_twin,0.016018663709878166
3883,gain_row_vs_twin,0.010084822789488046
3884,gain_row_vs_twin,0.014218179287968688
3885,gain_row_vs_twin,0.015590156703746517
3886,gain_row_vs_twin,0.011260031510088444
3887,gain_row_vs_twin,0.015191043645843172
3888,gain_row_vs_twin,0.01777308242971767
3889,gain_row_vs_twin,0.016157943994245867
3890,gain_row_vs_twin,0.012833576364800824
3891,gain_row_vs_twin,0.01385728152473024
3892,gain_row_vs_twin,0.016701466412465737
3893,gain_row_vs_twin,0.01341764458264889
3894,gain_row_vs_twin,0.012460293210551223
3895,gain_row_vs_twin,0.013974526988815118
3896,gain_row_vs_twin,0.011552246084522362
3897,gain_row_vs_twin,0.013866034545941153
3898,gain_row_vs_twin,0.017870270830068872
3899,gain_row_vs_twin,0.017210139737262393
3900,gain_row_vs_twin,0.01606926382875485
3901,gain_row_vs_twin,0.014126214147190317
3902,gain_row_vs_twin,0.015069511890040622
3903,gain_row_vs_twin,0.015226579132006169
3904,gain_row_vs_twin,0.011249566584903323
3905,gain_row_vs_twin,0.012699487901138073
3906,gain_row_vs_twin,0.01567015531193596
3907,gain_row_vs_twin,0.015857009933847543
3908,gain_row_vs_twin,0.015881123038489733
3909,gain_row_vs_twin,0.009520695312981898
3910,gain_row_vs_twin,0.012368523033749452
3911,gain_row_vs_twin,0.012867603399489511
3912,gain_row_vs_twin,0.015342248246777004
3913,gain_row_vs_twin,0.016766737037698102
3914,gain_row_vs_twin,0.01901751457330127
3915,gain_row_vs_twin,0.010463911546817941
3916,gain_row_vs_twin,0.01876410761583775
3917,gain_row_vs_twin,0.012257721495450005
3918,gain_row_vs_twin,0.01781541390309327
3919,gain_row_vs_twin,0.011460454213353816
3920,gain_row_vs_twin,0.016691294954822685
3921,gain_row_vs_twin,0.015841792120233043
3922,gain_row_vs_twin,0.01408806013987896
3923,gain_row_vs_twin,0.015292274257480868
3924,gain_row_vs_twin,0.015100016328994164
3925,gain_row_vs_twin,0.016119603025603346
3926,gain_row_vs_twin,0.014116623221967174
3927,gain_row_vs_twin,0.014672600993021787
3928,gain_row_vs_twin,0.01820002798764042
3929,gain_row_vs_twin,0.014701764429714265
3930,gain_row_vs_twin,0.017395379211532395
3931,gain_row_vs_twin,0.0160273426667977
3932,gain_row_vs_twin,0.01455527108920163
3933,gain_row_vs_twin,0.012827482573748572
3934,gain_row_vs_twin,0.015592023568589446
3935,gain_row_vs_twin,0.015948595025005213
3936,gain_row_vs_twin,0.013649276629666144
3937,gain_row_vs_twin,0.017161684714377186
3938,gain_row_vs_twin,0.017592776046536075
3939,gain_row_vs_twin,0.016815605043806015
3940,gain_row_vs_twin,0.01188394407897416
3941,gain_row_vs_twin,0.0153681295050658
3942,gain_row_vs_twin,0.012505071743522276
3943,gain_row_vs_twin,0.01348890008529204
3944,gain_row_vs_twin,0.013966528617867987
3945,gain_row_vs_twin,0.013598922519039833
3946,gain_row_vs_twin,0.014555759097998461
3947,gain_row_vs_twin,0.012930572047074885
3948,gain_row_vs_twin,0.013688221429083507
3949,gain_row_vs_twin,0.015242684302185379
3950,gain_row_vs_twin,0.012930852012568963
3951,gain_row_vs_twin,0.013666569382721356
3952,gain_row_vs_twin,0.016035979867525633
3953,gain_row_vs_twin,0.011775619740301987
3954,gain_row_vs_twin,0.013623622706686636
3955,gain_row_vs_twin,0.015519549582623538
3956,gain_row_vs_twin,0.013689288460230846
3957,gain_row_vs_twin,0.01634311520889126
3958,gain_row_vs_twin,0.01748082188408937
3959,gain_row_vs_twin,0.014983152658373
3960,gain_row_vs_twin,0.015215563850573169
3961,gain_row_vs_twin,0.011433043866267296
3962,gain_row_vs_twin,0.013533697635774097
3963,gain_row_vs_twin,0.019448783961414508
3964,gain_row_vs_twin,0.01799073363734308
3965,gain_row_vs_twin,0.015923277508588584
3966,gain_row_vs_twin,0.016722608356808867
3967,gain_row_vs_twin,0.010805444138437403
3968,gain_row_vs_twin,0.015898939516528755
3969,gain_row_vs_twin,0.016069321807966937
3970,gain_row_vs_twin,0.014897132552919712
3971,gain_row_vs_twin,0.016841636079988915
3972,gain_row_vs_twin,0.012559413922942098
3973,gain_row_vs_twin,0.015427522351564037
3974,gain_row_vs_twin,0.01675893797402938
3975,gain_row_vs_twin,0.014965084817933173
3976,gain_row_vs_twin,0.0141973034095894
3977,gain_row_vs_twin,0.01914043419184497
3978,gain_row_vs_twin,0.016389518106854677
3979,gain_row_vs_twin,0.017739385076677865
3980,gain_row_vs_twin,0.014031088334340424
3981,gain_row_vs_twin,0.014103300106654967
3982,gain_row_vs_twin,0.011499766570904771
3983,gain_row_vs_twin,0.013435969178750487
3984,gain_row_vs_twin,0.015210479948525495
3985,gain_row_vs_twin,0.01567050325506325
3986,gain_row_vs_twin,0.014345457940207093
3987,gain_row_vs_twin,0.016641108576702316
3988,gain_row_vs_twin,0.016106871944514333
3989,gain_row_vs_twin,0.010340193983697132
3990,gain_row_vs_twin,0.014076382647202543
3991,gain_row_vs_twin,0.011909855677767379
3992,gain_row_vs_twin,0.013253400438967524
3993,gain_row_vs_twin,0.01576951451764627
3994,gain_row_vs_twin,0.01765207592945754
3995,gain_row_vs_twin,0.016357496822350086
3996,gain_row_vs_twin,0.01691019083393505
3997,gain_row_vs_twin,0.01625711420813932
3998,gain_row_vs_twin,0.018928604814682653
3999,gain_row_vs_twin,0.014330399850738728
4000,gain_row_vs_twin,0.012260595306768816
4001,gain_row_vs_twin,0.015541083374436286
4002,gain_row_vs_twin,0.013304495806890177
4003,gain_row_vs_twin,0.013739630226085842
4004,gain_row_vs_twin,0.011516639731334615
4005,gain_row_vs_twin,0.014595538023017279
4006,gain_row_vs_twin,0.014583652243403475
4007,gain_row_vs_twin,0.016356816472629702
4008,gain_row_vs_twin,0.014884136548835728
4009,gain_row_vs_twin,0.01264485328330125
4010,gain_row_vs_twin,0.01654299121853887
4011,gain_row_vs_twin,0.013148609262252045
4012,gain_row_vs_twin,0.015785977163580402
4013,gain_row_vs_twin,0.01714660138633426
4014,gain_row_vs_twin,0.015009867336413634
4015,gain_row_vs_twin,0.01830420335261912
4016,gain_row_vs_twin,0.015548166190345256
4017,gain_row_vs_twin,0.014880144596305267
4018,gain_row_vs_twin,0.01161972330092727
4019,gain_row_vs_twin,0.011559582256201937
4020,gain_row_vs_twin,0.013770257193812948
4021,gain_row_vs_twin,0.014532804488469228
4022,gain_row_vs_twin,0.01610141443252492
4023,gain_row_vs_twin,0.013157810926977981
4024,gain_row_vs_twin,0.01297769898937832
4025,gain_row_vs_twin,0.014445886052321453
4026,gain_row_vs_twin,0.01640972814209931
4027,gain_row_vs_twin,0.015608688146203495
4028,gain_row_vs_twin,0.013238453988042779
4029,gain_row_vs_twin,0.013938850722277523
4030,gain_row_vs_twin,0.01581245408815712
4031,gain_row_vs_twin,0.015657271379867103
4032,gain_row_vs_twin,0.015366050317043568
4033,gain_row_vs_twin,0.015483691839530888
4034,gain_row_vs_twin,0.018508189987795087
4035,gain_row_vs_twin,0.013369242804848766
4036,gain_row_vs_twin,0.01751890579887785
4037,gain_row_vs_twin,0.014318320413498916
4038,gain_row_vs_twin,0.015385663194121097
4039,gain_row_vs_twin,0.017456181252664245
4040,gain_row_vs_twin,0.014030304779656588
4041,gain_row_vs_twin,0.014566656450398075
4042,gain_row_vs_twin,0.019358467591971493
4043,gain_row_vs_twin,0.015067398569894185
4044,gain_row_vs_twin,0.013957845657487542
4045,gain_row_vs_twin,0.012656669083296799
4046,gain_row_vs_twin,0.012083535566268674
4047,gain_row_vs_twin,0.012201883973420148
4048,gain_row_vs_twin,0.014022433849512623
4049,gain_row_vs_twin,0.014869051137537776
4050,gain_row_vs_twin,0.013949038950541125
4051,gain_row_vs_twin,0.015535650240225973
4052,gain_row_vs_twin,0.015323402534339323
4053,gain_row_vs_twin,0.012617240163470905
4054,gain_row_vs_twin,0.010576325628085321
4055,gain_row_vs_twin,0.011114977466394909
4056,gain_row_vs_twin,0.015060127631537223
4057,gain_row_vs_twin,0.0135594161345358
4058,gain_row_vs_twin,0.013055525791532732
4059,gain_row_vs_twin,0.015544781076079647
4060,gain_row_vs_twin,0.016815370911987388
4061,gain_row_vs_twin,0.012764265421775544
4062,gain_row_vs_twin,0.012157249733975724
4063,gain_row_vs_twin,0.014993321620142464
4064,gain_row_vs_twin,0.016343277384652497
4065,gain_row_vs_twin,0.012541166326276424
4066,gain_row_vs_twin,0.012516598724013756
4067,gain_row_vs_twin,0.013745976193145564
4068,gain_row_vs_twin,0.013372785492127082
4069,gain_row_vs_twin,0.012180599769922567
4070,gain_row_vs_twin,0.014975355713277086
4071,gain_row_vs_twin,0.014407978379057735
4072,gain_row_vs_twin,0.014663956734801102
4073,gain_row_vs_twin,0.011856485157441749
4074,gain_row_vs_twin,0.01448002437388354
4075,gain_row_vs_twin,0.01563483804152725
4076,gain_row_vs_twin,0.012313898074442836
4077,gain_row_vs_twin,0.016166323536204317
4078,gain_row_vs_twin,0.014777804499922668
4079,gain_row_vs_twin,0.01464155692938397
4080,gain_row_vs_twin,0.015993512350748845
4081,gain_row_vs_twin,0.01334436465778077
4082,gain_row_vs_twin,0.01037174333012757
4083,gain_row_vs_twin,0.012449219329888388
4084,gain_row_vs_twin,0.015094458884646472
4085,gain_row_vs_twin,0.013951270774330638
4086,gain_row_vs_twin,0.015447843282090102
4087,gain_row_vs_twin,0.014222178661984398
4088,gain_row_vs_twin,0.01533491537837017
4089,gain_row_vs_twin,0.01455472035883262
4090,gain_row_vs_twin,0.011116013008122991
4091,gain_row_vs_twin,0.012028819685891213
4092,gain_row_vs_twin,0.014682066584436038
4093,gain_row_vs_twin,0.012370521189886572
4094,gain_row_vs_twin,0.013542528563614487
4095,gain_row_vs_twin,0.01759824771648847
4096,gain_row_vs_twin,0.014197877044042346
4097,gain_row_vs_twin,0.01370993516188895
4098,gain_row_vs_twin,0.016936294219817485
4099,gain_row_vs_twin,0.01601500718483736
4100,gain_row_vs_twin,0.018142935222455695
4101,gain_row_vs_twin,0.017347497110259274
4102,gain_row_vs_twin,0.01679130783498373
4103,gain_row_vs_twin,0.01745890706610765
4104,gain_row_vs_twin,0.014802703591276386
4105,gain_row_vs_twin,0.01823246482878742
4106,gain_row_vs_twin,0.014017343408501307
4107,gain_row_vs_twin,0.017467347104579888
4108,gain_row_vs_twin,0.014026870369055295
4109,gain_row_vs_twin,0.0169109630476092
4110,gain_row_vs_twin,0.01803078682237177
4111,gain_row_vs_twin,0.01699797000921844
4112,gain_row_vs_twin,0.014294032702707396
4113,gain_row_vs_twin,0.01728444039918308
4114,gain_row_vs_twin,0.01675623742454095
4115,gain_row_vs_twin,0.01648284052403001
4116,gain_row_vs_twin,0.01698576590526148
4117,gain_row_vs_twin,0.016312059167482292
4118,gain_row_vs_twin,0.01761279794622778
4119,gain_row_vs_twin,0.012362751590692375
4120,gain_row_vs_twin,0.015183023706600062
4121,gain_row_vs_twin,0.014967994088791391
4122,gain_row_vs_twin,0.014502899923656462
4123,gain_row_vs_twin,0.0161953592923597
4124,gain_row_vs_twin,0.015682423884621332
4125,gain_row_vs_twin,0.014986227065983057
4126,gain_row_vs_twin,0.013992233030978797
4127,gain_row_vs_twin,0.01656749288119461
4128,gain_row_vs_twin,0.01472273037762868
4129,gain_row_vs_twin,0.017157190215622425
4130,gain_row_vs_twin,0.010608898040665346
4131,gain_row_vs_twin,0.01430620146337158
4132,gain_row_vs_twin,0.012642494566130697
4133,gain_row_vs_twin,0.018528451689504614
4134,gain_row_vs_twin,0.017465906947987938
4135,gain_row_vs_twin,0.017017303681175964
4136,gain_row_vs_twin,0.014965121504894022
4137,gain_row_vs_twin,0.011931674813882921
4138,gain_row_vs_twin,0.012390833083395541
4139,gain_row_vs_twin,0.018615164007324745
4140,gain_row_vs_twin,0.01626822661355248
4141,gain_row_vs_twin,0.01438396109242091
4142,gain_row_vs_twin,0.013631006025252525
4143,gain_row_vs_twin,0.01367202346121739
4144,gain_row_vs_twin,0.014958273422533216
4145,gain_row_vs_twin,0.015312153101515683
4146,gain_row_vs_twin,0.01775997865710778
4147,gain_row_vs_twin,0.013719746045868151
4148,gain_row_vs_twin,0.015431641812031329
4149,gain_row_vs_twin,0.009309806488182502
4150,gain_row_vs_twin,0.011770714852977851
4151,gain_row_vs_twin,0.01668956369370588
4152,gain_row_vs_twin,0.019312405831196318
4153,gain_row_vs_twin,0.01362674953521707
4154,gain_row_vs_twin,0.013663266288529997
4155,gain_row_vs_twin,0.01634884215704263
4156,gain_row_vs_twin,0.01481483666466562
4157,gain_row_vs_twin,0.011035627193553896
4158,gain_row_vs_twin,0.017636091333157557
4159,gain_row_vs_twin,0.013735256046727165
4160,gain_row_vs_twin,0.012782578512569257
4161,gain_row_vs_twin,0.013514103994855083
4162,gain_row_vs_twin,0.014059225795382007
4163,gain_row_vs_twin,0.015309725745998997
4164,gain_row_vs_twin,0.0163820478141
4165,gain_row_vs_twin,0.013982673171446419
4166,gain_row_vs_twin,0.0122585774290446
4167,gain_row_vs_twin,0.014360091573468655
4168,gain_row_vs_twin,0.012385340901593342
4169,gain_row_vs_twin,0.011559185593755395
4170,gain_row_vs_twin,0.01687539836614836
4171,gain_row_vs_twin,0.012951354334227989
4172,gain_row_vs_twin,0.01656060193788649
4173,gain_row_vs_twin,0.017663606620919335
4174,gain_row_vs_twin,0.014238343148632596
4175,gain_row_vs_twin,0.017150566017760004
4176,gain_row_vs_twin,0.018074185060756805
4177,gain_row_vs_twin,0.014968852239909928
4178,gain_row_vs_twin,0.011615782747085487
4179,gain_row_vs_twin,0.014544845299184168
4180,gain_row_vs_twin,0.01679391244924207
4181,gain_row_vs_twin,0.013404378565395256
4182,gain_row_vs_twin,0.010458844955585965
4183,gain_row_vs_twin,0.01633071719982742
4184,gain_row_vs_twin,0.014378369934182955
4185,gain_row_vs_twin,0.012599587100890737
4186,gain_row_vs_twin,0.01598688971517463
4187,gain_row_vs_twin,0.011674609103070579
4188,gain_row_vs_twin,0.01318599757040682
4189,gain_row_vs_twin,0.01534124847874196
4190,gain_row_vs_twin,0.015910190476062718
4191,gain_row_vs_twin,0.015838513836446938
4192,gain_row_vs_twin,0.016370714515138433
4193,gain_row_vs_twin,0.011603078526989278
4194,gain_row_vs_twin,0.014192963531557539
4195,gain_row_vs_twin,0.014894217173666891
4196,gain_row_vs_twin,0.013552026856930134
4197,gain_row_vs_twin,0.014721929764809018
4198,gain_row_vs_twin,0.013981959088140861
4199,gain_row_vs_twin,0.01206980439773864
4200,gain_row_vs_twin,0.0122345320000692
4201,gain_row_vs_twin,0.016175642009263847
4202,gain_row_vs_twin,0.01894418823950635
4203,gain_row_vs_twin,0.014714377069044913
4204,gain_row_vs_twin,0.013436994949453846
4205,gain_row_vs_twin,0.017320612548094368
4206,gain_row_vs_twin,0.015034146408018522
4207,gain_row_vs_twin,0.012912379521170704
4208,gain_row_vs_twin,0.012531761161143545
4209,gain_row_vs_twin,0.01321252059362096
4210,gain_row_vs_twin,0.012126606446967487
4211,gain_row_vs_twin,0.017693141750797566
4212,gain_row_vs_twin,0.014293607165361719
4213,gain_row_vs_twin,0.014052986182016086
4214,gain_row_vs_twin,0.014289293532154959
4215,gain_row_vs_twin,0.016114666755384036
4216,gain_row_vs_twin,0.01179939097419293
4217,gain_row_vs_twin,0.015505282616536654
4218,gain_row_vs_twin,0.015460553733793457
4219,gain_row_vs_twin,0.015878279567675346
4220,gain_row_vs_twin,0.013423579217536242
4221,gain_row_vs_twin,0.01327942359286508
4222,gain_row_vs_twin,0.011240926036298794
4223,gain_row_vs_twin,0.015532861392255114
4224,gain_row_vs_twin,0.015155116003265662
4225,gain_row_vs_twin,0.01862167946338117
4226,gain_row_vs_twin,0.016861439413370004
4227,gain_row_vs_twin,0.016183130485903544
4228,gain_row_vs_twin,0.011820566495682123
4229,gain_row_vs_twin,0.015267559658800695
4230,gain_row_vs_twin,0.01271526391019064
4231,gain_row_vs_twin,0.014805635724120428
4232,gain_row_vs_twin,0.01636076416921823
4233,gain_row_vs_twin,0.01623277963020668
4234,gain_row_vs_twin,0.010225792902123313
4235,gain_row_vs_twin,0.01457732159010097
4236,gain_row_vs_twin,0.010708913810966569
4237,gain_row_vs_twin,0.01774586316117816
4238,gain_row_vs_twin,0.014053660533421577
4239,gain_row_vs_twin,0.011920253096636907
4240,gain_row_vs_twin,0.01537626746143815
4241,gain_row_vs_twin,0.010424008620665007
4242,gain_row_vs_twin,0.009748404829958977
4243,gain_row_vs_twin,0.017273419560215136
4244,gain_row_vs_twin,0.013369685671272604
4245,gain_row_vs_twin,0.013248391560684187
4246,gain_row_vs_twin,0.015523245978776027
4247,gain_row_vs_twin,0.013959074941576473
4248,gain_row_vs_twin,0.013719363691712347
4249,gain_row_vs_twin,0.01629156997603185
4250,gain_row_vs_twin,0.017405470595849584
4251,gain_row_vs_twin,0.01550147833506015
4252,gain_row_vs_twin,0.01693406984005722
4253,gain_row_vs_twin,0.014041352578681537
4254,gain_row_vs_twin,0.014939348885964012
4255,gain_row_vs_twin,0.016471549450249347
4256,gain_row_vs_twin,0.018533880719681883
4257,gain_row_vs_twin,0.01652441666902737
4258,gain_row_vs_twin,0.016426711418686523
4259,gain_row_vs_twin,0.017307827241583716
4260,gain_row_vs_twin,0.014175844817272822
4261,gain_row_vs_twin,0.018069339094421887
4262,gain_row_vs_twin,0.014091813909046786
4263,gain_row_vs_twin,0.01346273706791833
4264,gain_row_vs_twin,0.012690083630402877
4265,gain_row_vs_twin,0.017047683993783293
4266,gain_row_vs_twin,0.011719711489982515
4267,gain_row_vs_twin,0.009891242819202613
4268,gain_row_vs_twin,0.014840719154731435
4269,gain_row_vs_twin,0.014126088023295074
4270,gain_row_vs_twin,0.012630816731141133
4271,gain_row_vs_twin,0.01823902423673096
4272,gain_row_vs_twin,0.016664855196057135
4273,gain_row_vs_twin,0.013365130045837646
4274,gain_row_vs_twin,0.010761484228493252
4275,gain_row_vs_twin,0.014333549806075421
4276,gain_row_vs_twin,0.011383680646529021
4277,gain_row_vs_twin,0.014009543395320446
4278,gain_row_vs_twin,0.016824843673589645
4279,gain_row_vs_twin,0.017137210371793447
4280,gain_row_vs_twin,0.017561320446529943
4281,gain_row_vs_twin,0.016990943667349042
4282,gain_row_vs_twin,0.014848104265210391
4283,gain_row_vs_twin,0.016907497784748125
4284,gain_row_vs_twin,0.016349455278351806
4285,gain_row_vs_twin,0.014388881559725808
4286,gain_row_vs_twin,0.013828652009000198
4287,gain_row_vs_twin,0.011013896930443079
4288,gain_row_vs_twin,0.014478072829827068
4289,gain_row_vs_twin,0.014893312635312184
4290,gain_row_vs_twin,0.014080300884448902
4291,gain_row_vs_twin,0.013981283283714629
4292,gain_row_vs_twin,0.015169336886436836
4293,gain_row_vs_twin,0.011526309777401562
4294,gain_row_vs_twin,0.017282998297453347
4295,gain_row_vs_twin,0.015416647033118689
4296,gain_row_vs_twin,0.01266129929540888
4297,gain_row_vs_twin,0.011461647785070998
4298,gain_row_vs_twin,0.016137266771742438
4299,gain_row_vs_twin,0.012320093341824165
4300,gain_row_vs_twin,0.017790124967467753
4301,gain_row_vs_twin,0.012784852813992558
4302,gain_row_vs_twin,0.01613188444670952
4303,gain_row_vs_twin,0.014209807653018344
4304,gain_row_vs_twin,0.015676034769830396
4305,gain_row_vs_twin,0.015357838482307484
4306,gain_row_vs_twin,0.016425882052915987
4307,gain_row_vs_twin,0.016331686137787748
4308,gain_row_vs_twin,0.011954649405082634
4309,gain_row_vs_twin,0.015280181537965525
4310,gain_row_vs_twin,0.0095246475283709
4311,gain_row_vs_twin,0.013171798260123635
4312,gain_row_vs_twin,0.011441943765906544
4313,gain_row_vs_twin,0.01797394454884597
4314,gain_row_vs_twin,0.014031683439844832
4315,gain_row_vs_twin,0.010231501405537783
4316,gain_row_vs_twin,0.017469435953547125
4317,gain_row_vs_twin,0.016471341877158412
4318,gain_row_vs_twin,0.016085705587955964
4319,gain_row_vs_twin,0.01742005725590891
4320,gain_row_vs_twin,0.015094553999767673
4321,gain_row_vs_twin,0.015944284322487626
4322,gain_row_vs_twin,0.015649554802069997
4323,gain_row_vs_twin,0.015931892897871593
4324,gain_row_vs_twin,0.014176838575910207
4325,gain_row_vs_twin,0.016260671375166742
4326,gain_row_vs_twin,0.016781166928905994
4327,gain_row_vs_twin,0.013966362514459126
4328,gain_row_vs_twin,0.01597249934406133
4329,gain_row_vs_twin,0.009758108400994678
4330,gain_row_vs_twin,0.01594654293972465
4331,gain_row_vs_twin,0.016944561916552203
4332,gain_row_vs_twin,0.01098410874437277
4333,gain_row_vs_twin,0.0114950256559362
4334,gain_row_vs_twin,0.01789619917163757
4335,gain_row_vs_twin,0.017226534772941483
4336,gain_row_vs_twin,0.014904584287292447
4337,gain_row_vs_twin,0.016626061745974804
4338,gain_row_vs_twin,0.013953559152766335
4339,gain_row_vs_twin,0.015447934408874932
4340,gain_row_vs_twin,0.011109267018646854
4341,gain_row_vs_twin,0.012787140522654863
4342,gain_row_vs_twin,0.01950503643426802
4343,gain_row_vs_twin,0.01714072800170589
4344,gain_row_vs_twin,0.01403214601346143
4345,gain_row_vs_twin,0.010694634051741352
4346,gain_row_vs_twin,0.01863797028366235
4347,gain_row_vs_twin,0.014925991034658668
4348,gain_row_vs_twin,0.01670901377588061
4349,gain_row_vs_twin,0.013348473211813403
4350,gain_row_vs_twin,0.015904283739368637
4351,gain_row_vs_twin,0.01350027186315179
4352,gain_row_vs_twin,0.016060834497482593
4353,gain_row_vs_twin,0.01848503107098053
4354,gain_row_vs_twin,0.01429645856705809
4355,gain_row_vs_twin,0.013535255886569
4356,gain_row_vs_twin,0.013379131914769199
4357,gain_row_vs_twin,0.013189929318865395
4358,gain_row_vs_twin,0.017724153297424678
4359,gain_row_vs_twin,0.011445744114595008
4360,gain_row_vs_twin,0.014834735812698936
4361,gain_row_vs_twin,0.015217397922981815
4362,gain_row_vs_twin,0.012538867802186002
4363,gain_row_vs_twin,0.012139876149369521
4364,gain_row_vs_twin,0.011632544862381173
4365,gain_row_vs_twin,0.011931730952981745
4366,gain_row_vs_twin,0.015198917382392802
4367,gain_row_vs_twin,0.016378701658139868
4368,gain_row_vs_twin,0.012141589518826991
4369,gain_row_vs_twin,0.014203457083036396
4370,gain_row_vs_twin,0.017109540052930534
4371,gain_row_vs_twin,0.015306015416438544
4372,gain_row_vs_twin,0.016410330969783424
4373,gain_row_vs_twin,0.013782084323787358
4374,gain_row_vs_twin,0.016726461112730275
4375,gain_row_vs_twin,0.015659974034111672
4376,gain_row_vs_twin,0.012679202594230398
4377,gain_row_vs_twin,0.01484387878394898
4378,gain_row_vs_twin,0.013143755915686629
4379,gain_row_vs_twin,0.017285888639881734
4380,gain_row_vs_twin,0.014217265306308468
4381,gain_row_vs_twin,0.017441091443360306
4382,gain_row_vs_twin,0.011820146167680885
4383,gain_row_vs_twin,0.0115131061015809
4384,gain_row_vs_twin,0.018467540221090043
4385,gain_row_vs_twin,0.011585742947105898
4386,gain_row_vs_twin,0.014016021441553474
4387,gain_row_vs_twin,0.014202328562828126
4388,gain_row_vs_twin,0.014978327329158542
4389,gain_row_vs_twin,0.013774607858127258
4390,gain_row_vs_twin,0.013119819280305237
4391,gain_row_vs_twin,0.01541225783053696
4392,gain_row_vs_twin,0.013157827843437534
4393,gain_row_vs_twin,0.014544156583241643
4394,gain_row_vs_twin,0.01661264571370724
4395,gain_row_vs_twin,0.016753159671824197
4396,gain_row_vs_twin,0.01648695711585153
4397,gain_row_vs_twin,0.01507327720454368
4398,gain_row_vs_twin,0.019065425154334903
4399,gain_row_vs_twin,0.012206159136106714
4400,gain_row_vs_twin,0.016181735262298092
4401,gain_row_vs_twin,0.011440832118711261
4402,gain_row_vs_twin,0.014617957808209348
4403,gain_row_vs_twin,0.012365771176875389
4404,gain_row_vs_twin,0.015185939485019149
4405,gain_row_vs_twin,0.016854168834771303
4406,gain_row_vs_twin,0.014190948758244065
4407,gain_row_vs_twin,0.010486318166076734
4408,gain_row_vs_twin,0.015034291697222263
4409,gain_row_vs_twin,0.013768136077826667
4410,gain_row_vs_twin,0.014821487720134684
4411,gain_row_vs_twin,0.01606645516235466
4412,gain_row_vs_twin,0.01392404730209877
4413,gain_row_vs_twin,0.01395162554276467
4414,gain_row_vs_twin,0.012958536114083843
4415,gain_row_vs_twin,0.015537576052737815
4416,gain_row_vs_twin,0.014639296830719174
4417,gain_row_vs_twin,0.016511949480555146
4418,gain_row_vs_twin,0.013029639550768015
4419,gain_row_vs_twin,0.01481772164711721
4420,gain_row_vs_twin,0.015120468354633433
4421,gain_row_vs_twin,0.014669133785827135
4422,gain_row_vs_twin,0.014722140338894579
4423,gain_row_vs_twin,0.014587271781045854
4424,gain_row_vs_twin,0.015298449335982706
4425,gain_row_vs_twin,0.009249573778156838
4426,gain_row_vs_twin,0.014279679256870726
4427,gain_row_vs_twin,0.013893984241557964
4428,gain_row_vs_twin,0.013603011442506951
4429,gain_row_vs_twin,0.01252790166136988
4430,gain_row_vs_twin,0.012949219115146075
4431,gain_row_vs_twin,0.01351452744061003
4432,gain_row_vs_twin,0.016792599322699244
4433,gain_row_vs_twin,0.017948792305747828
4434,gain_row_vs_twin,0.013876343767886582
4435,gain_row_vs_twin,0.013372638373772361
4436,gain_row_vs_twin,0.014205313154263587
4437,gain_row_vs_twin,0.014970901471136135
4438,gain_row_vs_twin,0.01195867127442
4439,gain_row_vs_twin,0.010167046590513363
4440,gain_row_vs_twin,0.015524078903818479
4441,gain_row_vs_twin,0.009486027699476322
4442,gain_row_vs_twin,0.015281949738202539
4443,gain_row_vs_twin,0.01709088723828967
4444,gain_row_vs_twin,0.01585041783117975
4445,gain_row_vs_twin,0.01710044725198511
4446,gain_row_vs_twin,0.014274259424768067
4447,gain_row_vs_twin,0.012730835498762623
4448,gain_row_vs_twin,0.014797585329190292
4449,gain_row_vs_twin,0.011958609891189983
4450,gain_row_vs_twin,0.016347832036498273
4451,gain_row_vs_twin,0.01074115914821255
4452,gain_row_vs_twin,0.014454777154525157
4453,gain_row_vs_twin,0.015252852893906961
4454,gain_row_vs_twin,0.015220271285352364
4455,gain_row_vs_twin,0.014872726062238299
4456,gain_row_vs_twin,0.0168828360082066
4457,gain_row_vs_twin,0.01279306960924143
4458,gain_row_vs_twin,0.016423333816249393
4459,gain_row_vs_twin,0.014765222726165293
4460,gain_row_vs_twin,0.015765293615721567
4461,gain_row_vs_twin,0.014045553765658955
4462,gain_row_vs_twin,0.012626717294672126
4463,gain_row_vs_twin,0.01902561758529623
4464,gain_row_vs_twin,0.009980200914205305
4465,gain_row_vs_twin,0.014987440048853386
4466,gain_row_vs_twin,0.013314873928251283
4467,gain_row_vs_twin,0.015215549874227515
4468,gain_row_vs_twin,0.015338367843611431
4469,gain_row_vs_twin,0.015266731022435828
4470,gain_row_vs_twin,0.010997761666957576
4471,gain_row_vs_twin,0.01648941310982021
4472,gain_row_vs_twin,0.013151284985931062
4473,gain_row_vs_twin,0.0157829257918778
4474,gain_row_vs_twin,0.017812653529566996
4475,gain_row_vs_twin,0.015293994518876185
4476,gain_row_vs_twin,0.014152340543538255
4477,gain_row_vs_twin,0.01829016960035439
4478,gain_row_vs_twin,0.016316189745624845
4479,gain_row_vs_twin,0.016251442285141592
4480,gain_row_vs_twin,0.012806443841003027
4481,gain_row_vs_twin,0.015018767610712353
4482,gain_row_vs_twin,0.012814675113556741
4483,gain_row_vs_twin,0.01332955045548098
4484,gain_row_vs_twin,0.014042457122110535
4485,gain_row_vs_twin,0.009069530775240142
4486,gain_row_vs_twin,0.013567715607696795
4487,gain_row_vs_twin,0.017279296949514984
4488,gain_row_vs_twin,0.01504729095562814
4489,gain_row_vs_twin,0.016670384415453397
4490,gain_row_vs_twin,0.01390798262383443
4491,gain_row_vs_twin,0.017671360545641737
4492,gain_row_vs_twin,0.015564648094614896
4493,gain_row_vs_twin,0.014985049737564224
4494,gain_row_vs_twin,0.014871536191345456
4495,gain_row_vs_twin,0.01705145275980927
4496,gain_row_vs_twin,0.0179228086434042
4497,gain_row_vs_twin,0.015552391839314237
4498,gain_row_vs_twin,0.013178827351479185
4499,gain_row_vs_twin,0.01396473660996057
4500,gain_row_vs_twin,0.014489842520102427
4501,gain_row_vs_twin,0.01567307480940129
4502,gain_row_vs_twin,0.01776670383550679
4503,gain_row_vs_twin,0.014641377144169855
4504,gain_row_vs_twin,0.014595177226336829
4505,gain_row_vs_twin,0.01024874671809836
4506,gain_row_vs_twin,0.010391939839443745
4507,gain_row_vs_twin,0.010433786430094485
4508,gain_row_vs_twin,0.013130101929201679
4509,gain_row_vs_twin,0.015033460387118145
4510,gain_row_vs_twin,0.010480170010042303
4511,gain_row_vs_twin,0.015382435592417911
4512,gain_row_vs_twin,0.018177696492262807
4513,gain_row_vs_twin,0.01768015715455238
4514,gain_row_vs_twin,0.014466154065786314
4515,gain_row_vs_twin,0.016100607323243123
4516,gain_row_vs_twin,0.01280682117040365
4517,gain_row_vs_twin,0.011584346966281597
4518,gain_row_vs_twin,0.0156826146625318
4519,gain_row_vs_twin,0.014628323220145258
4520,gain_row_vs_twin,0.013760208240630152
4521,gain_row_vs_twin,0.012739601910369616
4522,gain_row_vs_twin,0.015696266773395844
4523,gain_row_vs_twin,0.015824415619122133
4524,gain_row_vs_twin,0.016992930172512376
4525,gain_row_vs_twin,0.0125565856030166
4526,gain_row_vs_twin,0.013887824927504159
4527,gain_row_vs_twin,0.016183704802234213
4528,gain_row_vs_twin,0.015520423319038773
4529,gain_row_vs_twin,0.013238663118356805
4530,gain_row_vs_twin,0.015609055715152835
4531,gain_row_vs_twin,0.011850044125180618
4532,gain_row_vs_twin,0.01664805209683085
4533,gain_row_vs_twin,0.011553979289972751
4534,gain_row_vs_twin,0.014641615012816378
4535,gain_row_vs_twin,0.015350810577425008
4536,gain_row_vs_twin,0.010453231144862369
4537,gain_row_vs_twin,0.011698771619034655
4538,gain_row_vs_twin,0.01561223736191448
4539,gain_row_vs_twin,0.012797889099195646
4540,gain_row_vs_twin,0.013166013700665032
4541,gain_row_vs_twin,0.012020811064175943
4542,gain_row_vs_twin,0.01734359459159753
4543,gain_row_vs_twin,0.014549492133356257
4544,gain_row_vs_twin,0.016638639381051572
4545,gain_row_vs_twin,0.015937892778344308
4546,gain_row_vs_twin,0.014996861146156908
4547,gain_row_vs_twin,0.011599280219167554
4548,gain_row_vs_twin,0.015329202017009694
4549,gain_row_vs_twin,0.016996508825893358
4550,gain_row_vs_twin,0.008676064509428505
4551,gain_row_vs_twin,0.015210837700871732
4552,gain_row_vs_twin,0.014524959446251698
4553,gain_row_vs_twin,0.01341337509814913
4554,gain_row_vs_twin,0.015055568558091193
4555,gain_row_vs_twin,0.013743033832435525
4556,gain_row_vs_twin,0.014559789298179054
4557,gain_row_vs_twin,0.014614881306181974
4558,gain_row_vs_twin,0.01583404436379664
4559,gain_row_vs_twin,0.01256930961579711
4560,gain_row_vs_twin,0.012714443885237027
4561,gain_row_vs_twin,0.012606714650901126
4562,gain_row_vs_twin,0.01552599506051767
4563,gain_row_vs_twin,0.01645574232380027
4564,gain_row_vs_twin,0.014729814837869167
4565,gain_row_vs_twin,0.015848721915024747
4566,gain_row_vs_twin,0.016353301657914737
4567,gain_row_vs_twin,0.009390440453619489
4568,gain_row_vs_twin,0.018267782508944567
4569,gain_row_vs_twin,0.01849610806676419
4570,gain_row_vs_twin,0.014634535133546983
4571,gain_row_vs_twin,0.015175263126191841
4572,gain_row_vs_twin,0.015951783360329413
4573,gain_row_vs_twin,0.014423530607815207
4574,gain_row_vs_twin,0.014907761434585836
4575,gain_row_vs_twin,0.016184115387005947
4576,gain_row_vs_twin,0.011687970472805695
4577,gain_row_vs_twin,0.012505377649726602
4578,gain_row_vs_twin,0.018722372278961896
4579,gain_row_vs_twin,0.01573554342139395
4580,gain_row_vs_twin,0.015143747413477857
4581,gain_row_vs_twin,0.0148038538385688
4582,gain_row_vs_twin,0.014083641380599895
4583,gain_row_vs_twin,0.012868092256942637
4584,gain_row_vs_twin,0.012483893271986946
4585,gain_row_vs_twin,0.012046007989984104
4586,gain_row_vs_twin,0.015361429762519694
4587,gain_row_vs_twin,0.014341155685208861
4588,gain_row_vs_twin,0.012008505221477056
4589,gain_row_vs_twin,0.01730131520823102
4590,gain_row_vs_twin,0.014375476822565443
4591,gain_row_vs_twin,0.013457448243499388
4592,gain_row_vs_twin,0.012713715398165145
4593,gain_row_vs_twin,0.013042240665446125
4594,gain_row_vs_twin,0.015366574736391891
4595,gain_row_vs_twin,0.014124950339168236
4596,gain_row_vs_twin,0.012763860594441576
4597,gain_row_vs_twin,0.01747262555727759
4598,gain_row_vs_twin,0.018039080322592462
4599,gain_row_vs_twin,0.013405052602556101
4600,gain_row_vs_twin,0.011802410849046223
4601,gain_row_vs_twin,0.015353182572966943
4602,gain_row_vs_twin,0.018048140945335
4603,gain_row_vs_twin,0.015394704240868756
4604,gain_row_vs_twin,0.011617224018695377
4605,gain_row_vs_twin,0.011968290472103623
4606,gain_row_vs_twin,0.013972702950552838
4607,gain_row_vs_twin,0.01369279752144889
4608,gain_row_vs_twin,0.014311924229898349
4609,gain_row_vs_twin,0.014216205424590792
4610,gain_row_vs_twin,0.013004752598316807
4611,gain_row_vs_twin,0.014755649975747262
4612,gain_row_vs_twin,0.016358695690618798
4613,gain_row_vs_twin,0.014139081940181144
4614,gain_row_vs_twin,0.014093933736977432
4615,gain_row_vs_twin,0.015405571372381617
4616,gain_row_vs_twin,0.013660162252929856
4617,gain_row_vs_twin,0.014345897325790372
4618,gain_row_vs_twin,0.015753257307814173
4619,gain_row_vs_twin,0.01372862774657425
4620,gain_row_vs_twin,0.013968676007890599
4621,gain_row_vs_twin,0.015631461339347202
4622,gain_row_vs_twin,0.019567413527444306
4623,gain_row_vs_twin,0.01786898169530579
4624,gain_row_vs_twin,0.015086783476299001
4625,gain_row_vs_twin,0.019781696992435937
4626,gain_row_vs_twin,0.0180858496596767
4627,gain_row_vs_twin,0.017196925504821766
4628,gain_row_vs_twin,0.01580093863839797
4629,gain_row_vs_twin,0.014553219689637463
4630,gain_row_vs_twin,0.01482569707450322
4631,gain_row_vs_twin,0.01582556177664814
4632,gain_row_vs_twin,0.016079644829173362
4633,gain_row_vs_twin,0.01491784039218361
4634,gain_row_vs_twin,0.01281748811307292
4635,gain_row_vs_twin,0.012801440259240212
4636,gain_row_vs_twin,0.013079275930720998
4637,gain_row_vs_twin,0.014869313302510411
4638,gain_row_vs_twin,0.009267140733786303
4639,gain_row_vs_twin,0.014117308878649192
4640,gain_row_vs_twin,0.015678292611318537
4641,gain_row_vs_twin,0.014958532833473887
4642,gain_row_vs_twin,0.011777822695795479
4643,gain_row_vs_twin,0.013772298448085186
4644,gain_row_vs_twin,0.013137457709973837
4645,gain_row_vs_twin,0.015141987098288878
4646,gain_row_vs_twin,0.015092174461509041
4647,gain_row_vs_twin,0.01568771531000084
4648,gain_row_vs_twin,0.014220696766516825
4649,gain_row_vs_twin,0.0173098304762871
4650,gain_row_vs_twin,0.01537309326429337
4651,gain_row_vs_twin,0.015496397360227326
4652,gain_row_vs_twin,0.014585020575658924
4653,gain_row_vs_twin,0.014144403719718828
4654,gain_row_vs_twin,0.015955003922482607
4655,gain_row_vs_twin,0.013618140225509482
4656,gain_row_vs_twin,0.010348127119526757
4657,gain_row_vs_twin,0.017186142832813094
4658,gain_row_vs_twin,0.01232944922783508
4659,gain_row_vs_twin,0.016955633530608673
4660,gain_row_vs_twin,0.013306240915627031
4661,gain_row_vs_twin,0.014331901125321261
4662,gain_row_vs_twin,0.013272846238318878
4663,gain_row_vs_twin,0.012908278476022859
4664,gain_row_vs_twin,0.015265539153713084
4665,gain_row_vs_twin,0.017195852151375507
4666,gain_row_vs_twin,0.01636036283746443
4667,gain_row_vs_twin,0.011857471245658887
4668,gain_row_vs_twin,0.012434317638824575
4669,gain_row_vs_twin,0.010830600329625687
4670,gain_row_vs_twin,0.012802951618457634
4671,gain_row_vs_twin,0.01641037974673258
4672,gain_row_vs_twin,0.011276801293976502
4673,gain_row_vs_twin,0.016609422340938693
4674,gain_row_vs_twin,0.014474703655676376
4675,gain_row_vs_twin,0.017144982270365487
4676,gain_row_vs_twin,0.016425793780818432
4677,gain_row_vs_twin,0.014609316473111146
4678,gain_row_vs_twin,0.012694455501155244
4679,gain_row_vs_twin,0.018482716230350294
4680,gain_row_vs_twin,0.017046202250765703
4681,gain_row_vs_twin,0.014134003796767667
4682,gain_row_vs_twin,0.013738091226751547
4683,gain_row_vs_twin,0.015217415243012867
4684,gain_row_vs_twin,0.013347762585943652
4685,gain_row_vs_twin,0.014955850094842694
4686,gain_row_vs_twin,0.014296884934645633
4687,gain_row_vs_twin,0.013099588402749484
4688,gain_row_vs_twin,0.01151349548673962
4689,gain_row_vs_twin,0.015283544684673998
4690,gain_row_vs_twin,0.014446593375560124
4691,gain_row_vs_twin,0.013210650398364363
4692,gain_row_vs_twin,0.0176339306451927
4693,gain_row_vs_twin,0.009589237333839287
4694,gain_row_vs_twin,0.01616940438377114
4695,gain_row_vs_twin,0.013101477325706202
4696,gain_row_vs_twin,0.013982562232856367
4697,gain_row_vs_twin,0.014201243963431184
4698,gain_row_vs_twin,0.01281147673743105
4699,gain_row_vs_twin,0.014747202735256804
4700,gain_row_vs_twin,0.013544322939644023
4701,gain_row_vs_twin,0.014723201870618033
4702,gain_row_vs_twin,0.015912769286835077
4703,gain_row_vs_twin,0.011718886075682682
4704,gain_row_vs_twin,0.01670826379086132
4705,gain_row_vs_twin,0.013552617200983797
4706,gain_row_vs_twin,0.01659107882813284
4707,gain_row_vs_twin,0.013430908603822083
4708,gain_row_vs_twin,0.015354491241475797
4709,gain_row_vs_twin,0.01427882645960885
4710,gain_row_vs_twin,0.01198646759681738
4711,gain_row_vs_twin,0.019451014858119918
4712,gain_row_vs_twin,0.016476444500280355
4713,gain_row_vs_twin,0.01496217979689439
4714,gain_row_vs_twin,0.012928645010801055
4715,gain_row_vs_twin,0.013255650812471018
4716,gain_row_vs_twin,0.016150822281717696
4717,gain_row_vs_twin,0.014147729285068768
4718,gain_row_vs_twin,0.014932114980790877
4719,gain_row_vs_twin,0.013493108273815082
4720,gain_row_vs_twin,0.014044908220352773
4721,gain_row_vs_twin,0.014935536819502439
4722,gain_row_vs_twin,0.017897870625886346
4723,gain_row_vs_twin,0.012640113668932907
4724,gain_row_vs_twin,0.01660984139529077
4725,gain_row_vs_twin,0.015282014014323938
4726,gain_row_vs_twin,0.013795456844600467
4727,gain_row_vs_twin,0.015276485924125087
4728,gain_row_vs_twin,0.012830551087264054
4729,gain_row_vs_twin,0.013940020732136182
4730,gain_row_vs_twin,0.013316646024443502
4731,gain_row_vs_twin,0.015064821823255936
4732,gain_row_vs_twin,0.014697946652037669
4733,gain_row_vs_twin,0.012514277587560074
4734,gain_row_vs_twin,0.014723677941095489
4735,gain_row_vs_twin,0.015180570297852513
4736,gain_row_vs_twin,0.009948248763965977
4737,gain_row_vs_twin,0.014586697835812953
4738,gain_row_vs_twin,0.016521358921908286
4739,gain_row_vs_twin,0.011414977514578662
4740,gain_row_vs_twin,0.01490950508550862
4741,gain_row_vs_twin,0.015561317574785792
4742,gain_row_vs_twin,0.012554081007188942
4743,gain_row_vs_twin,0.014813515964516608
4744,gain_row_vs_twin,0.015106293975706555
4745,gain_row_vs_twin,0.012097144699149806
4746,gain_row_vs_twin,0.012586234835347836
4747,gain_row_vs_twin,0.015959847075115077
4748,gain_row_vs_twin,0.012516360292441077
4749,gain_row_vs_twin,0.014575246594797166
4750,gain_row_vs_twin,0.01367885039729809
4751,gain_row_vs_twin,0.015278952237574578
4752,gain_row_vs_twin,0.012389846959872306
4753,gain_row_vs_twin,0.014292447700195192
4754,gain_row_vs_twin,0.013341095339137774
4755,gain_row_vs_twin,0.016608991188306135
4756,gain_row_vs_twin,0.013435609278534391
4757,gain_row_vs_twin,0.014538145401402237
4758,gain_row_vs_twin,0.009072168836076634
4759,gain_row_vs_twin,0.01675161222710573
4760,gain_row_vs_twin,0.016789151509294407
4761,gain_row_vs_twin,0.011463334876930437
4762,gain_row_vs_twin,0.016492748843716255
4763,gain_row_vs_twin,0.016321218151702042
4764,gain_row_vs_twin,0.01626929739447505
4765,gain_row_vs_twin,0.013773581056137444
4766,gain_row_vs_twin,0.013312265547542607
4767,gain_row_vs_twin,0.013783523159319725
4768,gain_row_vs_twin,0.010310493542322652
4769,gain_row_vs_twin,0.015238032526359442
4770,gain_row_vs_twin,0.01959703221002002
4771,gain_row_vs_twin,0.013524105671056165
4772,gain_row_vs_twin,0.013365498292754874
4773,gain_row_vs_twin,0.014277611843532644
4774,gain_row_vs_twin,0.015771929047901256
4775,gain_row_vs_twin,0.015265333081975847
4776,gain_row_vs_twin,0.011867640688631925
4777,gain_row_vs_twin,0.010441131362775889
4778,gain_row_vs_twin,0.01418398776265747
4779,gain_row_vs_twin,0.01575579622064342
4780,gain_row_vs_twin,0.01244089413930401
4781,gain_row_vs_twin,0.010885036386642741
4782,gain_row_vs_twin,0.01391071699375723
4783,gain_row_vs_twin,0.013882495505925076
4784,gain_row_vs_twin,0.01630118928889808
4785,gain_row_vs_twin,0.015345942879658065
4786,gain_row_vs_twin,0.017935681767102685
4787,gain_row_vs_twin,0.01786806869397203
4788,gain_row_vs_twin,0.017575918800817086
4789,gain_row_vs_twin,0.014549570194148796
4790,gain_row_vs_twin,0.012803473558038658
4791,gain_row_vs_twin,0.01704793692319439
4792,gain_row_vs_twin,0.012778394240247277
4793,gain_row_vs_twin,0.011785387147526919
4794,gain_row_vs_twin,0.0147369323641533
4795,gain_row_vs_twin,0.017479566876721832
4796,gain_row_vs_twin,0.016908877160192026
4797,gain_row_vs_twin,0.013684042181516707
4798,gain_row_vs_twin,0.012224579182759692
4799,gain_row_vs_twin,0.014654767137112432
4800,gain_row_vs_twin,0.01308578271891314
4801,gain_row_vs_twin,0.014323179386490541
4802,gain_row_vs_twin,0.01764483176967077
4803,gain_row_vs_twin,0.016138563393571604
4804,gain_row_vs_twin,0.017306479310626694
4805,gain_row_vs_twin,0.013406186494481562
4806,gain_row_vs_twin,0.012605222609094293
4807,gain_row_vs_twin,0.014375020602402198
4808,gain_row_vs_twin,0.017379306056191462
4809,gain_row_vs_twin,0.014837640202583992
4810,gain_row_vs_twin,0.016227149051138586
4811,gain_row_vs_twin,0.01194855676942452
4812,gain_row_vs_twin,0.012377212242039063
4813,gain_row_vs_twin,0.012427043863873038
4814,gain_row_vs_twin,0.014716131338799692
4815,gain_row_vs_twin,0.013424279213496915
4816,gain_row_vs_twin,0.012925379812437241
4817,gain_row_vs_twin,0.012017751271749281
4818,gain_row_vs_twin,0.013448767870495046
4819,gain_row_vs_twin,0.01017376899037156
4820,gain_row_vs_twin,0.014922658361663206
4821,gain_row_vs_twin,0.014123041113387342
4822,gain_row_vs_twin,0.014382735551102222
4823,gain_row_vs_twin,0.016866329794093755
4824,gain_row_vs_twin,0.015173788232832023
4825,gain_row_vs_twin,0.014301147760417538
4826,gain_row_vs_twin,0.016831454174788818
4827,gain_row_vs_twin,0.016286754276401853
4828,gain_row_vs_twin,0.01598505464791324
4829,gain_row_vs_twin,0.014075933687414416
4830,gain_row_vs_twin,0.014892531371214377
4831,gain_row_vs_twin,0.018397739639205084
4832,gain_row_vs_twin,0.012994393907496793
4833,gain_row_vs_twin,0.015489789236360133
4834,gain_row_vs_twin,0.013457022957631177
4835,gain_row_vs_twin,0.018313319684725087
4836,gain_row_vs_twin,0.01461840609749061
4837,gain_row_vs_twin,0.015360499455853797
4838,gain_row_vs_twin,0.014817781729342892
4839,gain_row_vs_twin,0.015065756491228623
4840,gain_row_vs_twin,0.01369011133160591
4841,gain_row_vs_twin,0.01923573976092071
4842,gain_row_vs_twin,0.017540212846329707
4843,gain_row_vs_twin,0.015631506202248784
4844,gain_row_vs_twin,0.014931057420609784
4845,gain_row_vs_twin,0.015877437497776124
4846,gain_row_vs_twin,0.016297413371486862
4847,gain_row_vs_twin,0.01656928244840976
4848,gain_row_vs_twin,0.013799643922180969
4849,gain_row_vs_twin,0.013999393420524812
4850,gain_row_vs_twin,0.017551514615712947
4851,gain_row_vs_twin,0.016677172752474257
4852,gain_row_vs_twin,0.018211496961046215
4853,gain_row_vs_twin,0.0161366710342801
4854,gain_row_vs_twin,0.014575445609358527
4855,gain_row_vs_twin,0.015254940421142352
4856,gain_row_vs_twin,0.01641604824950182
4857,gain_row_vs_twin,0.017366819870582414
4858,gain_row_vs_twin,0.01679432228330523
4859,gain_row_vs_twin,0.016791779418505966
4860,gain_row_vs_twin,0.015095579149487044
4861,gain_row_vs_twin,0.01163703762087627
4862,gain_row_vs_twin,0.013339664518502171
4863,gain_row_vs_twin,0.01159906310737791
4864,gain_row_vs_twin,0.015268881377908735
4865,gain_row_vs_twin,0.012622501207723957
4866,gain_row_vs_twin,0.013595318866191452
4867,gain_row_vs_twin,0.013874598331080665
4868,gain_row_vs_twin,0.017933086125993036
4869,gain_row_vs_twin,0.014116346343056413
4870,gain_row_vs_twin,0.01820572489090866
4871,gain_row_vs_twin,0.0139488074182123
4872,gain_row_vs_twin,0.013250358555208074
4873,gain_row_vs_twin,0.012293916776122349
4874,gain_row_vs_twin,0.015265982379412022
4875,gain_row_vs_twin,0.013756484008400644
4876,gain_row_vs_twin,0.01517524356373741
4877,gain_row_vs_twin,0.01610613143339777
4878,gain_row_vs_twin,0.012481121303630372
4879,gain_row_vs_twin,0.014737869006283868
4880,gain_row_vs_twin,0.014641925557621704
4881,gain_row_vs_twin,0.012089415006446209
4882,gain_row_vs_twin,0.015041628325878234
4883,gain_row_vs_twin,0.01765294738512768
4884,gain_row_vs_twin,0.011885849294645787
4885,gain_row_vs_twin,0.012680315707180725
4886,gain_row_vs_twin,0.01615404550490531
4887,gain_row_vs_twin,0.013169632089120798
4888,gain_row_vs_twin,0.015086147996114333
4889,gain_row_vs_twin,0.01661001709102503
4890,gain_row_vs_twin,0.018508335277803028
4891,gain_row_vs_twin,0.01594828446248299
4892,gain_row_vs_twin,0.010260756978693159
4893,gain_row_vs_twin,0.014832848366006622
4894,gain_row_vs_twin,0.012263857163665662
4895,gain_row_vs_twin,0.012215377668378002
4896,gain_row_vs_twin,0.013525425079839117
4897,gain_row_vs_twin,0.01634905425495961
4898,gain_row_vs_twin,0.012151254175798376
4899,gain_row_vs_twin,0.017418306800905187
4900,gain_row_vs_twin,0.009760428411438659
4901,gain_row_vs_twin,0.01163780119082189
4902,gain_row_vs_twin,0.0150781042586888
4903,gain_row_vs_twin,0.015086635249651485
4904,gain_row_vs_twin,0.015177800688735227
4905,gain_row_vs_twin,0.015528772609442024
4906,gain_row_vs_twin,0.01316602377471163
4907,gain_row_vs_twin,0.016392708209785233
4908,gain_row_vs_twin,0.01362835320277735
4909,gain_row_vs_twin,0.01866806170210673
4910,gain_row_vs_twin,0.014893907864248837
4911,gain_row_vs_twin,0.014365393106931636
4912,gain_row_vs_twin,0.014704024519587246
4913,gain_row_vs_twin,0.0169350227171198
4914,gain_row_vs_twin,0.015570976314013524
4915,gain_row_vs_twin,0.01417688747479658
4916,gain_row_vs_twin,0.01633486068469294
4917,gain_row_vs_twin,0.014911953542237453
4918,gain_row_vs_twin,0.012748663332802576
4919,gain_row_vs_twin,0.014675590331501525
4920,gain_row_vs_twin,0.014049667380231874
4921,gain_row_vs_twin,0.011593747508329578
4922,gain_row_vs_twin,0.014777812816426416
4923,gain_row_vs_twin,0.012501219308789282
4924,gain_row_vs_twin,0.014427031120599959
4925,gain_row_vs_twin,0.013189122556666304
4926,gain_row_vs_twin,0.011369492614513378
4927,gain_row_vs_twin,0.01437163078773046
4928,gain_row_vs_twin,0.017254162612447322
4929,gain_row_vs_twin,0.013953748134868812
4930,gain_row_vs_twin,0.017414090081409286
4931,gain_row_vs_twin,0.01729590459583603
4932,gain_row_vs_twin,0.015417973466901528
4933,gain_row_vs_twin,0.013444018100200522
4934,gain_row_vs_twin,0.015606609374582006
4935,gain_row_vs_twin,0.016545690862637862
4936,gain_row_vs_twin,0.015754253737469345
4937,gain_row_vs_twin,0.013508854158673145
4938,gain_row_vs_twin,0.015413372337011526
4939,gain_row_vs_twin,0.017759710541675626
4940,gain_row_vs_twin,0.013980803080719221
4941,gain_row_vs_twin,0.012971453487838768
4942,gain_row_vs_twin,0.018701603857799648
4943,gain_row_vs_twin,0.011408064429387672
4944,gain_row_vs_twin,0.017777084012709835
4945,gain_row_vs_twin,0.012723286302140391
4946,gain_row_vs_twin,0.015221698308993266
4947,gain_row_vs_twin,0.013677492951840073
4948,gain_row_vs_twin,0.013894888105465004
4949,gain_row_vs_twin,0.014958753140286487
4950,gain_row_vs_twin,0.013711476904060358
4951,gain_row_vs_twin,0.013345074175357725
4952,gain_row_vs_twin,0.018308504402791394
4953,gain_row_vs_twin,0.016007100735473904
4954,gain_row_vs_twin,0.013386910802045212
4955,gain_row_vs_twin,0.015012098541480643
4956,gain_row_vs_twin,0.01479132389754677
4957,gain_row_vs_twin,0.013620394325859387
4958,gain_row_vs_twin,0.015365941476585541
4959,gain_row_vs_twin,0.014856481534721095
4960,gain_row_vs_twin,0.015141487991874493
4961,gain_row_vs_twin,0.01030466031596514
4962,gain_row_vs_twin,0.016411263131697017
4963,gain_row_vs_twin,0.016543110911620466
4964,gain_row_vs_twin,0.012662767087052594
4965,gain_row_vs_twin,0.015735807598095713
4966,gain_row_vs_twin,0.014264839600731395
4967,gain_row_vs_twin,0.012790327129646308
4968,gain_row_vs_twin,0.01855621793222676
4969,gain_row_vs_twin,0.014641099495123914
4970,gain_row_vs_twin,0.013766257819797238
4971,gain_row_vs_twin,0.01667416943956402
4972,gain_row_vs_twin,0.014259646263678318
4973,gain_row_vs_twin,0.013926791715246339
4974,gain_row_vs_twin,0.014517765308708203
4975,gain_row_vs_twin,0.015502523325263142
4976,gain_row_vs_twin,0.01569546687548395
4977,gain_row_vs_twin,0.01557289501222472
4978,gain_row_vs_twin,0.014775344429360173
4979,gain_row_vs_twin,0.015147683745691016
4980,gain_row_vs_twin,0.014363717236959981
4981,gain_row_vs_twin,0.018088289662096278
4982,gain_row_vs_twin,0.015282152113024887
4983,gain_row_vs_twin,0.01506053537887023
4984,gain_row_vs_twin,0.015706600973545114
4985,gain_row_vs_twin,0.016840566912200563
4986,gain_row_vs_twin,0.015735155993462435
4987,gain_row_vs_twin,0.015212732689936243
4988,gain_row_vs_twin,0.014008641624544262
4989,gain_row_vs_twin,0.015928048807370195
4990,gain_row_vs_twin,0.013623811545395883
4991,gain_row_vs_twin,0.01657078364600959
4992,gain_row_vs_twin,0.017359622358533843
4993,gain_row_vs_twin,0.013476226408172512
4994,gain_row_vs_twin,0.01608706588531065
4995,gain_row_vs_twin,0.01441362987901977
4996,gain_row_vs_twin,0.020363254899184946
4997,gain_row_vs_twin,0.016626145714499486
4998,gain_row_vs_twin,0.015496874409184602
4999,gain_row_vs_twin,0.014439488533737123
0,gain_bal_vs_twin,0.012474498739425873
1,gain_bal_vs_twin,0.015292710490587868
2,gain_bal_vs_twin,0.013829574010570818
3,gain_bal_vs_twin,0.012636444952428185
4,gain_bal_vs_twin,0.011967952003491088
5,gain_bal_vs_twin,0.014699129098488075
6,gain_bal_vs_twin,0.012583781296937182
7,gain_bal_vs_twin,0.010148246976694938
8,gain_bal_vs_twin,0.013100825246162422
9,gain_bal_vs_twin,0.012724243032150648
10,gain_bal_vs_twin,0.012021360741340152
11,gain_bal_vs_twin,0.011788647708519808
12,gain_bal_vs_twin,0.011293539363468167
13,gain_bal_vs_twin,0.014254258377999469
14,gain_bal_vs_twin,0.011209498298622505
15,gain_bal_vs_twin,0.013247470632678563
16,gain_bal_vs_twin,0.011266555192725878
17,gain_bal_vs_twin,0.013163555613991415
18,gain_bal_vs_twin,0.011293527727196233
19,gain_bal_vs_twin,0.014541126635273923
20,gain_bal_vs_twin,0.00998013096346816
21,gain_bal_vs_twin,0.012134888515077843
22,gain_bal_vs_twin,0.012682035119993685
23,gain_bal_vs_twin,0.012602736032021417
24,gain_bal_vs_twin,0.011771736824334526
25,gain_bal_vs_twin,0.014339777100988013
26,gain_bal_vs_twin,0.011290453682605225
27,gain_bal_vs_twin,0.012271445013587484
28,gain_bal_vs_twin,0.00990440959860681
29,gain_bal_vs_twin,0.012715432812841857
30,gain_bal_vs_twin,0.01409675928778297
31,gain_bal_vs_twin,0.01440809589489794
32,gain_bal_vs_twin,0.011316852784622732
33,gain_bal_vs_twin,0.014255682450818137
34,gain_bal_vs_twin,0.011875962105097563
35,gain_bal_vs_twin,0.01436021163068241
36,gain_bal_vs_twin,0.013160909901499127
37,gain_bal_vs_twin,0.012059405762582716
38,gain_bal_vs_twin,0.008197241229737568
39,gain_bal_vs_twin,0.010628818026671427
40,gain_bal_vs_twin,0.012269454364481739
41,gain_bal_vs_twin,0.007078994532930294
42,gain_bal_vs_twin,0.013421145701598438
43,gain_bal_vs_twin,0.013349719095392934
44,gain_bal_vs_twin,0.006617556916961884
45,gain_bal_vs_twin,0.013890896341487395
46,gain_bal_vs_twin,0.007586601174403578
47,gain_bal_vs_twin,0.014294589514443342
48,gain_bal_vs_twin,0.011788946309972754
49,gain_bal_vs_twin,0.01205939270371405
50,gain_bal_vs_twin,0.01436960126236739
51,gain_bal_vs_twin,0.014321778315949983
52,gain_bal_vs_twin,0.012990597890046291
53,gain_bal_vs_twin,0.016078786063263403
54,gain_bal_vs_twin,0.012709808011407938
55,gain_bal_vs_twin,0.012319089210223382
56,gain_bal_vs_twin,0.014032593606952562
57,gain_bal_vs_twin,0.009673154331306447
58,gain_bal_vs_twin,0.01017167881338297
59,gain_bal_vs_twin,0.014572073732325311
60,gain_bal_vs_twin,0.013505468283062325
61,gain_bal_vs_twin,0.012658616184940203
62,gain_bal_vs_twin,0.00810730900092116
63,gain_bal_vs_twin,0.013440709854452422
64,gain_bal_vs_twin,0.011401310360707878
65,gain_bal_vs_twin,0.014854903981076754
66,gain_bal_vs_twin,0.012212365747720347
67,gain_bal_vs_twin,0.01166932772320266
68,gain_bal_vs_twin,0.013439245543598944
69,gain_bal_vs_twin,0.01307331778724175
70,gain_bal_vs_twin,0.011581623308974541
71,gain_bal_vs_twin,0.010538675817019588
72,gain_bal_vs_twin,0.006998219111708111
73,gain_bal_vs_twin,0.014072406642280239
74,gain_bal_vs_twin,0.011912598304223176
75,gain_bal_vs_twin,0.013411013780422682
76,gain_bal_vs_twin,0.015564587737430203
77,gain_bal_vs_twin,0.012739653334817377
78,gain_bal_vs_twin,0.014771436603189312
79,gain_bal_vs_twin,0.008888603004327936
80,gain_bal_vs_twin,0.013006288286020644
81,gain_bal_vs_twin,0.012717556446507306
82,gain_bal_vs_twin,0.01638465330145868
83,gain_bal_vs_twin,0.01261198607642396
84,gain_bal_vs_twin,0.014393168298008506
85,gain_bal_vs_twin,0.014837724712742865
86,gain_bal_vs_twin,0.01324322834057462
87,gain_bal_vs_twin,0.011633223511924995
88,gain_bal_vs_twin,0.011132382867534377
89,gain_bal_vs_twin,0.013952787608883884
90,gain_bal_vs_twin,0.012109740327807967
91,gain_bal_vs_twin,0.01593525967846644
92,gain_bal_vs_twin,0.012252375054491291
93,gain_bal_vs_twin,0.010530374829446246
94,gain_bal_vs_twin,0.015714184613493245
95,gain_bal_vs_twin,0.012591015159649385
96,gain_bal_vs_twin,0.013947689500283062
97,gain_bal_vs_twin,0.014234155799761646
98,gain_bal_vs_twin,0.013471354342330223
99,gain_bal_vs_twin,0.013768797002266828
100,gain_bal_vs_twin,0.009881226004885136
101,gain_bal_vs_twin,0.010913276760387875
102,gain_bal_vs_twin,0.01265981920477401
103,gain_bal_vs_twin,0.014222196935766361
104,gain_bal_vs_twin,0.009064734182651853
105,gain_bal_vs_twin,0.010227337586196029
106,gain_bal_vs_twin,0.010893230773149964
107,gain_bal_vs_twin,0.011103544565649149
108,gain_bal_vs_twin,0.011812376532267308
109,gain_bal_vs_twin,0.011557648726062204
110,gain_bal_vs_twin,0.014021943677488964
111,gain_bal_vs_twin,0.008073238727073129
112,gain_bal_vs_twin,0.013377627570098074
113,gain_bal_vs_twin,0.01190952369872449
114,gain_bal_vs_twin,0.013938688710880312
115,gain_bal_vs_twin,0.014609746750467846
116,gain_bal_vs_twin,0.008937442811042862
117,gain_bal_vs_twin,0.009422329278260531
118,gain_bal_vs_twin,0.008809277806595288
119,gain_bal_vs_twin,0.013577110669724834
120,gain_bal_vs_twin,0.014055717373544243
121,gain_bal_vs_twin,0.01398721578341042
122,gain_bal_vs_twin,0.010314124309316624
123,gain_bal_vs_twin,0.012054367449529967
124,gain_bal_vs_twin,0.012358840239043784
125,gain_bal_vs_twin,0.010037359765487407
126,gain_bal_vs_twin,0.009843578532583469
127,gain_bal_vs_twin,0.01132824768889712
128,gain_bal_vs_twin,0.013998192289905296
129,gain_bal_vs_twin,0.011590113194405175
130,gain_bal_vs_twin,0.012170830315444345
131,gain_bal_vs_twin,0.013351737150770312
132,gain_bal_vs_twin,0.011264666375680686
133,gain_bal_vs_twin,0.008082288954002478
134,gain_bal_vs_twin,0.0139107924645635
135,gain_bal_vs_twin,0.012035577133388542
136,gain_bal_vs_twin,0.011956902741074851
137,gain_bal_vs_twin,0.011410960465035766
138,gain_bal_vs_twin,0.010453526224044222
139,gain_bal_vs_twin,0.009498199499026732
140,gain_bal_vs_twin,0.010013895753327022
141,gain_bal_vs_twin,0.012399460443755147
142,gain_bal_vs_twin,0.01482721612666785
143,gain_bal_vs_twin,0.013485607845373818
144,gain_bal_vs_twin,0.009178901822615616
145,gain_bal_vs_twin,0.009626231864846208
146,gain_bal_vs_twin,0.010527879807564033
147,gain_bal_vs_twin,0.011182251586405303
148,gain_bal_vs_twin,0.010648241871182438
149,gain_bal_vs_twin,0.014149987683240817
150,gain_bal_vs_twin,0.013630423527301181
151,gain_bal_vs_twin,0.010998454150786974
152,gain_bal_vs_twin,0.013124143857385686
153,gain_bal_vs_twin,0.01059275414240023
154,gain_bal_vs_twin,0.013148804343262727
155,gain_bal_vs_twin,0.014583028686718997
156,gain_bal_vs_twin,0.011308734732936343
157,gain_bal_vs_twin,0.014118864089355396
158,gain_bal_vs_twin,0.01096670637755088
159,gain_bal_vs_twin,0.011855259654982896
160,gain_bal_vs_twin,0.012657725334584188
161,gain_bal_vs_twin,0.012206095756497655
162,gain_bal_vs_twin,0.014114745075059379
163,gain_bal_vs_twin,0.012760739012052626
164,gain_bal_vs_twin,0.011956908278756978
165,gain_bal_vs_twin,0.009244788431621435
166,gain_bal_vs_twin,0.011697402432388834
167,gain_bal_vs_twin,0.014395548244449911
168,gain_bal_vs_twin,0.010567640469091685
169,gain_bal_vs_twin,0.012218757928965849
170,gain_bal_vs_twin,0.013957472210995556
171,gain_bal_vs_twin,0.012692953035538591
172,gain_bal_vs_twin,0.013758158197602387
173,gain_bal_vs_twin,0.009655772900986737
174,gain_bal_vs_twin,0.0119728392554652
175,gain_bal_vs_twin,0.013663992712291172
176,gain_bal_vs_twin,0.01488447775549026
177,gain_bal_vs_twin,0.011387999375680682
178,gain_bal_vs_twin,0.010256634438172568
179,gain_bal_vs_twin,0.008686840393186195
180,gain_bal_vs_twin,0.012751807048456226
181,gain_bal_vs_twin,0.013408274342441543
182,gain_bal_vs_twin,0.012597305956836608
183,gain_bal_vs_twin,0.013360348866852214
184,gain_bal_vs_twin,0.010985668549247865
185,gain_bal_vs_twin,0.011380538436489349
186,gain_bal_vs_twin,0.011773634845924032
187,gain_bal_vs_twin,0.009838027457451477
188,gain_bal_vs_twin,0.015016379638373985
189,gain_bal_vs_twin,0.012172734767846737
190,gain_bal_vs_twin,0.010799098126680383
191,gain_bal_vs_twin,0.011096745308866372
192,gain_bal_vs_twin,0.015249724033327876
193,gain_bal_vs_twin,0.012880120487995379
194,gain_bal_vs_twin,0.01690103531674523
195,gain_bal_vs_twin,0.009458269312036105
196,gain_bal_vs_twin,0.010583021502957044
197,gain_bal_vs_twin,0.012486500779318
198,gain_bal_vs_twin,0.011312859570533918
199,gain_bal_vs_twin,0.010952896653805045
200,gain_bal_vs_twin,0.013230092883191895
201,gain_bal_vs_twin,0.008666971633494485
202,gain_bal_vs_twin,0.013212303382225593
203,gain_bal_vs_twin,0.008882744719778752
204,gain_bal_vs_twin,0.006923416486173466
205,gain_bal_vs_twin,0.012808286145772493
206,gain_bal_vs_twin,0.011508617119503992
207,gain_bal_vs_twin,0.01441041122292496
208,gain_bal_vs_twin,0.012144681155264596
209,gain_bal_vs_twin,0.01224769963107015
210,gain_bal_vs_twin,0.012707395557001759
211,gain_bal_vs_twin,0.01382418376339208
212,gain_bal_vs_twin,0.010058720184330497
213,gain_bal_vs_twin,0.011456721630862088
214,gain_bal_vs_twin,0.01316555769205396
215,gain_bal_vs_twin,0.014316497664917197
216,gain_bal_vs_twin,0.0092617933633976
217,gain_bal_vs_twin,0.012383126654359219
218,gain_bal_vs_twin,0.012224996777096776
219,gain_bal_vs_twin,0.012855983622488729
220,gain_bal_vs_twin,0.012813176456936541
221,gain_bal_vs_twin,0.0128816848117914
222,gain_bal_vs_twin,0.011286026264596233
223,gain_bal_vs_twin,0.013051795357741461
224,gain_bal_vs_twin,0.01155099806059316
225,gain_bal_vs_twin,0.011719074375764107
226,gain_bal_vs_twin,0.010494694120680454
227,gain_bal_vs_twin,0.00824653887929874
228,gain_bal_vs_twin,0.014672566198568401
229,gain_bal_vs_twin,0.00849416465381604
230,gain_bal_vs_twin,0.012297259015944946
231,gain_bal_vs_twin,0.011832306676914678
232,gain_bal_vs_twin,0.013158574025969347
233,gain_bal_vs_twin,0.01374072007453707
234,gain_bal_vs_twin,0.011010991952438435
235,gain_bal_vs_twin,0.013713687376426264
236,gain_bal_vs_twin,0.00870900915773114
237,gain_bal_vs_twin,0.009982436172066516
238,gain_bal_vs_twin,0.008586627309835579
239,gain_bal_vs_twin,0.011431051796597005
240,gain_bal_vs_twin,0.010749086235041925
241,gain_bal_vs_twin,0.010979640567791531
242,gain_bal_vs_twin,0.01360634647870113
243,gain_bal_vs_twin,0.009390158555883262
244,gain_bal_vs_twin,0.013097261817859505
245,gain_bal_vs_twin,0.012368726488687183
246,gain_bal_vs_twin,0.015033008655388385
247,gain_bal_vs_twin,0.012390035879148336
248,gain_bal_vs_twin,0.010589077565152904
249,gain_bal_vs_twin,0.012198611184306044
250,gain_bal_vs_twin,0.013405330266973403
251,gain_bal_vs_twin,0.010918033360615642
252,gain_bal_vs_twin,0.010836833229835896
253,gain_bal_vs_twin,0.008398790449187158
254,gain_bal_vs_twin,0.011134821597943908
255,gain_bal_vs_twin,0.012717849589782922
256,gain_bal_vs_twin,0.012424884662698551
257,gain_bal_vs_twin,0.014557178326212922
258,gain_bal_vs_twin,0.01282816117916782
259,gain_bal_vs_twin,0.01107079231535012
260,gain_bal_vs_twin,0.013800246832663485
261,gain_bal_vs_twin,0.01187073203265886
262,gain_bal_vs_twin,0.013446094157135114
263,gain_bal_vs_twin,0.014634420435319725
264,gain_bal_vs_twin,0.012599298208269327
265,gain_bal_vs_twin,0.011620528794995299
266,gain_bal_vs_twin,0.010942599057097446
267,gain_bal_vs_twin,0.013585170862311388
268,gain_bal_vs_twin,0.010434198055440281
269,gain_bal_vs_twin,0.011356306227351898
270,gain_bal_vs_twin,0.01578954948711945
271,gain_bal_vs_twin,0.014406017753898048
272,gain_bal_vs_twin,0.014267834332190933
273,gain_bal_vs_twin,0.014814857151579344
274,gain_bal_vs_twin,0.013714539182253377
275,gain_bal_vs_twin,0.014016192401081233
276,gain_bal_vs_twin,0.011576131270477056
277,gain_bal_vs_twin,0.012302673273321114
278,gain_bal_vs_twin,0.01462039368676252
279,gain_bal_vs_twin,0.01271584994048164
280,gain_bal_vs_twin,0.012159164582204795
281,gain_bal_vs_twin,0.008743598881817081
282,gain_bal_vs_twin,0.011851251600651966
283,gain_bal_vs_twin,0.014483260857527491
284,gain_bal_vs_twin,0.011987618920169791
285,gain_bal_vs_twin,0.014504215972228122
286,gain_bal_vs_twin,0.013114702254478718
287,gain_bal_vs_twin,0.006104582615833328
288,gain_bal_vs_twin,0.013622919610916256
289,gain_bal_vs_twin,0.014452660605298304
290,gain_bal_vs_twin,0.014704590911844173
291,gain_bal_vs_twin,0.011635118655859342
292,gain_bal_vs_twin,0.013504131728885654
293,gain_bal_vs_twin,0.01281999110126695
294,gain_bal_vs_twin,0.014977271001281354
295,gain_bal_vs_twin,0.011878158973310548
296,gain_bal_vs_twin,0.007345229185811215
297,gain_bal_vs_twin,0.014159700603369017
298,gain_bal_vs_twin,0.012446470089801648
299,gain_bal_vs_twin,0.012602474474618463
300,gain_bal_vs_twin,0.012573898511274014
301,gain_bal_vs_twin,0.013338631578499916
302,gain_bal_vs_twin,0.008900474173726395
303,gain_bal_vs_twin,0.011043161222724588
304,gain_bal_vs_twin,0.011720209859005388
305,gain_bal_vs_twin,0.012449887212279631
306,gain_bal_vs_twin,0.014907383590405733
307,gain_bal_vs_twin,0.014226311668859138
308,gain_bal_vs_twin,0.013902883004467598
309,gain_bal_vs_twin,0.00844090351658974
310,gain_bal_vs_twin,0.013431700515436854
311,gain_bal_vs_twin,0.014013951505088214
312,gain_bal_vs_twin,0.00773888931809445
313,gain_bal_vs_twin,0.012062348172387287
314,gain_bal_vs_twin,0.011983353123714954
315,gain_bal_vs_twin,0.007925466408612353
316,gain_bal_vs_twin,0.013929939934856476
317,gain_bal_vs_twin,0.006772594235845278
318,gain_bal_vs_twin,0.013107881015847724
319,gain_bal_vs_twin,0.01001496483966426
320,gain_bal_vs_twin,0.013136032681388196
321,gain_bal_vs_twin,0.014429434524742565
322,gain_bal_vs_twin,0.009976203158546105
323,gain_bal_vs_twin,0.012789200884017119
324,gain_bal_vs_twin,0.014799059589544155
325,gain_bal_vs_twin,0.011722624802079282
326,gain_bal_vs_twin,0.013365473054055079
327,gain_bal_vs_twin,0.01321508716148762
328,gain_bal_vs_twin,0.009541909868701322
329,gain_bal_vs_twin,0.006337338999994118
330,gain_bal_vs_twin,0.0113019342408209
331,gain_bal_vs_twin,0.012906060866338758
332,gain_bal_vs_twin,0.01204840445720347
333,gain_bal_vs_twin,0.01096915776759122
334,gain_bal_vs_twin,0.012602394885139303
335,gain_bal_vs_twin,0.008254038607742473
336,gain_bal_vs_twin,0.015358117552808748
337,gain_bal_vs_twin,0.010526309785909892
338,gain_bal_vs_twin,0.010726755604385522
339,gain_bal_vs_twin,0.010602808096119505
340,gain_bal_vs_twin,0.01262436358741713
341,gain_bal_vs_twin,0.013454861224892173
342,gain_bal_vs_twin,0.013592122554953194
343,gain_bal_vs_twin,0.013722632495733852
344,gain_bal_vs_twin,0.0104495798306248
345,gain_bal_vs_twin,0.010950179201738837
346,gain_bal_vs_twin,0.014277345414206123
347,gain_bal_vs_twin,0.01308856089903752
348,gain_bal_vs_twin,0.011641193775870057
349,gain_bal_vs_twin,0.012825615339478546
350,gain_bal_vs_twin,0.011808593330881011
351,gain_bal_vs_twin,0.01239676529021888
352,gain_bal_vs_twin,0.007587131236679047
353,gain_bal_vs_twin,0.013052771771783222
354,gain_bal_vs_twin,0.013880919456773158
355,gain_bal_vs_twin,0.013125362655919218
356,gain_bal_vs_twin,0.013196746416930428
357,gain_bal_vs_twin,0.011789917218430358
358,gain_bal_vs_twin,0.012764499098147563
359,gain_bal_vs_twin,0.008923880479546484
360,gain_bal_vs_twin,0.00992454683995433
361,gain_bal_vs_twin,0.01122612949202906
362,gain_bal_vs_twin,0.011541480679235867
363,gain_bal_vs_twin,0.012577886356016222
364,gain_bal_vs_twin,0.01422665644046013
365,gain_bal_vs_twin,0.013690886226287552
366,gain_bal_vs_twin,0.014547912697419087
367,gain_bal_vs_twin,0.013839138130108845
368,gain_bal_vs_twin,0.010571760025314002
369,gain_bal_vs_twin,0.014073898373077416
370,gain_bal_vs_twin,0.015162993315400922
371,gain_bal_vs_twin,0.013689161669561587
372,gain_bal_vs_twin,0.011231061252455663
373,gain_bal_vs_twin,0.011734723865383422
374,gain_bal_vs_twin,0.011963714005057441
375,gain_bal_vs_twin,0.010984711775469166
376,gain_bal_vs_twin,0.010369764760902086
377,gain_bal_vs_twin,0.005136894879705096
378,gain_bal_vs_twin,0.014045409662061576
379,gain_bal_vs_twin,0.011019815040845949
380,gain_bal_vs_twin,0.012323600148294842
381,gain_bal_vs_twin,0.013763348016031402
382,gain_bal_vs_twin,0.0145281476775435
383,gain_bal_vs_twin,0.0108259565672854
384,gain_bal_vs_twin,0.01474649420207691
385,gain_bal_vs_twin,0.012455699695730777
386,gain_bal_vs_twin,0.011480508780723814
387,gain_bal_vs_twin,0.012220589223117381
388,gain_bal_vs_twin,0.01324824716777749
389,gain_bal_vs_twin,0.013507224214740663
390,gain_bal_vs_twin,0.008498335245224585
391,gain_bal_vs_twin,0.013345524190286801
392,gain_bal_vs_twin,0.009835564600862457
393,gain_bal_vs_twin,0.014771282381064897
394,gain_bal_vs_twin,0.012577306491930645
395,gain_bal_vs_twin,0.01239491194366876
396,gain_bal_vs_twin,0.009940347844458918
397,gain_bal_vs_twin,0.012914885199649978
398,gain_bal_vs_twin,0.014913336673701988
399,gain_bal_vs_twin,0.014608827718011688
400,gain_bal_vs_twin,0.010615038361479392
401,gain_bal_vs_twin,0.013693606765777664
402,gain_bal_vs_twin,0.010922997735618879
403,gain_bal_vs_twin,0.01084716450269414
404,gain_bal_vs_twin,0.01006770887898521
405,gain_bal_vs_twin,0.010224049563228201
406,gain_bal_vs_twin,0.007866249055684513
407,gain_bal_vs_twin,0.012665358704381537
408,gain_bal_vs_twin,0.010740154986030438
409,gain_bal_vs_twin,0.011650258364779622
410,gain_bal_vs_twin,0.013226296185135223
411,gain_bal_vs_twin,0.012364435549532078
412,gain_bal_vs_twin,0.01013739244370292
413,gain_bal_vs_twin,0.013829870879167603
414,gain_bal_vs_twin,0.01148128823631371
415,gain_bal_vs_twin,0.01120656501960626
416,gain_bal_vs_twin,0.012578493454183114
417,gain_bal_vs_twin,0.013440106267353785
418,gain_bal_vs_twin,0.01464977340977776
419,gain_bal_vs_twin,0.013269655493837287
420,gain_bal_vs_twin,0.012185326175367106
421,gain_bal_vs_twin,0.011468988158908512
422,gain_bal_vs_twin,0.013023624240705094
423,gain_bal_vs_twin,0.011670411866238949
424,gain_bal_vs_twin,0.015866470151100574
425,gain_bal_vs_twin,0.015170077320283764
426,gain_bal_vs_twin,0.012038504321985772
427,gain_bal_vs_twin,0.013113411973237335
428,gain_bal_vs_twin,0.012312941853593735
429,gain_bal_vs_twin,0.011047728338680634
430,gain_bal_vs_twin,0.012776541121762849
431,gain_bal_vs_twin,0.011923090566714731
432,gain_bal_vs_twin,0.010520346454099798
433,gain_bal_vs_twin,0.014425831481551027
434,gain_bal_vs_twin,0.014088523578655946
435,gain_bal_vs_twin,0.011312188880346657
436,gain_bal_vs_twin,0.014151223505950123
437,gain_bal_vs_twin,0.014951219044123795
438,gain_bal_vs_twin,0.013137885958937041
439,gain_bal_vs_twin,0.016232307082438367
440,gain_bal_vs_twin,0.014917971092316022
441,gain_bal_vs_twin,0.009786672197007103
442,gain_bal_vs_twin,0.010703829833732631
443,gain_bal_vs_twin,0.009486916519823743
444,gain_bal_vs_twin,0.01277103910410268
445,gain_bal_vs_twin,0.012112788082271248
446,gain_bal_vs_twin,0.014232861563756345
447,gain_bal_vs_twin,0.01169989729504945
448,gain_bal_vs_twin,0.01332675068196111
449,gain_bal_vs_twin,0.012280016385600655
450,gain_bal_vs_twin,0.015606696820544306
451,gain_bal_vs_twin,0.013157276810278909
452,gain_bal_vs_twin,0.01170868887705677
453,gain_bal_vs_twin,0.012943083157414118
454,gain_bal_vs_twin,0.01077104564469894
455,gain_bal_vs_twin,0.008876881313106098
456,gain_bal_vs_twin,0.010109279365527444
457,gain_bal_vs_twin,0.010468285715166947
458,gain_bal_vs_twin,0.010939977438338177
459,gain_bal_vs_twin,0.011634229843209387
460,gain_bal_vs_twin,0.00633805252748649
461,gain_bal_vs_twin,0.013267743236768381
462,gain_bal_vs_twin,0.01095948579096669
463,gain_bal_vs_twin,0.011066557508446097
464,gain_bal_vs_twin,0.009532277756983438
465,gain_bal_vs_twin,0.011298523773750563
466,gain_bal_vs_twin,0.013753265359903741
467,gain_bal_vs_twin,0.01043080064290125
468,gain_bal_vs_twin,0.013846130748941948
469,gain_bal_vs_twin,0.012596373647328499
470,gain_bal_vs_twin,0.010756521045858196
471,gain_bal_vs_twin,0.010222031609647544
472,gain_bal_vs_twin,0.008657150016984387
473,gain_bal_vs_twin,0.010793939777392085
474,gain_bal_vs_twin,0.012509163577310693
475,gain_bal_vs_twin,0.01289867714976735
476,gain_bal_vs_twin,0.010233663551561249
477,gain_bal_vs_twin,0.01097293775984519
478,gain_bal_vs_twin,0.013238769581516888
479,gain_bal_vs_twin,0.010973930993744833
480,gain_bal_vs_twin,0.013946655238762507
481,gain_bal_vs_twin,0.013971079129040184
482,gain_bal_vs_twin,0.008339240571528992
483,gain_bal_vs_twin,0.012295926036444398
484,gain_bal_vs_twin,0.010798655208250879
485,gain_bal_vs_twin,0.012133299112003238
486,gain_bal_vs_twin,0.01432292748759223
487,gain_bal_vs_twin,0.012974892661861128
488,gain_bal_vs_twin,0.012281247377127063
489,gain_bal_vs_twin,0.011826103111349335
490,gain_bal_vs_twin,0.015120266623508983
491,gain_bal_vs_twin,0.00900489288830821
492,gain_bal_vs_twin,0.012916651651391763
493,gain_bal_vs_twin,0.011335636002552723
494,gain_bal_vs_twin,0.01426843025385784
495,gain_bal_vs_twin,0.01478891808145907
496,gain_bal_vs_twin,0.010891351722944134
497,gain_bal_vs_twin,0.011899717860914118
498,gain_bal_vs_twin,0.010756447155895228
499,gain_bal_vs_twin,0.00894676742704549
500,gain_bal_vs_twin,0.011154757196066808
501,gain_bal_vs_twin,0.013060350734487818
502,gain_bal_vs_twin,0.013991811995273912
503,gain_bal_vs_twin,0.014608401392440828
504,gain_bal_vs_twin,0.01035434116748318
505,gain_bal_vs_twin,0.0078085838629551605
506,gain_bal_vs_twin,0.009663463575881647
507,gain_bal_vs_twin,0.012268420022320179
508,gain_bal_vs_twin,0.012759368143271563
509,gain_bal_vs_twin,0.00984429997713708
510,gain_bal_vs_twin,0.010925591500120077
511,gain_bal_vs_twin,0.014621524790699223
512,gain_bal_vs_twin,0.012162219392253213
513,gain_bal_vs_twin,0.009550583168934446
514,gain_bal_vs_twin,0.009799337304090645
515,gain_bal_vs_twin,0.012771130992737856
516,gain_bal_vs_twin,0.014351914854242375
517,gain_bal_vs_twin,0.012308294060054474
518,gain_bal_vs_twin,0.007944178718188383
519,gain_bal_vs_twin,0.011969240812523022
520,gain_bal_vs_twin,0.010760126658143356
521,gain_bal_vs_twin,0.014788788678562403
522,gain_bal_vs_twin,0.011387163955005162
523,gain_bal_vs_twin,0.014021961406602787
524,gain_bal_vs_twin,0.011090973046751747
525,gain_bal_vs_twin,0.010818435207112755
526,gain_bal_vs_twin,0.01082588451169023
527,gain_bal_vs_twin,0.009169186827360704
528,gain_bal_vs_twin,0.012845815337306598
529,gain_bal_vs_twin,0.010123819083566793
530,gain_bal_vs_twin,0.014047572991329813
531,gain_bal_vs_twin,0.012412903976639121
532,gain_bal_vs_twin,0.010537447429987652
533,gain_bal_vs_twin,0.009924057488272508
534,gain_bal_vs_twin,0.011797553957406863
535,gain_bal_vs_twin,0.014638232000425858
536,gain_bal_vs_twin,0.011639145948236932
537,gain_bal_vs_twin,0.01176655950795635
538,gain_bal_vs_twin,0.013358723260681092
539,gain_bal_vs_twin,0.010870997472083978
540,gain_bal_vs_twin,0.01215717644438849
541,gain_bal_vs_twin,0.01117915585794132
542,gain_bal_vs_twin,0.013468031918954848
543,gain_bal_vs_twin,0.011251499331244946
544,gain_bal_vs_twin,0.012711070071440265
545,gain_bal_vs_twin,0.014420501392229874
546,gain_bal_vs_twin,0.01642278167650482
547,gain_bal_vs_twin,0.013025028501361712
548,gain_bal_vs_twin,0.012246572117355855
549,gain_bal_vs_twin,0.011477341746904445
550,gain_bal_vs_twin,0.008200138950234557
551,gain_bal_vs_twin,0.013960128595716418
552,gain_bal_vs_twin,0.009035673228572122
553,gain_bal_vs_twin,0.010644073492233582
554,gain_bal_vs_twin,0.013037887711814744
555,gain_bal_vs_twin,0.012380872934319312
556,gain_bal_vs_twin,0.011534113381935846
557,gain_bal_vs_twin,0.012018526741656013
558,gain_bal_vs_twin,0.014268595130674275
559,gain_bal_vs_twin,0.012779376662826306
560,gain_bal_vs_twin,0.009955795644173962
561,gain_bal_vs_twin,0.015532346540687705
562,gain_bal_vs_twin,0.01292553763455019
563,gain_bal_vs_twin,0.010918997183921706
564,gain_bal_vs_twin,0.011252898749654362
565,gain_bal_vs_twin,0.01045650191582936
566,gain_bal_vs_twin,0.01087110290242474
567,gain_bal_vs_twin,0.014105609767505927
568,gain_bal_vs_twin,0.009693364491729584
569,gain_bal_vs_twin,0.010743770263302041
570,gain_bal_vs_twin,0.007344974423950028
571,gain_bal_vs_twin,0.013843680235288258
572,gain_bal_vs_twin,0.011272333313578298
573,gain_bal_vs_twin,0.00944728393609846
574,gain_bal_vs_twin,0.012857496609021624
575,gain_bal_vs_twin,0.013234156646065061
576,gain_bal_vs_twin,0.006789740225622538
577,gain_bal_vs_twin,0.012417625628591182
578,gain_bal_vs_twin,0.012514743959000185
579,gain_bal_vs_twin,0.014136586992019997
580,gain_bal_vs_twin,0.013303609965735748
581,gain_bal_vs_twin,0.013732934811294267
582,gain_bal_vs_twin,0.008825718403238201
583,gain_bal_vs_twin,0.008835409414200577
584,gain_bal_vs_twin,0.012391414912269883
585,gain_bal_vs_twin,0.014101933501905905
586,gain_bal_vs_twin,0.01267429539787012
587,gain_bal_vs_twin,0.010957316511349713
588,gain_bal_vs_twin,0.013417661455730366
589,gain_bal_vs_twin,0.012401262870896728
590,gain_bal_vs_twin,0.012178152423672746
591,gain_bal_vs_twin,0.014624529723705457
592,gain_bal_vs_twin,0.012559933317373654
593,gain_bal_vs_twin,0.011325125257203559
594,gain_bal_vs_twin,0.010597473016984391
595,gain_bal_vs_twin,0.01031878147794862
596,gain_bal_vs_twin,0.013886002683542006
597,gain_bal_vs_twin,0.008660823159848067
598,gain_bal_vs_twin,0.010521783693724708
599,gain_bal_vs_twin,0.011334199433022456
600,gain_bal_vs_twin,0.015141738604315988
601,gain_bal_vs_twin,0.013952482140305884
602,gain_bal_vs_twin,0.014730277301512617
603,gain_bal_vs_twin,0.012948251236078071
604,gain_bal_vs_twin,0.010089816951211231
605,gain_bal_vs_twin,0.014187231181285625
606,gain_bal_vs_twin,0.009645798423031435
607,gain_bal_vs_twin,0.011690808532640996
608,gain_bal_vs_twin,0.012542615777534754
609,gain_bal_vs_twin,0.01577429645041546
610,gain_bal_vs_twin,0.009801794743184555
611,gain_bal_vs_twin,0.010624647084642952
612,gain_bal_vs_twin,0.014602463010681134
613,gain_bal_vs_twin,0.013265270709153173
614,gain_bal_vs_twin,0.010519507442324574
615,gain_bal_vs_twin,0.014838922391237587
616,gain_bal_vs_twin,0.008890395090649107
617,gain_bal_vs_twin,0.011717552011154042
618,gain_bal_vs_twin,0.016111219886106767
619,gain_bal_vs_twin,0.010632945606913108
620,gain_bal_vs_twin,0.013627534708803716
621,gain_bal_vs_twin,0.012740573036709791
622,gain_bal_vs_twin,0.009075894164232186
623,gain_bal_vs_twin,0.01115806157409475
624,gain_bal_vs_twin,0.013116214891948428
625,gain_bal_vs_twin,0.012709996437472133
626,gain_bal_vs_twin,0.011878377743733464
627,gain_bal_vs_twin,0.01212936014021245
628,gain_bal_vs_twin,0.014672774999395352
629,gain_bal_vs_twin,0.016069485900524445
630,gain_bal_vs_twin,0.014161361529547353
631,gain_bal_vs_twin,0.015441804853445092
632,gain_bal_vs_twin,0.014985536856032461
633,gain_bal_vs_twin,0.014025940695103637
634,gain_bal_vs_twin,0.006886039571968773
635,gain_bal_vs_twin,0.01221031591187339
636,gain_bal_vs_twin,0.013704810706406277
637,gain_bal_vs_twin,0.014661665524853708
638,gain_bal_vs_twin,0.00880429398154255
639,gain_bal_vs_twin,0.009650235576234142
640,gain_bal_vs_twin,0.014036269872552585
641,gain_bal_vs_twin,0.01578606732091046
642,gain_bal_vs_twin,0.013309345377184608
643,gain_bal_vs_twin,0.012069575963669968
644,gain_bal_vs_twin,0.007945973627478623
645,gain_bal_vs_twin,0.01318944325827241
646,gain_bal_vs_twin,0.011819355891580086
647,gain_bal_vs_twin,0.010058473892674223
648,gain_bal_vs_twin,0.0155905388995324
649,gain_bal_vs_twin,0.009639232771432641
650,gain_bal_vs_twin,0.012399375288757564
651,gain_bal_vs_twin,0.013817332458002188
652,gain_bal_vs_twin,0.01589433810266027
653,gain_bal_vs_twin,0.008924514438209413
654,gain_bal_vs_twin,0.01421754681354814
655,gain_bal_vs_twin,0.013471522068709382
656,gain_bal_vs_twin,0.0088723028429961
657,gain_bal_vs_twin,0.013905343151364354
658,gain_bal_vs_twin,0.012704120885860827
659,gain_bal_vs_twin,0.013676490872608724
660,gain_bal_vs_twin,0.011088105258686488
661,gain_bal_vs_twin,0.00919239957465153
662,gain_bal_vs_twin,0.011959481173812795
663,gain_bal_vs_twin,0.011444523533377672
664,gain_bal_vs_twin,0.014382693656111402
665,gain_bal_vs_twin,0.013171686348837747
666,gain_bal_vs_twin,0.010027317640645786
667,gain_bal_vs_twin,0.013664342053410298
668,gain_bal_vs_twin,0.014039716849227418
669,gain_bal_vs_twin,0.011425777807031648
670,gain_bal_vs_twin,0.01220267776658269
671,gain_bal_vs_twin,0.012287662919060407
672,gain_bal_vs_twin,0.011188913651176968
673,gain_bal_vs_twin,0.013390637479168854
674,gain_bal_vs_twin,0.012118895791751795
675,gain_bal_vs_twin,0.009920972646999076
676,gain_bal_vs_twin,0.014565411460307518
677,gain_bal_vs_twin,0.012794787404811773
678,gain_bal_vs_twin,0.010774422677121745
679,gain_bal_vs_twin,0.0149960242128273
680,gain_bal_vs_twin,0.012232913359141364
681,gain_bal_vs_twin,0.009957760013343708
682,gain_bal_vs_twin,0.006019199988599929
683,gain_bal_vs_twin,0.012764825478335174
684,gain_bal_vs_twin,0.013091140815968707
685,gain_bal_vs_twin,0.008817916100406307
686,gain_bal_vs_twin,0.009941111515985358
687,gain_bal_vs_twin,0.014471051331206372
688,gain_bal_vs_twin,0.012112939956726123
689,gain_bal_vs_twin,0.00994985713007458
690,gain_bal_vs_twin,0.011545020612859875
691,gain_bal_vs_twin,0.011095649964295327
692,gain_bal_vs_twin,0.013143862450843447
693,gain_bal_vs_twin,0.013867939576898561
694,gain_bal_vs_twin,0.014483927288851135
695,gain_bal_vs_twin,0.012532061095933803
696,gain_bal_vs_twin,0.014073679395160105
697,gain_bal_vs_twin,0.01316720406463164
698,gain_bal_vs_twin,0.013496692303844047
699,gain_bal_vs_twin,0.01539575224208958
700,gain_bal_vs_twin,0.011825557174481261
701,gain_bal_vs_twin,0.012470475938486452
702,gain_bal_vs_twin,0.011206194082038328
703,gain_bal_vs_twin,0.012061272530233215
704,gain_bal_vs_twin,0.01582686004995924
705,gain_bal_vs_twin,0.01037420710420582
706,gain_bal_vs_twin,0.013947861401538761
707,gain_bal_vs_twin,0.007108346135968551
708,gain_bal_vs_twin,0.012739488165042714
709,gain_bal_vs_twin,0.01606321713102609
710,gain_bal_vs_twin,0.01446449011463402
711,gain_bal_vs_twin,0.009934087500686608
712,gain_bal_vs_twin,0.015430901279432665
713,gain_bal_vs_twin,0.01507049777695332
714,gain_bal_vs_twin,0.011977446604781217
715,gain_bal_vs_twin,0.011347410542882932
716,gain_bal_vs_twin,0.00966471373542285
717,gain_bal_vs_twin,0.010696806809124845
718,gain_bal_vs_twin,0.013309343032579588
719,gain_bal_vs_twin,0.01275339705839142
720,gain_bal_vs_twin,0.015632675196672004
721,gain_bal_vs_twin,0.01291223344669051
722,gain_bal_vs_twin,0.011094171266569341
723,gain_bal_vs_twin,0.014104194531287863
724,gain_bal_vs_twin,0.012675576101816716
725,gain_bal_vs_twin,0.014964543683745493
726,gain_bal_vs_twin,0.009330508029202331
727,gain_bal_vs_twin,0.01216600294656226
728,gain_bal_vs_twin,0.011133629114432898
729,gain_bal_vs_twin,0.01149198830333124
730,gain_bal_vs_twin,0.012336376606455859
731,gain_bal_vs_twin,0.01098444809124081
732,gain_bal_vs_twin,0.008700281074823624
733,gain_bal_vs_twin,0.008089658669100797
734,gain_bal_vs_twin,0.013806124133089345
735,gain_bal_vs_twin,0.012927804415116846
736,gain_bal_vs_twin,0.011668433636295435
737,gain_bal_vs_twin,0.011532221410478027
738,gain_bal_vs_twin,0.012702343407341957
739,gain_bal_vs_twin,0.01097617859221563
740,gain_bal_vs_twin,0.011608876813716749
741,gain_bal_vs_twin,0.015427677304918569
742,gain_bal_vs_twin,0.008484194566225177
743,gain_bal_vs_twin,0.014036950422504357
744,gain_bal_vs_twin,0.009606154262624235
745,gain_bal_vs_twin,0.011072555142373033
746,gain_bal_vs_twin,0.010944436943031946
747,gain_bal_vs_twin,0.012697321818956728
748,gain_bal_vs_twin,0.013171070577599009
749,gain_bal_vs_twin,0.01130489285390556
750,gain_bal_vs_twin,0.008895292158382294
751,gain_bal_vs_twin,0.01170085773060595
752,gain_bal_vs_twin,0.015620717892745106
753,gain_bal_vs_twin,0.015502978408431003
754,gain_bal_vs_twin,0.013941553132466379
755,gain_bal_vs_twin,0.01236384752113835
756,gain_bal_vs_twin,0.01234931903873614
757,gain_bal_vs_twin,0.012948572956526948
758,gain_bal_vs_twin,0.011461248696763746
759,gain_bal_vs_twin,0.014339835537843333
760,gain_bal_vs_twin,0.00764400645534856
761,gain_bal_vs_twin,0.01291592310580419
762,gain_bal_vs_twin,0.013691850192374585
763,gain_bal_vs_twin,0.011092234401846026
764,gain_bal_vs_twin,0.013597415371405372
765,gain_bal_vs_twin,0.011372305284858695
766,gain_bal_vs_twin,0.00971628598413667
767,gain_bal_vs_twin,0.012968213342494397
768,gain_bal_vs_twin,0.012539237890859712
769,gain_bal_vs_twin,0.012252038246292245
770,gain_bal_vs_twin,0.0115209303420096
771,gain_bal_vs_twin,0.014428962800290062
772,gain_bal_vs_twin,0.01377454236972279
773,gain_bal_vs_twin,0.013692156224264245
774,gain_bal_vs_twin,0.012328358144167276
775,gain_bal_vs_twin,0.013166756889401018
776,gain_bal_vs_twin,0.011492144538662765
777,gain_bal_vs_twin,0.013250422260956764
778,gain_bal_vs_twin,0.00997289373296468
779,gain_bal_vs_twin,0.010918221777132574
780,gain_bal_vs_twin,0.01396967793297554
781,gain_bal_vs_twin,0.012052344748173528
782,gain_bal_vs_twin,0.011738917988561744
783,gain_bal_vs_twin,0.012676083334267257
784,gain_bal_vs_twin,0.014248479530533929
785,gain_bal_vs_twin,0.01381831068338622
786,gain_bal_vs_twin,0.012778582527405682
787,gain_bal_vs_twin,0.0129426817895497
788,gain_bal_vs_twin,0.013107771252833285
789,gain_bal_vs_twin,0.00929512579109472
790,gain_bal_vs_twin,0.006973629447186135
791,gain_bal_vs_twin,0.012278188732027878
792,gain_bal_vs_twin,0.01145346882188888
793,gain_bal_vs_twin,0.012524296732192314
794,gain_bal_vs_twin,0.008607313753953327
795,gain_bal_vs_twin,0.009326961016653411
796,gain_bal_vs_twin,0.010603566613527753
797,gain_bal_vs_twin,0.01170200665887916
798,gain_bal_vs_twin,0.013465186827823347
799,gain_bal_vs_twin,0.011672549680052558
800,gain_bal_vs_twin,0.011615558541168263
801,gain_bal_vs_twin,0.013381913716706464
802,gain_bal_vs_twin,0.011139543181266932
803,gain_bal_vs_twin,0.012588089674265541
804,gain_bal_vs_twin,0.011947997117621042
805,gain_bal_vs_twin,0.013287169208686457
806,gain_bal_vs_twin,0.009425054516624039
807,gain_bal_vs_twin,0.010148330318532081
808,gain_bal_vs_twin,0.014096619250308176
809,gain_bal_vs_twin,0.012735249922238012
810,gain_bal_vs_twin,0.009458096943553245
811,gain_bal_vs_twin,0.008966890780255884
812,gain_bal_vs_twin,0.011064411796691055
813,gain_bal_vs_twin,0.009796690777914452
814,gain_bal_vs_twin,0.01339372284099379
815,gain_bal_vs_twin,0.012691577826561865
816,gain_bal_vs_twin,0.013100923726074814
817,gain_bal_vs_twin,0.011731978841177123
818,gain_bal_vs_twin,0.009568443955764925
819,gain_bal_vs_twin,0.013592392078928765
820,gain_bal_vs_twin,0.011010465224052756
821,gain_bal_vs_twin,0.007523973236873968
822,gain_bal_vs_twin,0.010184153510950719
823,gain_bal_vs_twin,0.011025036432127117
824,gain_bal_vs_twin,0.010256444794649057
825,gain_bal_vs_twin,0.012085608014345908
826,gain_bal_vs_twin,0.009998295696395692
827,gain_bal_vs_twin,0.010474101559908062
828,gain_bal_vs_twin,0.0150962128920307
829,gain_bal_vs_twin,0.01501218613305155
830,gain_bal_vs_twin,0.014996622401050005
831,gain_bal_vs_twin,0.015614010725837554
832,gain_bal_vs_twin,0.01106329055071736
833,gain_bal_vs_twin,0.009681679590572137
834,gain_bal_vs_twin,0.012548033777128894
835,gain_bal_vs_twin,0.009791853167699177
836,gain_bal_vs_twin,0.010792997310983236
837,gain_bal_vs_twin,0.013468997955861563
838,gain_bal_vs_twin,0.007528399782455064
839,gain_bal_vs_twin,0.012121264633378719
840,gain_bal_vs_twin,0.011910216615583887
841,gain_bal_vs_twin,0.010688123572923642
842,gain_bal_vs_twin,0.011991514087002513
843,gain_bal_vs_twin,0.013131392789127715
844,gain_bal_vs_twin,0.008556246562759396
845,gain_bal_vs_twin,0.012842180870607841
846,gain_bal_vs_twin,0.012102796910215402
847,gain_bal_vs_twin,0.012879563739996202
848,gain_bal_vs_twin,0.009712326238890349
849,gain_bal_vs_twin,0.013464457515090487
850,gain_bal_vs_twin,0.0119153521196706
851,gain_bal_vs_twin,0.013874581545664849
852,gain_bal_vs_twin,0.013792720670966489
853,gain_bal_vs_twin,0.01255358797637084
854,gain_bal_vs_twin,0.011928760423682691
855,gain_bal_vs_twin,0.010284209324474594
856,gain_bal_vs_twin,0.012790020955158013
857,gain_bal_vs_twin,0.013311810528819194
858,gain_bal_vs_twin,0.012255789534837722
859,gain_bal_vs_twin,0.010354434047714514
860,gain_bal_vs_twin,0.012026337829813435
861,gain_bal_vs_twin,0.009705784156152582
862,gain_bal_vs_twin,0.014013321896267817
863,gain_bal_vs_twin,0.009858742265385884
864,gain_bal_vs_twin,0.011422929056171401
865,gain_bal_vs_twin,0.015960525625889295
866,gain_bal_vs_twin,0.013567265443259452
867,gain_bal_vs_twin,0.014005920109408593
868,gain_bal_vs_twin,0.010939886613318775
869,gain_bal_vs_twin,0.014563789626422035
870,gain_bal_vs_twin,0.012650937059992965
871,gain_bal_vs_twin,0.011820813486426782
872,gain_bal_vs_twin,0.014169648759704013
873,gain_bal_vs_twin,0.015323347472872784
874,gain_bal_vs_twin,0.012164717024210051
875,gain_bal_vs_twin,0.013722145410651976
876,gain_bal_vs_twin,0.01065771501741224
877,gain_bal_vs_twin,0.011848099557612528
878,gain_bal_vs_twin,0.011111205863493774
879,gain_bal_vs_twin,0.012797945597298688
880,gain_bal_vs_twin,0.013020109694933184
881,gain_bal_vs_twin,0.013701391497665241
882,gain_bal_vs_twin,0.010574773740539655
883,gain_bal_vs_twin,0.011054520448664803
884,gain_bal_vs_twin,0.009215479078050611
885,gain_bal_vs_twin,0.012942350680862408
886,gain_bal_vs_twin,0.014694609194385855
887,gain_bal_vs_twin,0.012671313780235189
888,gain_bal_vs_twin,0.013055942728891243
889,gain_bal_vs_twin,0.01265587689770094
890,gain_bal_vs_twin,0.009811966737504585
891,gain_bal_vs_twin,0.0071835800186027254
892,gain_bal_vs_twin,0.012903937979794045
893,gain_bal_vs_twin,0.013311461315792044
894,gain_bal_vs_twin,0.013440461643874276
895,gain_bal_vs_twin,0.015615974646926517
896,gain_bal_vs_twin,0.009722105224156952
897,gain_bal_vs_twin,0.012656268279582408
898,gain_bal_vs_twin,0.015555133660941236
899,gain_bal_vs_twin,0.011350199552916955
900,gain_bal_vs_twin,0.014683715347513782
901,gain_bal_vs_twin,0.01448281240141586
902,gain_bal_vs_twin,0.01227591363209508
903,gain_bal_vs_twin,0.012683389921558378
904,gain_bal_vs_twin,0.011341796620821002
905,gain_bal_vs_twin,0.008956914812296296
906,gain_bal_vs_twin,0.013741844675421942
907,gain_bal_vs_twin,0.00948608741608555
908,gain_bal_vs_twin,0.011497438711260357
909,gain_bal_vs_twin,0.011170562578448293
910,gain_bal_vs_twin,0.010096622032131337
911,gain_bal_vs_twin,0.011149586191903574
912,gain_bal_vs_twin,0.012300199023424772
913,gain_bal_vs_twin,0.012497878301559049
914,gain_bal_vs_twin,0.012265071564666647
915,gain_bal_vs_twin,0.012682848685018224
916,gain_bal_vs_twin,0.014088479183674039
917,gain_bal_vs_twin,0.012901359570158871
918,gain_bal_vs_twin,0.00797372606030113
919,gain_bal_vs_twin,0.011210100565606496
920,gain_bal_vs_twin,0.011667239387710535
921,gain_bal_vs_twin,0.011383915581812894
922,gain_bal_vs_twin,0.011599551474658357
923,gain_bal_vs_twin,0.01108261266113182
924,gain_bal_vs_twin,0.011678345313760972
925,gain_bal_vs_twin,0.011641297406534162
926,gain_bal_vs_twin,0.00680740419358158
927,gain_bal_vs_twin,0.012575731943188864
928,gain_bal_vs_twin,0.010539996081520184
929,gain_bal_vs_twin,0.01427402504402502
930,gain_bal_vs_twin,0.013392641239980305
931,gain_bal_vs_twin,0.013007869780149759
932,gain_bal_vs_twin,0.012280694161688591
933,gain_bal_vs_twin,0.008272233803845246
934,gain_bal_vs_twin,0.01206005114066111
935,gain_bal_vs_twin,0.012991826244497203
936,gain_bal_vs_twin,0.011823863432815634
937,gain_bal_vs_twin,0.013829215876693533
938,gain_bal_vs_twin,0.011007415417695305
939,gain_bal_vs_twin,0.015279829577030632
940,gain_bal_vs_twin,0.009946445356492858
941,gain_bal_vs_twin,0.015120228955832227
942,gain_bal_vs_twin,0.012680674915886387
943,gain_bal_vs_twin,0.011887013595433414
944,gain_bal_vs_twin,0.010623201882671554
945,gain_bal_vs_twin,0.013317483335030026
946,gain_bal_vs_twin,0.01416826582205936
947,gain_bal_vs_twin,0.011761579656286143
948,gain_bal_vs_twin,0.01559501085275432
949,gain_bal_vs_twin,0.01163197469099315
950,gain_bal_vs_twin,0.012759557135631849
951,gain_bal_vs_twin,0.009234830575982378
952,gain_bal_vs_twin,0.0136067788437724
953,gain_bal_vs_twin,0.006934737443213662
954,gain_bal_vs_twin,0.015607293861493473
955,gain_bal_vs_twin,0.013928591917345945
956,gain_bal_vs_twin,0.010740178556909135
957,gain_bal_vs_twin,0.011966227643608789
958,gain_bal_vs_twin,0.015141520034645365
959,gain_bal_vs_twin,0.013324365054591936
960,gain_bal_vs_twin,0.014715930191624562
961,gain_bal_vs_twin,0.013266612132831682
962,gain_bal_vs_twin,0.012549161131306932
963,gain_bal_vs_twin,0.012531319153848142
964,gain_bal_vs_twin,0.010683401818152005
965,gain_bal_vs_twin,0.010609964023978758
966,gain_bal_vs_twin,0.015363146874878919
967,gain_bal_vs_twin,0.011236131768969279
968,gain_bal_vs_twin,0.012611602108128941
969,gain_bal_vs_twin,0.010814628550156464
970,gain_bal_vs_twin,0.010182925155500708
971,gain_bal_vs_twin,0.012566901733603792
972,gain_bal_vs_twin,0.012034336406668424
973,gain_bal_vs_twin,0.009535129691306252
974,gain_bal_vs_twin,0.013898378734346559
975,gain_bal_vs_twin,0.01093907233079979
976,gain_bal_vs_twin,0.015520872829730057
977,gain_bal_vs_twin,0.01576024834345795
978,gain_bal_vs_twin,0.011802235648568611
979,gain_bal_vs_twin,0.011790445603504745
980,gain_bal_vs_twin,0.012578447323007705
981,gain_bal_vs_twin,0.013410222765188452
982,gain_bal_vs_twin,0.012957972513120147
983,gain_bal_vs_twin,0.009804723862236946
984,gain_bal_vs_twin,0.011728780680485449
985,gain_bal_vs_twin,0.01149596939144729
986,gain_bal_vs_twin,0.01216825174247538
987,gain_bal_vs_twin,0.011237238737248233
988,gain_bal_vs_twin,0.011671242556989958
989,gain_bal_vs_twin,0.014325500200293495
990,gain_bal_vs_twin,0.013067384781944108
991,gain_bal_vs_twin,0.011083069207591167
992,gain_bal_vs_twin,0.015584974785915943
993,gain_bal_vs_twin,0.014029683867763895
994,gain_bal_vs_twin,0.010563161924119126
995,gain_bal_vs_twin,0.015899977351579452
996,gain_bal_vs_twin,0.01201051305669461
997,gain_bal_vs_twin,0.015507262336937274
998,gain_bal_vs_twin,0.011863385698136334
999,gain_bal_vs_twin,0.012195736299957663
1000,gain_bal_vs_twin,0.016078679583826163
1001,gain_bal_vs_twin,0.012685973724812989
1002,gain_bal_vs_twin,0.013684110730229817
1003,gain_bal_vs_twin,0.01267023475633794
1004,gain_bal_vs_twin,0.013574318211552801
1005,gain_bal_vs_twin,0.014139229656228297
1006,gain_bal_vs_twin,0.012795827194399917
1007,gain_bal_vs_twin,0.013711904840120312
1008,gain_bal_vs_twin,0.010235666276662229
1009,gain_bal_vs_twin,0.013141676170210477
1010,gain_bal_vs_twin,0.015271654043714392
1011,gain_bal_vs_twin,0.011366909694242174
1012,gain_bal_vs_twin,0.011639833993545439
1013,gain_bal_vs_twin,0.013461155637320013
1014,gain_bal_vs_twin,0.01156172835891377
1015,gain_bal_vs_twin,0.009606310606571961
1016,gain_bal_vs_twin,0.010810347830020816
1017,gain_bal_vs_twin,0.01319587308094744
1018,gain_bal_vs_twin,0.014156340540153186
1019,gain_bal_vs_twin,0.012183857517320651
1020,gain_bal_vs_twin,0.011895726090932876
1021,gain_bal_vs_twin,0.011695408529540386
1022,gain_bal_vs_twin,0.009702743049611487
1023,gain_bal_vs_twin,0.011750776977434457
1024,gain_bal_vs_twin,0.007142257945540074
1025,gain_bal_vs_twin,0.012185101837146967
1026,gain_bal_vs_twin,0.010846505029138146
1027,gain_bal_vs_twin,0.011335137212696963
1028,gain_bal_vs_twin,0.012777734722290632
1029,gain_bal_vs_twin,0.012419144152806209
1030,gain_bal_vs_twin,0.014757095759614166
1031,gain_bal_vs_twin,0.012191099474058331
1032,gain_bal_vs_twin,0.012160205466026483
1033,gain_bal_vs_twin,0.013079420092910857
1034,gain_bal_vs_twin,0.013792304567399521
1035,gain_bal_vs_twin,0.014404577424613747
1036,gain_bal_vs_twin,0.013295443029260293
1037,gain_bal_vs_twin,0.01454373072567167
1038,gain_bal_vs_twin,0.014006338647779103
1039,gain_bal_vs_twin,0.011608373733176695
1040,gain_bal_vs_twin,0.014479657573952044
1041,gain_bal_vs_twin,0.008331088353494708
1042,gain_bal_vs_twin,0.011340121086247523
1043,gain_bal_vs_twin,0.012949692815348255
1044,gain_bal_vs_twin,0.009618079657807217
1045,gain_bal_vs_twin,0.0134264297984534
1046,gain_bal_vs_twin,0.008242214572028153
1047,gain_bal_vs_twin,0.009803427553984277
1048,gain_bal_vs_twin,0.011082774426618482
1049,gain_bal_vs_twin,0.012867598432506771
1050,gain_bal_vs_twin,0.011030925042607099
1051,gain_bal_vs_twin,0.014854476234297035
1052,gain_bal_vs_twin,0.012081035018207386
1053,gain_bal_vs_twin,0.008434754344781992
1054,gain_bal_vs_twin,0.012234602308760893
1055,gain_bal_vs_twin,0.010157616850966255
1056,gain_bal_vs_twin,0.005708282517599997
1057,gain_bal_vs_twin,0.011324482760536275
1058,gain_bal_vs_twin,0.011269865365460374
1059,gain_bal_vs_twin,0.01075926722847437
1060,gain_bal_vs_twin,0.012781706268675147
1061,gain_bal_vs_twin,0.015222211873108963
1062,gain_bal_vs_twin,0.014817180766514945
1063,gain_bal_vs_twin,0.009280368869033289
1064,gain_bal_vs_twin,0.015669466433654494
1065,gain_bal_vs_twin,0.009086093876785538
1066,gain_bal_vs_twin,0.009591979138089552
1067,gain_bal_vs_twin,0.014885915153223734
1068,gain_bal_vs_twin,0.014849195411508679
1069,gain_bal_vs_twin,0.014681568890122707
1070,gain_bal_vs_twin,0.010442751342588383
1071,gain_bal_vs_twin,0.013657917930251454
1072,gain_bal_vs_twin,0.008671914225542494
1073,gain_bal_vs_twin,0.011605456228353957
1074,gain_bal_vs_twin,0.009552840170692242
1075,gain_bal_vs_twin,0.012275931523543589
1076,gain_bal_vs_twin,0.012560016710378671
1077,gain_bal_vs_twin,0.012055707433447773
1078,gain_bal_vs_twin,0.013121085985082817
1079,gain_bal_vs_twin,0.011098300811334061
1080,gain_bal_vs_twin,0.01308320177131558
1081,gain_bal_vs_twin,0.014793784823261463
1082,gain_bal_vs_twin,0.009291193325530883
1083,gain_bal_vs_twin,0.014277756453355895
1084,gain_bal_vs_twin,0.009539079860154096
1085,gain_bal_vs_twin,0.013326196498088413
1086,gain_bal_vs_twin,0.013165041419407091
1087,gain_bal_vs_twin,0.015095115171787033
1088,gain_bal_vs_twin,0.010447097924350763
1089,gain_bal_vs_twin,0.016333968393145656
1090,gain_bal_vs_twin,0.01016408938241968
1091,gain_bal_vs_twin,0.012225059803131258
1092,gain_bal_vs_twin,0.01411248160919005
1093,gain_bal_vs_twin,0.014319722803862222
1094,gain_bal_vs_twin,0.01322193867488154
1095,gain_bal_vs_twin,0.014223542540046204
1096,gain_bal_vs_twin,0.01199165406378341
1097,gain_bal_vs_twin,0.009746914998364258
1098,gain_bal_vs_twin,0.011024849193934845
1099,gain_bal_vs_twin,0.011811573186262235
1100,gain_bal_vs_twin,0.007923351184589835
1101,gain_bal_vs_twin,0.014978514725317202
1102,gain_bal_vs_twin,0.01558143138860764
1103,gain_bal_vs_twin,0.01509226845863285
1104,gain_bal_vs_twin,0.009779343998110413
1105,gain_bal_vs_twin,0.013076608161644326
1106,gain_bal_vs_twin,0.011370602471586043
1107,gain_bal_vs_twin,0.009747243684286476
1108,gain_bal_vs_twin,0.015798037205705197
1109,gain_bal_vs_twin,0.012759893056479137
1110,gain_bal_vs_twin,0.01221692595782128
1111,gain_bal_vs_twin,0.01177879568807384
1112,gain_bal_vs_twin,0.01591958103183262
1113,gain_bal_vs_twin,0.01240370454381079
1114,gain_bal_vs_twin,0.012352924464611241
1115,gain_bal_vs_twin,0.010953144467681192
1116,gain_bal_vs_twin,0.011192185805478492
1117,gain_bal_vs_twin,0.009701853018105274
1118,gain_bal_vs_twin,0.012611371046380033
1119,gain_bal_vs_twin,0.012977525147050747
1120,gain_bal_vs_twin,0.017087688437615833
1121,gain_bal_vs_twin,0.013455243885628949
1122,gain_bal_vs_twin,0.014639143426473985
1123,gain_bal_vs_twin,0.010549464898093065
1124,gain_bal_vs_twin,0.012167210518669471
1125,gain_bal_vs_twin,0.013714001087574696
1126,gain_bal_vs_twin,0.014936344488466211
1127,gain_bal_vs_twin,0.014706618400604199
1128,gain_bal_vs_twin,0.01173962303485391
1129,gain_bal_vs_twin,0.013076797238871745
1130,gain_bal_vs_twin,0.009333505553176096
1131,gain_bal_vs_twin,0.011416414725849046
1132,gain_bal_vs_twin,0.01589593529102051
1133,gain_bal_vs_twin,0.010285577418373068
1134,gain_bal_vs_twin,0.01001140699976263
1135,gain_bal_vs_twin,0.010394830399155699
1136,gain_bal_vs_twin,0.009799991559500995
1137,gain_bal_vs_twin,0.009525250906904481
1138,gain_bal_vs_twin,0.012910779214627617
1139,gain_bal_vs_twin,0.01600239013368287
1140,gain_bal_vs_twin,0.011671059500334396
1141,gain_bal_vs_twin,0.009415057646710079
1142,gain_bal_vs_twin,0.014700321598422673
1143,gain_bal_vs_twin,0.014284920928603156
1144,gain_bal_vs_twin,0.012668363072616092
1145,gain_bal_vs_twin,0.013859941076243356
1146,gain_bal_vs_twin,0.014268604293075277
1147,gain_bal_vs_twin,0.013104468434476057
1148,gain_bal_vs_twin,0.013473897061300807
1149,gain_bal_vs_twin,0.010661671870168893
1150,gain_bal_vs_twin,0.012983251043159118
1151,gain_bal_vs_twin,0.013064409382034915
1152,gain_bal_vs_twin,0.012262337389012104
1153,gain_bal_vs_twin,0.011077953515376172
1154,gain_bal_vs_twin,0.01236236153688336
1155,gain_bal_vs_twin,0.00997655039354656
1156,gain_bal_vs_twin,0.013220066775483529
1157,gain_bal_vs_twin,0.009985924848911355
1158,gain_bal_vs_twin,0.013485166631137909
1159,gain_bal_vs_twin,0.01217841860235168
1160,gain_bal_vs_twin,0.013543993492388553
1161,gain_bal_vs_twin,0.012321397191027497
1162,gain_bal_vs_twin,0.012473285601800246
1163,gain_bal_vs_twin,0.014239452905474863
1164,gain_bal_vs_twin,0.00917754169912143
1165,gain_bal_vs_twin,0.015963043604636306
1166,gain_bal_vs_twin,0.009970562774716115
1167,gain_bal_vs_twin,0.012937804768001623
1168,gain_bal_vs_twin,0.011374471100540637
1169,gain_bal_vs_twin,0.007677428169235447
1170,gain_bal_vs_twin,0.011602840547835138
1171,gain_bal_vs_twin,0.011075558113840658
1172,gain_bal_vs_twin,0.014721157649894036
1173,gain_bal_vs_twin,0.013066177941048387
1174,gain_bal_vs_twin,0.015311247142124645
1175,gain_bal_vs_twin,0.013805836135163405
1176,gain_bal_vs_twin,0.01130721023559703
1177,gain_bal_vs_twin,0.014349607682548667
1178,gain_bal_vs_twin,0.013060054412202454
1179,gain_bal_vs_twin,0.01074370573191443
1180,gain_bal_vs_twin,0.012467554054359132
1181,gain_bal_vs_twin,0.010232994576025906
1182,gain_bal_vs_twin,0.01348100478779978
1183,gain_bal_vs_twin,0.011884814801333568
1184,gain_bal_vs_twin,0.01028147854842896
1185,gain_bal_vs_twin,0.011149747696958572
1186,gain_bal_vs_twin,0.010364366710452192
1187,gain_bal_vs_twin,0.014738345318756948
1188,gain_bal_vs_twin,0.011266730106646144
1189,gain_bal_vs_twin,0.011386081758551289
1190,gain_bal_vs_twin,0.013452263278087115
1191,gain_bal_vs_twin,0.007344992667065327
1192,gain_bal_vs_twin,0.010710268881854449
1193,gain_bal_vs_twin,0.010396199928734568
1194,gain_bal_vs_twin,0.012949254508172534
1195,gain_bal_vs_twin,0.00886632251069466
1196,gain_bal_vs_twin,0.012392708498628996
1197,gain_bal_vs_twin,0.013960345876226538
1198,gain_bal_vs_twin,0.009923442270064082
1199,gain_bal_vs_twin,0.012791475422536506
1200,gain_bal_vs_twin,0.01209119556657126
1201,gain_bal_vs_twin,0.012079843525387341
1202,gain_bal_vs_twin,0.015322582705544454
1203,gain_bal_vs_twin,0.012782325669014818
1204,gain_bal_vs_twin,0.011699464818312886
1205,gain_bal_vs_twin,0.008895520203025415
1206,gain_bal_vs_twin,0.01128508722046431
1207,gain_bal_vs_twin,0.012840270147261842
1208,gain_bal_vs_twin,0.010491564320452281
1209,gain_bal_vs_twin,0.015614776433660247
1210,gain_bal_vs_twin,0.010626901426159715
1211,gain_bal_vs_twin,0.012398328204683952
1212,gain_bal_vs_twin,0.01389450848336928
1213,gain_bal_vs_twin,0.014449927327534267
1214,gain_bal_vs_twin,0.010849903044297374
1215,gain_bal_vs_twin,0.013739899441003792
1216,gain_bal_vs_twin,0.013332360009744814
1217,gain_bal_vs_twin,0.00716033725910979
1218,gain_bal_vs_twin,0.010606507915062163
1219,gain_bal_vs_twin,0.01517531218476856
1220,gain_bal_vs_twin,0.00930667138049863
1221,gain_bal_vs_twin,0.015392587037836357
1222,gain_bal_vs_twin,0.007642353539065201
1223,gain_bal_vs_twin,0.014014334104717937
1224,gain_bal_vs_twin,0.011990843429928868
1225,gain_bal_vs_twin,0.01300564914030578
1226,gain_bal_vs_twin,0.0072354694483038684
1227,gain_bal_vs_twin,0.015076286839299303
1228,gain_bal_vs_twin,0.012797456989996934
1229,gain_bal_vs_twin,0.012098226129539699
1230,gain_bal_vs_twin,0.008486342170889795
1231,gain_bal_vs_twin,0.01102143570512541
1232,gain_bal_vs_twin,0.012897514925748683
1233,gain_bal_vs_twin,0.013006949280997025
1234,gain_bal_vs_twin,0.009542036132753279
1235,gain_bal_vs_twin,0.012118147569562794
1236,gain_bal_vs_twin,0.011662408587526136
1237,gain_bal_vs_twin,0.013575676503964625
1238,gain_bal_vs_twin,0.013040695569385304
1239,gain_bal_vs_twin,0.012202222141233161
1240,gain_bal_vs_twin,0.014356016572985362
1241,gain_bal_vs_twin,0.011623098585712517
1242,gain_bal_vs_twin,0.011986572941736296
1243,gain_bal_vs_twin,0.014769417301582816
1244,gain_bal_vs_twin,0.011541911815813705
1245,gain_bal_vs_twin,0.01265455717633665
1246,gain_bal_vs_twin,0.012653077979701914
1247,gain_bal_vs_twin,0.012373575016487821
1248,gain_bal_vs_twin,0.00983705769765991
1249,gain_bal_vs_twin,0.012806251378404977
1250,gain_bal_vs_twin,0.01392331459456599
1251,gain_bal_vs_twin,0.010831255604075508
1252,gain_bal_vs_twin,0.011425640584623115
1253,gain_bal_vs_twin,0.013241657636795487
1254,gain_bal_vs_twin,0.012686972401204392
1255,gain_bal_vs_twin,0.009879283245055475
1256,gain_bal_vs_twin,0.014059217499964844
1257,gain_bal_vs_twin,0.014872861106402124
1258,gain_bal_vs_twin,0.009788605279711272
1259,gain_bal_vs_twin,0.01204541759448506
1260,gain_bal_vs_twin,0.012839678838834048
1261,gain_bal_vs_twin,0.0112852139871017
1262,gain_bal_vs_twin,0.014937583262688884
1263,gain_bal_vs_twin,0.01164321037480502
1264,gain_bal_vs_twin,0.012050552518478553
1265,gain_bal_vs_twin,0.010845958610899523
1266,gain_bal_vs_twin,0.012252213432750892
1267,gain_bal_vs_twin,0.009963542681706917
1268,gain_bal_vs_twin,0.014895804203214482
1269,gain_bal_vs_twin,0.011218365290089306
1270,gain_bal_vs_twin,0.012184933256515576
1271,gain_bal_vs_twin,0.010414906700628475
1272,gain_bal_vs_twin,0.013268023823925012
1273,gain_bal_vs_twin,0.01167483756551616
1274,gain_bal_vs_twin,0.012516011982044887
1275,gain_bal_vs_twin,0.012055791685739446
1276,gain_bal_vs_twin,0.01458373512371112
1277,gain_bal_vs_twin,0.009637833793809352
1278,gain_bal_vs_twin,0.009753164854641267
1279,gain_bal_vs_twin,0.012754274404492696
1280,gain_bal_vs_twin,0.011219654687022526
1281,gain_bal_vs_twin,0.011591785328217573
1282,gain_bal_vs_twin,0.012275919381621698
1283,gain_bal_vs_twin,0.0125273478319199
1284,gain_bal_vs_twin,0.009586331255038823
1285,gain_bal_vs_twin,0.013945124523115792
1286,gain_bal_vs_twin,0.013147372093482532
1287,gain_bal_vs_twin,0.012350213680495456
1288,gain_bal_vs_twin,0.011391131260715812
1289,gain_bal_vs_twin,0.01444851432686503
1290,gain_bal_vs_twin,0.014023448070901386
1291,gain_bal_vs_twin,0.014090382664868562
1292,gain_bal_vs_twin,0.013704536812108125
1293,gain_bal_vs_twin,0.012625529692586266
1294,gain_bal_vs_twin,0.013016650688628395
1295,gain_bal_vs_twin,0.01420097314260596
1296,gain_bal_vs_twin,0.011587748822271107
1297,gain_bal_vs_twin,0.012767690754173474
1298,gain_bal_vs_twin,0.015841918993720006
1299,gain_bal_vs_twin,0.013707183008860643
1300,gain_bal_vs_twin,0.011455668313557214
1301,gain_bal_vs_twin,0.012110551496979519
1302,gain_bal_vs_twin,0.011892126078516084
1303,gain_bal_vs_twin,0.011357395288477201
1304,gain_bal_vs_twin,0.013922453969068617
1305,gain_bal_vs_twin,0.015182574298082865
1306,gain_bal_vs_twin,0.011747995966389466
1307,gain_bal_vs_twin,0.013642425645423256
1308,gain_bal_vs_twin,0.011064142563688378
1309,gain_bal_vs_twin,0.015130707063124384
1310,gain_bal_vs_twin,0.010015932623796452
1311,gain_bal_vs_twin,0.012894803548659576
1312,gain_bal_vs_twin,0.012164317780553808
1313,gain_bal_vs_twin,0.014954971464819335
1314,gain_bal_vs_twin,0.01053201388296836
1315,gain_bal_vs_twin,0.01217085686283306
1316,gain_bal_vs_twin,0.01235876080988165
1317,gain_bal_vs_twin,0.012402692317824615
1318,gain_bal_vs_twin,0.013802543775859476
1319,gain_bal_vs_twin,0.011059448964697627
1320,gain_bal_vs_twin,0.014920400222642642
1321,gain_bal_vs_twin,0.009969851501259659
1322,gain_bal_vs_twin,0.011783480031691424
1323,gain_bal_vs_twin,0.012534504842487729
1324,gain_bal_vs_twin,0.010153386880598603
1325,gain_bal_vs_twin,0.01008149084034507
1326,gain_bal_vs_twin,0.00916130499255631
1327,gain_bal_vs_twin,0.008122621680944494
1328,gain_bal_vs_twin,0.014059396422486362
1329,gain_bal_vs_twin,0.012119428141169694
1330,gain_bal_vs_twin,0.00793300394209626
1331,gain_bal_vs_twin,0.013214263657510572
1332,gain_bal_vs_twin,0.013643022686372424
1333,gain_bal_vs_twin,0.011085161316858149
1334,gain_bal_vs_twin,0.01416774566344704
1335,gain_bal_vs_twin,0.013261462703940649
1336,gain_bal_vs_twin,0.010587201408953782
1337,gain_bal_vs_twin,0.014436444411189095
1338,gain_bal_vs_twin,0.015872220360645384
1339,gain_bal_vs_twin,0.012257837150654248
1340,gain_bal_vs_twin,0.011636920860472966
1341,gain_bal_vs_twin,0.013132864278836254
1342,gain_bal_vs_twin,0.009386995388936536
1343,gain_bal_vs_twin,0.008637600123405328
1344,gain_bal_vs_twin,0.008887012089572204
1345,gain_bal_vs_twin,0.012660686082415768
1346,gain_bal_vs_twin,0.011456544755435543
1347,gain_bal_vs_twin,0.01255074431448507
1348,gain_bal_vs_twin,0.012152583944425643
1349,gain_bal_vs_twin,0.013643890227258383
1350,gain_bal_vs_twin,0.011045064281530728
1351,gain_bal_vs_twin,0.008273963994367894
1352,gain_bal_vs_twin,0.013628305060872491
1353,gain_bal_vs_twin,0.012195564430755796
1354,gain_bal_vs_twin,0.012030725711568324
1355,gain_bal_vs_twin,0.015191793110774917
1356,gain_bal_vs_twin,0.0101109034928188
1357,gain_bal_vs_twin,0.009907557993856937
1358,gain_bal_vs_twin,0.014219646465743386
1359,gain_bal_vs_twin,0.009581988287089371
1360,gain_bal_vs_twin,0.012491032132963658
1361,gain_bal_vs_twin,0.00611671727961379
1362,gain_bal_vs_twin,0.011674262038716717
1363,gain_bal_vs_twin,0.016178398474405213
1364,gain_bal_vs_twin,0.016168225913789084
1365,gain_bal_vs_twin,0.01277167847919809
1366,gain_bal_vs_twin,0.011705254432063428
1367,gain_bal_vs_twin,0.012084337746376341
1368,gain_bal_vs_twin,0.013145731562016674
1369,gain_bal_vs_twin,0.013083901648486175
1370,gain_bal_vs_twin,0.011172208256199847
1371,gain_bal_vs_twin,0.011937675110907575
1372,gain_bal_vs_twin,0.013681148681244478
1373,gain_bal_vs_twin,0.01401299981714121
1374,gain_bal_vs_twin,0.012512928092897696
1375,gain_bal_vs_twin,0.011110710116476394
1376,gain_bal_vs_twin,0.011272747154498096
1377,gain_bal_vs_twin,0.007889625880046004
1378,gain_bal_vs_twin,0.009610213814394282
1379,gain_bal_vs_twin,0.01365421183106656
1380,gain_bal_vs_twin,0.010838691755018176
1381,gain_bal_vs_twin,0.014056635294755019
1382,gain_bal_vs_twin,0.011971308116037601
1383,gain_bal_vs_twin,0.01069388130531307
1384,gain_bal_vs_twin,0.010032588476312844
1385,gain_bal_vs_twin,0.010677016910812322
1386,gain_bal_vs_twin,0.00697686595629126
1387,gain_bal_vs_twin,0.01376700605526693
1388,gain_bal_vs_twin,0.013175201948678167
1389,gain_bal_vs_twin,0.01306564387806085
1390,gain_bal_vs_twin,0.014769507219164448
1391,gain_bal_vs_twin,0.012616072682043516
1392,gain_bal_vs_twin,0.012991572997576667
1393,gain_bal_vs_twin,0.014295660623393911
1394,gain_bal_vs_twin,0.014453614439556898
1395,gain_bal_vs_twin,0.011445136050993811
1396,gain_bal_vs_twin,0.014393309699168938
1397,gain_bal_vs_twin,0.011177618034604911
1398,gain_bal_vs_twin,0.014277951427253384
1399,gain_bal_vs_twin,0.014508275703338106
1400,gain_bal_vs_twin,0.009559282197313921
1401,gain_bal_vs_twin,0.014073524038917337
1402,gain_bal_vs_twin,0.012463378518645265
1403,gain_bal_vs_twin,0.012739316423963
1404,gain_bal_vs_twin,0.013677015123549071
1405,gain_bal_vs_twin,0.016268932374415145
1406,gain_bal_vs_twin,0.01157511736380447
1407,gain_bal_vs_twin,0.012151216839451973
1408,gain_bal_vs_twin,0.012029752448891162
1409,gain_bal_vs_twin,0.008987916548275817
1410,gain_bal_vs_twin,0.01320687259156399
1411,gain_bal_vs_twin,0.01221721958788819
1412,gain_bal_vs_twin,0.01414843661773941
1413,gain_bal_vs_twin,0.012072795276888593
1414,gain_bal_vs_twin,0.01093548870539727
1415,gain_bal_vs_twin,0.01427545672642684
1416,gain_bal_vs_twin,0.010960396248422237
1417,gain_bal_vs_twin,0.011758651857348399
1418,gain_bal_vs_twin,0.011276851668571413
1419,gain_bal_vs_twin,0.010409290643819628
1420,gain_bal_vs_twin,0.01490902745499685
1421,gain_bal_vs_twin,0.007174114780471175
1422,gain_bal_vs_twin,0.011481203920600345
1423,gain_bal_vs_twin,0.011220012620147515
1424,gain_bal_vs_twin,0.011692079000032067
1425,gain_bal_vs_twin,0.010224172543344984
1426,gain_bal_vs_twin,0.009163603001849017
1427,gain_bal_vs_twin,0.013309549499437232
1428,gain_bal_vs_twin,0.01435065528134677
1429,gain_bal_vs_twin,0.010250677145272918
1430,gain_bal_vs_twin,0.01113734618239808
1431,gain_bal_vs_twin,0.012769375212257874
1432,gain_bal_vs_twin,0.016923131931164122
1433,gain_bal_vs_twin,0.01396080405561452
1434,gain_bal_vs_twin,0.013696896260155465
1435,gain_bal_vs_twin,0.009759920246804431
1436,gain_bal_vs_twin,0.009174465566809497
1437,gain_bal_vs_twin,0.014068899138104978
1438,gain_bal_vs_twin,0.011655016363202006
1439,gain_bal_vs_twin,0.0077460464594150446
1440,gain_bal_vs_twin,0.013911649979051957
1441,gain_bal_vs_twin,0.01207532221052934
1442,gain_bal_vs_twin,0.010950184646248263
1443,gain_bal_vs_twin,0.011209979375255082
1444,gain_bal_vs_twin,0.0070585136762667785
1445,gain_bal_vs_twin,0.015571405816144255
1446,gain_bal_vs_twin,0.013290256464312837
1447,gain_bal_vs_twin,0.011642013898103928
1448,gain_bal_vs_twin,0.009629315621653709
1449,gain_bal_vs_twin,0.011607018140277977
1450,gain_bal_vs_twin,0.014740676209085214
1451,gain_bal_vs_twin,0.011367546201316681
1452,gain_bal_vs_twin,0.012106862876056373
1453,gain_bal_vs_twin,0.01259876396445715
1454,gain_bal_vs_twin,0.012929733267786476
1455,gain_bal_vs_twin,0.014689969543643915
1456,gain_bal_vs_twin,0.01199520550671626
1457,gain_bal_vs_twin,0.014148183104347069
1458,gain_bal_vs_twin,0.01095257685575353
1459,gain_bal_vs_twin,0.011509129072400787
1460,gain_bal_vs_twin,0.011853684472886355
1461,gain_bal_vs_twin,0.011066616032483182
1462,gain_bal_vs_twin,0.01616866643599315
1463,gain_bal_vs_twin,0.013538023895923625
1464,gain_bal_vs_twin,0.012426828316559153
1465,gain_bal_vs_twin,0.014442140713125698
1466,gain_bal_vs_twin,0.013469687878469758
1467,gain_bal_vs_twin,0.011334491327416065
1468,gain_bal_vs_twin,0.010342339938290535
1469,gain_bal_vs_twin,0.01200875249205772
1470,gain_bal_vs_twin,0.01666971823855762
1471,gain_bal_vs_twin,0.01111200287620997
1472,gain_bal_vs_twin,0.013392616324092535
1473,gain_bal_vs_twin,0.009217724503126495
1474,gain_bal_vs_twin,0.013646475160063726
1475,gain_bal_vs_twin,0.005791145611339944
1476,gain_bal_vs_twin,0.013745525473178605
1477,gain_bal_vs_twin,0.01389300366117687
1478,gain_bal_vs_twin,0.009581340685472731
1479,gain_bal_vs_twin,0.010698009828958648
1480,gain_bal_vs_twin,0.01394540917012164
1481,gain_bal_vs_twin,0.011299239747637151
1482,gain_bal_vs_twin,0.011518882514376478
1483,gain_bal_vs_twin,0.009577873764296157
1484,gain_bal_vs_twin,0.012889168382942896
1485,gain_bal_vs_twin,0.013582807870046223
1486,gain_bal_vs_twin,0.01393488377327652
1487,gain_bal_vs_twin,0.011589854369168127
1488,gain_bal_vs_twin,0.013408494036540323
1489,gain_bal_vs_twin,0.010651401932233821
1490,gain_bal_vs_twin,0.014199275311019582
1491,gain_bal_vs_twin,0.010787250612245542
1492,gain_bal_vs_twin,0.009926816172450639
1493,gain_bal_vs_twin,0.013130066595730383
1494,gain_bal_vs_twin,0.012559260737826169
1495,gain_bal_vs_twin,0.01217835204377298
1496,gain_bal_vs_twin,0.010295990602153558
1497,gain_bal_vs_twin,0.012970345509600967
1498,gain_bal_vs_twin,0.01202009344565846
1499,gain_bal_vs_twin,0.010561315365189259
1500,gain_bal_vs_twin,0.013726836978134765
1501,gain_bal_vs_twin,0.011250845384311219
1502,gain_bal_vs_twin,0.01552500592467195
1503,gain_bal_vs_twin,0.010264904457518863
1504,gain_bal_vs_twin,0.0105017501258456
1505,gain_bal_vs_twin,0.012865933344706499
1506,gain_bal_vs_twin,0.011467613835796694
1507,gain_bal_vs_twin,0.011327263606262147
1508,gain_bal_vs_twin,0.014049006764376735
1509,gain_bal_vs_twin,0.012061555782028876
1510,gain_bal_vs_twin,0.01123396999972973
1511,gain_bal_vs_twin,0.011749671566167427
1512,gain_bal_vs_twin,0.012624281491734201
1513,gain_bal_vs_twin,0.011622015459293897
1514,gain_bal_vs_twin,0.011658132480629602
1515,gain_bal_vs_twin,0.013775784746731894
1516,gain_bal_vs_twin,0.012488393043400211
1517,gain_bal_vs_twin,0.011365504736536695
1518,gain_bal_vs_twin,0.012687321692308656
1519,gain_bal_vs_twin,0.015643939220905463
1520,gain_bal_vs_twin,0.011102490885257289
1521,gain_bal_vs_twin,0.011214689024489286
1522,gain_bal_vs_twin,0.014976148667000044
1523,gain_bal_vs_twin,0.012869225688536875
1524,gain_bal_vs_twin,0.013570656273662381
1525,gain_bal_vs_twin,0.011949529144432732
1526,gain_bal_vs_twin,0.010816798567289896
1527,gain_bal_vs_twin,0.013935202400394083
1528,gain_bal_vs_twin,0.011317962726457334
1529,gain_bal_vs_twin,0.009183665366641643
1530,gain_bal_vs_twin,0.014966182010654482
1531,gain_bal_vs_twin,0.011570207513953506
1532,gain_bal_vs_twin,0.012925904770076971
1533,gain_bal_vs_twin,0.015039432727019766
1534,gain_bal_vs_twin,0.014953832216656046
1535,gain_bal_vs_twin,0.012014687168746497
1536,gain_bal_vs_twin,0.008685511982775191
1537,gain_bal_vs_twin,0.014100465273709157
1538,gain_bal_vs_twin,0.00930473071131408
1539,gain_bal_vs_twin,0.013280668329400972
1540,gain_bal_vs_twin,0.00993745446029803
1541,gain_bal_vs_twin,0.01091365883068765
1542,gain_bal_vs_twin,0.01335582434147401
1543,gain_bal_vs_twin,0.013380083442126283
1544,gain_bal_vs_twin,0.015188944477503121
1545,gain_bal_vs_twin,0.01008026790384582
1546,gain_bal_vs_twin,0.011147187108643148
1547,gain_bal_vs_twin,0.013794349930236247
1548,gain_bal_vs_twin,0.012281127091499216
1549,gain_bal_vs_twin,0.012243525753534453
1550,gain_bal_vs_twin,0.011004495954350716
1551,gain_bal_vs_twin,0.009074560215214855
1552,gain_bal_vs_twin,0.01186466575243674
1553,gain_bal_vs_twin,0.010241602667421268
1554,gain_bal_vs_twin,0.009534924468460442
1555,gain_bal_vs_twin,0.013558045433814808
1556,gain_bal_vs_twin,0.011469282732379321
1557,gain_bal_vs_twin,0.01448367877345542
1558,gain_bal_vs_twin,0.01246343958397295
1559,gain_bal_vs_twin,0.011922498923177283
1560,gain_bal_vs_twin,0.013338861774895202
1561,gain_bal_vs_twin,0.009246206790665188
1562,gain_bal_vs_twin,0.014503637284012006
1563,gain_bal_vs_twin,0.014235963514045111
1564,gain_bal_vs_twin,0.014503358597667767
1565,gain_bal_vs_twin,0.010915398039833768
1566,gain_bal_vs_twin,0.014850888377345803
1567,gain_bal_vs_twin,0.011693592861337683
1568,gain_bal_vs_twin,0.010955984760355475
1569,gain_bal_vs_twin,0.012067537705410117
1570,gain_bal_vs_twin,0.014026329899048026
1571,gain_bal_vs_twin,0.010787026293048304
1572,gain_bal_vs_twin,0.009822674445369235
1573,gain_bal_vs_twin,0.01216661246110263
1574,gain_bal_vs_twin,0.01486287997462078
1575,gain_bal_vs_twin,0.016062105115551627
1576,gain_bal_vs_twin,0.01202542941214533
1577,gain_bal_vs_twin,0.00835153454492364
1578,gain_bal_vs_twin,0.014969774168925714
1579,gain_bal_vs_twin,0.012183688724844774
1580,gain_bal_vs_twin,0.010429068327538529
1581,gain_bal_vs_twin,0.011389182854974148
1582,gain_bal_vs_twin,0.012274225912498894
1583,gain_bal_vs_twin,0.010278876677126268
1584,gain_bal_vs_twin,0.011413699612076337
1585,gain_bal_vs_twin,0.009142991964781843
1586,gain_bal_vs_twin,0.013710236815730541
1587,gain_bal_vs_twin,0.013843489148056732
1588,gain_bal_vs_twin,0.00939792424902304
1589,gain_bal_vs_twin,0.00944650798051696
1590,gain_bal_vs_twin,0.01491941339819933
1591,gain_bal_vs_twin,0.011681815339897511
1592,gain_bal_vs_twin,0.014405599671851519
1593,gain_bal_vs_twin,0.011949223759501418
1594,gain_bal_vs_twin,0.01009490411574319
1595,gain_bal_vs_twin,0.00853637646445833
1596,gain_bal_vs_twin,0.010339461319179394
1597,gain_bal_vs_twin,0.013246012058761927
1598,gain_bal_vs_twin,0.012982124581494978
1599,gain_bal_vs_twin,0.014330258247303055
1600,gain_bal_vs_twin,0.01183535625866278
1601,gain_bal_vs_twin,0.006902891679815141
1602,gain_bal_vs_twin,0.012951736500581476
1603,gain_bal_vs_twin,0.014488011012603033
1604,gain_bal_vs_twin,0.013050221192001448
1605,gain_bal_vs_twin,0.012002099580208798
1606,gain_bal_vs_twin,0.014659536776661668
1607,gain_bal_vs_twin,0.015363061588465846
1608,gain_bal_vs_twin,0.013098263311179843
1609,gain_bal_vs_twin,0.012207037285412795
1610,gain_bal_vs_twin,0.009937996894280505
1611,gain_bal_vs_twin,0.009242620974002028
1612,gain_bal_vs_twin,0.011558341251769506
1613,gain_bal_vs_twin,0.01459785287811237
1614,gain_bal_vs_twin,0.009940286843477125
1615,gain_bal_vs_twin,0.011138737958465665
1616,gain_bal_vs_twin,0.012737995626487923
1617,gain_bal_vs_twin,0.011778459899566244
1618,gain_bal_vs_twin,0.014977832379524889
1619,gain_bal_vs_twin,0.013337863098503802
1620,gain_bal_vs_twin,0.013719355815298947
1621,gain_bal_vs_twin,0.008917123049709588
1622,gain_bal_vs_twin,0.013231882112428355
1623,gain_bal_vs_twin,0.006625415671126375
1624,gain_bal_vs_twin,0.009074165547548774
1625,gain_bal_vs_twin,0.009885164949188032
1626,gain_bal_vs_twin,0.01146015351549416
1627,gain_bal_vs_twin,0.01278129907200179
1628,gain_bal_vs_twin,0.016292430900536857
1629,gain_bal_vs_twin,0.013541513952473124
1630,gain_bal_vs_twin,0.012885973675648569
1631,gain_bal_vs_twin,0.011624776086289238
1632,gain_bal_vs_twin,0.01038790502816653
1633,gain_bal_vs_twin,0.011067523642393667
1634,gain_bal_vs_twin,0.010128600308709438
1635,gain_bal_vs_twin,0.011722441971787508
1636,gain_bal_vs_twin,0.012310048179539138
1637,gain_bal_vs_twin,0.011949093707628743
1638,gain_bal_vs_twin,0.014041753342621368
1639,gain_bal_vs_twin,0.009263637998272026
1640,gain_bal_vs_twin,0.009864252218440473
1641,gain_bal_vs_twin,0.013577370991266283
1642,gain_bal_vs_twin,0.011027344912896106
1643,gain_bal_vs_twin,0.012794873057603498
1644,gain_bal_vs_twin,0.011043769678553935
1645,gain_bal_vs_twin,0.012259949142627024
1646,gain_bal_vs_twin,0.007659850833485528
1647,gain_bal_vs_twin,0.012227439213275317
1648,gain_bal_vs_twin,0.010073776195911013
1649,gain_bal_vs_twin,0.006925585299938289
1650,gain_bal_vs_twin,0.00984957386544405
1651,gain_bal_vs_twin,0.012309390347997088
1652,gain_bal_vs_twin,0.014130786753270928
1653,gain_bal_vs_twin,0.012423557389105864
1654,gain_bal_vs_twin,0.013653125631301301
1655,gain_bal_vs_twin,0.012303307386156568
1656,gain_bal_vs_twin,0.013023988362675432
1657,gain_bal_vs_twin,0.013982356147708652
1658,gain_bal_vs_twin,0.013708835604088334
1659,gain_bal_vs_twin,0.013431466643107058
1660,gain_bal_vs_twin,0.009602180722182602
1661,gain_bal_vs_twin,0.007932400658494591
1662,gain_bal_vs_twin,0.013045131099514315
1663,gain_bal_vs_twin,0.013240539648038372
1664,gain_bal_vs_twin,0.010414103052590646
1665,gain_bal_vs_twin,0.013272516839496845
1666,gain_bal_vs_twin,0.010320175050171394
1667,gain_bal_vs_twin,0.012431038204328252
1668,gain_bal_vs_twin,0.012788999923790487
1669,gain_bal_vs_twin,0.010125600642391874
1670,gain_bal_vs_twin,0.008797278208814237
1671,gain_bal_vs_twin,0.012986727348128448
1672,gain_bal_vs_twin,0.013265237490151047
1673,gain_bal_vs_twin,0.01231201784337275
1674,gain_bal_vs_twin,0.012971449725007278
1675,gain_bal_vs_twin,0.014284131647024566
1676,gain_bal_vs_twin,0.011260707684502875
1677,gain_bal_vs_twin,0.013466263311354207
1678,gain_bal_vs_twin,0.010738585414600979
1679,gain_bal_vs_twin,0.008315336274413566
1680,gain_bal_vs_twin,0.011490724781424395
1681,gain_bal_vs_twin,0.011679079628789946
1682,gain_bal_vs_twin,0.009741148971010806
1683,gain_bal_vs_twin,0.012647803034111612
1684,gain_bal_vs_twin,0.0149595212475372
1685,gain_bal_vs_twin,0.01001955365059467
1686,gain_bal_vs_twin,0.012940034680476735
1687,gain_bal_vs_twin,0.010333418807571503
1688,gain_bal_vs_twin,0.014862330092339894
1689,gain_bal_vs_twin,0.014372046660727333
1690,gain_bal_vs_twin,0.011762319281603087
1691,gain_bal_vs_twin,0.014846410444972322
1692,gain_bal_vs_twin,0.010341990966724902
1693,gain_bal_vs_twin,0.012735854579139862
1694,gain_bal_vs_twin,0.011032497159473962
1695,gain_bal_vs_twin,0.012419163193085
1696,gain_bal_vs_twin,0.012130056969257412
1697,gain_bal_vs_twin,0.015264928491547222
1698,gain_bal_vs_twin,0.013390451487909119
1699,gain_bal_vs_twin,0.010546923197757812
1700,gain_bal_vs_twin,0.013186552308390425
1701,gain_bal_vs_twin,0.011623047066700542
1702,gain_bal_vs_twin,0.012280306951729292
1703,gain_bal_vs_twin,0.012485534095182707
1704,gain_bal_vs_twin,0.010405997227232363
1705,gain_bal_vs_twin,0.011426144598463075
1706,gain_bal_vs_twin,0.010831626577012891
1707,gain_bal_vs_twin,0.013080097870612723
1708,gain_bal_vs_twin,0.01353449354781663
1709,gain_bal_vs_twin,0.009359545325301687
1710,gain_bal_vs_twin,0.014184631577069543
1711,gain_bal_vs_twin,0.014142125016433646
1712,gain_bal_vs_twin,0.013205386155430678
1713,gain_bal_vs_twin,0.012914970618143742
1714,gain_bal_vs_twin,0.012608560960889855
1715,gain_bal_vs_twin,0.013555069760067123
1716,gain_bal_vs_twin,0.008196279983481592
1717,gain_bal_vs_twin,0.012231774813645627
1718,gain_bal_vs_twin,0.010399774942546115
1719,gain_bal_vs_twin,0.012241161453085883
1720,gain_bal_vs_twin,0.013692517620304228
1721,gain_bal_vs_twin,0.011308060729134045
1722,gain_bal_vs_twin,0.012075362823048144
1723,gain_bal_vs_twin,0.012205019794774766
1724,gain_bal_vs_twin,0.014658511651058609
1725,gain_bal_vs_twin,0.010795277461837047
1726,gain_bal_vs_twin,0.011065184511915432
1727,gain_bal_vs_twin,0.010860962632252185
1728,gain_bal_vs_twin,0.01141345142141297
1729,gain_bal_vs_twin,0.010725943801614693
1730,gain_bal_vs_twin,0.010899339891993794
1731,gain_bal_vs_twin,0.010754548107177197
1732,gain_bal_vs_twin,0.00862567282927777
1733,gain_bal_vs_twin,0.013178066904947652
1734,gain_bal_vs_twin,0.01240192999689051
1735,gain_bal_vs_twin,0.013327976979683047
1736,gain_bal_vs_twin,0.012216006389568665
1737,gain_bal_vs_twin,0.013182242428633315
1738,gain_bal_vs_twin,0.013009743518550585
1739,gain_bal_vs_twin,0.013761827519404147
1740,gain_bal_vs_twin,0.011685527131068999
1741,gain_bal_vs_twin,0.012577580355177675
1742,gain_bal_vs_twin,0.013543556988060158
1743,gain_bal_vs_twin,0.009693976750503127
1744,gain_bal_vs_twin,0.011594116635496999
1745,gain_bal_vs_twin,0.012896038141345536
1746,gain_bal_vs_twin,0.011738735631534908
1747,gain_bal_vs_twin,0.012112654859075058
1748,gain_bal_vs_twin,0.013782483639018794
1749,gain_bal_vs_twin,0.008797953739875086
1750,gain_bal_vs_twin,0.011711569319496342
1751,gain_bal_vs_twin,0.013528412419887432
1752,gain_bal_vs_twin,0.014834164596738173
1753,gain_bal_vs_twin,0.013036824233288394
1754,gain_bal_vs_twin,0.011451908951506745
1755,gain_bal_vs_twin,0.015559170486456522
1756,gain_bal_vs_twin,0.013944430776464112
1757,gain_bal_vs_twin,0.011544548104529182
1758,gain_bal_vs_twin,0.01189382303212674
1759,gain_bal_vs_twin,0.012645067550898828
1760,gain_bal_vs_twin,0.014322826094055694
1761,gain_bal_vs_twin,0.013994989619285497
1762,gain_bal_vs_twin,0.011844402260733062
1763,gain_bal_vs_twin,0.012552954703696908
1764,gain_bal_vs_twin,0.011306690841048671
1765,gain_bal_vs_twin,0.010811540795653659
1766,gain_bal_vs_twin,0.008990796022170568
1767,gain_bal_vs_twin,0.012964466459513315
1768,gain_bal_vs_twin,0.012624446913248127
1769,gain_bal_vs_twin,0.010979749284259443
1770,gain_bal_vs_twin,0.013696100765386418
1771,gain_bal_vs_twin,0.009243880785419175
1772,gain_bal_vs_twin,0.014954308613304075
1773,gain_bal_vs_twin,0.009697653357244828
1774,gain_bal_vs_twin,0.01351639777257495
1775,gain_bal_vs_twin,0.011376010528363673
1776,gain_bal_vs_twin,0.012971046677324549
1777,gain_bal_vs_twin,0.013679643788923307
1778,gain_bal_vs_twin,0.0113309894890149
1779,gain_bal_vs_twin,0.013576724737861725
1780,gain_bal_vs_twin,0.012722585286370353
1781,gain_bal_vs_twin,0.010920337877541745
1782,gain_bal_vs_twin,0.011949225833141282
1783,gain_bal_vs_twin,0.012506902547928734
1784,gain_bal_vs_twin,0.010759920418679871
1785,gain_bal_vs_twin,0.013240453432740695
1786,gain_bal_vs_twin,0.014015341197874311
1787,gain_bal_vs_twin,0.01202943873243341
1788,gain_bal_vs_twin,0.014704755634748054
1789,gain_bal_vs_twin,0.012240720606903744
1790,gain_bal_vs_twin,0.010282914852218241
1791,gain_bal_vs_twin,0.007737981615011267
1792,gain_bal_vs_twin,0.011382655785319606
1793,gain_bal_vs_twin,0.015442105572108898
1794,gain_bal_vs_twin,0.01536702927868404
1795,gain_bal_vs_twin,0.012537718420256357
1796,gain_bal_vs_twin,0.011879375593906996
1797,gain_bal_vs_twin,0.012694427642537611
1798,gain_bal_vs_twin,0.010397082199223775
1799,gain_bal_vs_twin,0.01077122066549629
1800,gain_bal_vs_twin,0.008718328365348828
1801,gain_bal_vs_twin,0.013896471174434896
1802,gain_bal_vs_twin,0.01100024879069588
1803,gain_bal_vs_twin,0.011311410385165912
1804,gain_bal_vs_twin,0.013809152275885488
1805,gain_bal_vs_twin,0.013060091842305555
1806,gain_bal_vs_twin,0.013477622601355146
1807,gain_bal_vs_twin,0.013547065823409924
1808,gain_bal_vs_twin,0.013836568407893579
1809,gain_bal_vs_twin,0.013415289188709175
1810,gain_bal_vs_twin,0.012612980036936724
1811,gain_bal_vs_twin,0.009567482499087713
1812,gain_bal_vs_twin,0.013497204592733245
1813,gain_bal_vs_twin,0.010267952225388972
1814,gain_bal_vs_twin,0.012607975085932116
1815,gain_bal_vs_twin,0.009336712085898336
1816,gain_bal_vs_twin,0.009556216199904202
1817,gain_bal_vs_twin,0.012997704550448545
1818,gain_bal_vs_twin,0.01388876211470896
1819,gain_bal_vs_twin,0.014203170010818946
1820,gain_bal_vs_twin,0.010658267350440799
1821,gain_bal_vs_twin,0.014560911952557464
1822,gain_bal_vs_twin,0.016119600055584153
1823,gain_bal_vs_twin,0.01085269698942566
1824,gain_bal_vs_twin,0.015242029484899198
1825,gain_bal_vs_twin,0.012685559545333791
1826,gain_bal_vs_twin,0.01309642598057847
1827,gain_bal_vs_twin,0.01567215984029093
1828,gain_bal_vs_twin,0.012540458603873535
1829,gain_bal_vs_twin,0.014339513416759661
1830,gain_bal_vs_twin,0.009868988861372089
1831,gain_bal_vs_twin,0.009492082946714006
1832,gain_bal_vs_twin,0.01588271805977767
1833,gain_bal_vs_twin,0.012211360663300303
1834,gain_bal_vs_twin,0.013931003626885397
1835,gain_bal_vs_twin,0.011540261275297321
1836,gain_bal_vs_twin,0.013558166773511163
1837,gain_bal_vs_twin,0.011858897492551217
1838,gain_bal_vs_twin,0.012643640851289887
1839,gain_bal_vs_twin,0.007906710808740414
1840,gain_bal_vs_twin,0.010811256361339536
1841,gain_bal_vs_twin,0.010583426954381938
1842,gain_bal_vs_twin,0.00849296350988656
1843,gain_bal_vs_twin,0.010981987036014409
1844,gain_bal_vs_twin,0.011308683253925157
1845,gain_bal_vs_twin,0.013067411285313258
1846,gain_bal_vs_twin,0.014210754506720305
1847,gain_bal_vs_twin,0.011001960898420262
1848,gain_bal_vs_twin,0.011101668563984186
1849,gain_bal_vs_twin,0.009366699102335067
1850,gain_bal_vs_twin,0.010980192684029314
1851,gain_bal_vs_twin,0.011039610297532988
1852,gain_bal_vs_twin,0.008680091426089246
1853,gain_bal_vs_twin,0.011140371474305652
1854,gain_bal_vs_twin,0.011947214219668972
1855,gain_bal_vs_twin,0.01405362920337124
1856,gain_bal_vs_twin,0.010017149046657361
1857,gain_bal_vs_twin,0.010103529542492223
1858,gain_bal_vs_twin,0.013329859224000514
1859,gain_bal_vs_twin,0.014452163441028454
1860,gain_bal_vs_twin,0.015655337796896828
1861,gain_bal_vs_twin,0.012948952433363312
1862,gain_bal_vs_twin,0.013671410606241536
1863,gain_bal_vs_twin,0.012138646424868334
1864,gain_bal_vs_twin,0.009880791946159003
1865,gain_bal_vs_twin,0.01429881524958274
1866,gain_bal_vs_twin,0.01342802742116035
1867,gain_bal_vs_twin,0.011123032108669726
1868,gain_bal_vs_twin,0.01224683053641472
1869,gain_bal_vs_twin,0.011593487536491306
1870,gain_bal_vs_twin,0.011816470957538103
1871,gain_bal_vs_twin,0.01186620997068012
1872,gain_bal_vs_twin,0.012853956656374704
1873,gain_bal_vs_twin,0.011691182400149434
1874,gain_bal_vs_twin,0.00917774267532294
1875,gain_bal_vs_twin,0.013446835756522363
1876,gain_bal_vs_twin,0.013234661084267563
1877,gain_bal_vs_twin,0.010961958874931173
1878,gain_bal_vs_twin,0.013537717895085084
1879,gain_bal_vs_twin,0.011292765035835647
1880,gain_bal_vs_twin,0.010923505704227196
1881,gain_bal_vs_twin,0.00843533787358723
1882,gain_bal_vs_twin,0.014010924237685515
1883,gain_bal_vs_twin,0.01194920000981574
1884,gain_bal_vs_twin,0.014905897797881335
1885,gain_bal_vs_twin,0.01175913538819449
1886,gain_bal_vs_twin,0.011530282186026215
1887,gain_bal_vs_twin,0.011108931680477002
1888,gain_bal_vs_twin,0.01218283646591126
1889,gain_bal_vs_twin,0.012523497527102443
1890,gain_bal_vs_twin,0.013126295136345126
1891,gain_bal_vs_twin,0.010097967115961901
1892,gain_bal_vs_twin,0.011473387540596212
1893,gain_bal_vs_twin,0.008983528468753055
1894,gain_bal_vs_twin,0.013893955380174988
1895,gain_bal_vs_twin,0.013359473834304842
1896,gain_bal_vs_twin,0.012065619489505828
1897,gain_bal_vs_twin,0.012123185193594302
1898,gain_bal_vs_twin,0.010186066188768316
1899,gain_bal_vs_twin,0.012410532529897005
1900,gain_bal_vs_twin,0.012495261261954533
1901,gain_bal_vs_twin,0.012905737538791064
1902,gain_bal_vs_twin,0.014483383587988369
1903,gain_bal_vs_twin,0.012087671645706618
1904,gain_bal_vs_twin,0.012785593389915648
1905,gain_bal_vs_twin,0.0141350831163165
1906,gain_bal_vs_twin,0.010734410814327966
1907,gain_bal_vs_twin,0.011399322189664317
1908,gain_bal_vs_twin,0.013684435958576277
1909,gain_bal_vs_twin,0.013965941018441341
1910,gain_bal_vs_twin,0.01271476924584981
1911,gain_bal_vs_twin,0.01031159911582046
1912,gain_bal_vs_twin,0.014978113983299192
1913,gain_bal_vs_twin,0.011397299360668769
1914,gain_bal_vs_twin,0.014496546056635837
1915,gain_bal_vs_twin,0.014705579258475028
1916,gain_bal_vs_twin,0.013973046352262444
1917,gain_bal_vs_twin,0.01029359153880791
1918,gain_bal_vs_twin,0.01336489074413685
1919,gain_bal_vs_twin,0.012918881602785108
1920,gain_bal_vs_twin,0.012908839838177963
1921,gain_bal_vs_twin,0.012576012743737467
1922,gain_bal_vs_twin,0.010862082441058631
1923,gain_bal_vs_twin,0.014511984270421071
1924,gain_bal_vs_twin,0.011253898897423406
1925,gain_bal_vs_twin,0.013420015614279409
1926,gain_bal_vs_twin,0.01294756720841198
1927,gain_bal_vs_twin,0.014553754597831207
1928,gain_bal_vs_twin,0.014407114442050482
1929,gain_bal_vs_twin,0.014055053100097118
1930,gain_bal_vs_twin,0.014470473342992795
1931,gain_bal_vs_twin,0.013489782135683356
1932,gain_bal_vs_twin,0.013204819320751734
1933,gain_bal_vs_twin,0.011904750306251445
1934,gain_bal_vs_twin,0.015282224563038764
1935,gain_bal_vs_twin,0.010665631376658631
1936,gain_bal_vs_twin,0.013769677026115016
1937,gain_bal_vs_twin,0.011588496122731287
1938,gain_bal_vs_twin,0.011136165614160712
1939,gain_bal_vs_twin,0.009200047633395674
1940,gain_bal_vs_twin,0.010197682396600146
1941,gain_bal_vs_twin,0.012409171502135729
1942,gain_bal_vs_twin,0.0120283403760751
1943,gain_bal_vs_twin,0.012366666157442115
1944,gain_bal_vs_twin,0.011229922294341069
1945,gain_bal_vs_twin,0.016455617305014304
1946,gain_bal_vs_twin,0.01307936084074361
1947,gain_bal_vs_twin,0.012848523490932354
1948,gain_bal_vs_twin,0.014640996593281747
1949,gain_bal_vs_twin,0.011017728974863297
1950,gain_bal_vs_twin,0.013350812636884698
1951,gain_bal_vs_twin,0.004673471001824704
1952,gain_bal_vs_twin,0.012344416633148923
1953,gain_bal_vs_twin,0.009983870127494831
1954,gain_bal_vs_twin,0.01159761465544844
1955,gain_bal_vs_twin,0.012230945342282255
1956,gain_bal_vs_twin,0.008176972250366623
1957,gain_bal_vs_twin,0.012905666113620056
1958,gain_bal_vs_twin,0.009913096835520082
1959,gain_bal_vs_twin,0.010740531299432468
1960,gain_bal_vs_twin,0.012247320595052246
1961,gain_bal_vs_twin,0.012206649714397043
1962,gain_bal_vs_twin,0.008768048823315085
1963,gain_bal_vs_twin,0.009039497679968398
1964,gain_bal_vs_twin,0.01330077440896765
1965,gain_bal_vs_twin,0.009788827154531951
1966,gain_bal_vs_twin,0.014474818889177676
1967,gain_bal_vs_twin,0.012506766457145619
1968,gain_bal_vs_twin,0.012289161533484163
1969,gain_bal_vs_twin,0.012025000239104308
1970,gain_bal_vs_twin,0.014485408732126892
1971,gain_bal_vs_twin,0.014915921464978351
1972,gain_bal_vs_twin,0.011169975929226274
1973,gain_bal_vs_twin,0.012051441234087646
1974,gain_bal_vs_twin,0.013812414039420741
1975,gain_bal_vs_twin,0.014075324646903606
1976,gain_bal_vs_twin,0.014870719151673316
1977,gain_bal_vs_twin,0.009393849777829139
1978,gain_bal_vs_twin,0.014203945407993539
1979,gain_bal_vs_twin,0.010941736843537034
1980,gain_bal_vs_twin,0.008297390622058672
1981,gain_bal_vs_twin,0.013958240134173839
1982,gain_bal_vs_twin,0.015633081364238556
1983,gain_bal_vs_twin,0.01305196605958378
1984,gain_bal_vs_twin,0.015517379189083197
1985,gain_bal_vs_twin,0.011138311145078237
1986,gain_bal_vs_twin,0.012063188045625301
1987,gain_bal_vs_twin,0.012125822907989425
1988,gain_bal_vs_twin,0.016316393840705504
1989,gain_bal_vs_twin,0.011679267961649111
1990,gain_bal_vs_twin,0.014924992156309392
1991,gain_bal_vs_twin,0.013320863844640781
1992,gain_bal_vs_twin,0.014149423445167153
1993,gain_bal_vs_twin,0.013139226086228655
1994,gain_bal_vs_twin,0.012742164607010121
1995,gain_bal_vs_twin,0.014897543502929699
1996,gain_bal_vs_twin,0.011132879484070128
1997,gain_bal_vs_twin,0.010996636648813994
1998,gain_bal_vs_twin,0.011047682084307337
1999,gain_bal_vs_twin,0.010908490043538083
2000,gain_bal_vs_twin,0.012706457881592146
2001,gain_bal_vs_twin,0.008511594260906407
2002,gain_bal_vs_twin,0.01022524593305221
2003,gain_bal_vs_twin,0.012631020465126602
2004,gain_bal_vs_twin,0.01613682346684267
2005,gain_bal_vs_twin,0.012920776064594467
2006,gain_bal_vs_twin,0.007451415762357645
2007,gain_bal_vs_twin,0.015437421763736294
2008,gain_bal_vs_twin,0.014289314005341761
2009,gain_bal_vs_twin,0.012996467869780518
2010,gain_bal_vs_twin,0.012625705076812781
2011,gain_bal_vs_twin,0.01128593005419332
2012,gain_bal_vs_twin,0.013251484564175216
2013,gain_bal_vs_twin,0.010450221605982449
2014,gain_bal_vs_twin,0.011587390336970791
2015,gain_bal_vs_twin,0.008069116275344379
2016,gain_bal_vs_twin,0.012440372359306737
2017,gain_bal_vs_twin,0.01451091289999198
2018,gain_bal_vs_twin,0.012569958598864145
2019,gain_bal_vs_twin,0.013819366888795644
2020,gain_bal_vs_twin,0.010516822692486943
2021,gain_bal_vs_twin,0.015699479031636803
2022,gain_bal_vs_twin,0.010923585293706359
2023,gain_bal_vs_twin,0.012186481958372571
2024,gain_bal_vs_twin,0.010195490868333748
2025,gain_bal_vs_twin,0.013493712157619084
2026,gain_bal_vs_twin,0.014854217908410865
2027,gain_bal_vs_twin,0.011024061022563985
2028,gain_bal_vs_twin,0.010848945814759611
2029,gain_bal_vs_twin,0.013544170754145143
2030,gain_bal_vs_twin,0.015010929524887025
2031,gain_bal_vs_twin,0.015871226527500278
2032,gain_bal_vs_twin,0.01280462554406856
2033,gain_bal_vs_twin,0.011606759993731747
2034,gain_bal_vs_twin,0.011025386741410235
2035,gain_bal_vs_twin,0.01496166528716231
2036,gain_bal_vs_twin,0.013169783629515208
2037,gain_bal_vs_twin,0.012690740492923094
2038,gain_bal_vs_twin,0.013260942320872052
2039,gain_bal_vs_twin,0.014304957728532004
2040,gain_bal_vs_twin,0.011231236099430714
2041,gain_bal_vs_twin,0.011381524681382902
2042,gain_bal_vs_twin,0.014168170464883315
2043,gain_bal_vs_twin,0.012468401227391939
2044,gain_bal_vs_twin,0.01336633458702255
2045,gain_bal_vs_twin,0.01245761460850267
2046,gain_bal_vs_twin,0.015305307040774272
2047,gain_bal_vs_twin,0.015352509136847015
2048,gain_bal_vs_twin,0.014257611222846764
2049,gain_bal_vs_twin,0.014581624431845245
2050,gain_bal_vs_twin,0.012209806565521052
2051,gain_bal_vs_twin,0.010751058362274996
2052,gain_bal_vs_twin,0.012423192761565652
2053,gain_bal_vs_twin,0.012384594068091278
2054,gain_bal_vs_twin,0.010127889035252984
2055,gain_bal_vs_twin,0.013532451177313973
2056,gain_bal_vs_twin,0.014862482554663726
2057,gain_bal_vs_twin,0.010492594420350904
2058,gain_bal_vs_twin,0.015255507727796222
2059,gain_bal_vs_twin,0.011767971460956794
2060,gain_bal_vs_twin,0.0114107581768053
2061,gain_bal_vs_twin,0.012588674880271862
2062,gain_bal_vs_twin,0.01109042784438337
2063,gain_bal_vs_twin,0.014876726342320153
2064,gain_bal_vs_twin,0.014535458460043385
2065,gain_bal_vs_twin,0.010481038694226614
2066,gain_bal_vs_twin,0.010086576850456008
2067,gain_bal_vs_twin,0.009118556160747564
2068,gain_bal_vs_twin,0.013094755335181289
2069,gain_bal_vs_twin,0.012787435447739989
2070,gain_bal_vs_twin,0.011323680572941081
2071,gain_bal_vs_twin,0.00950228207702213
2072,gain_bal_vs_twin,0.011197466369772754
2073,gain_bal_vs_twin,0.015049242654811196
2074,gain_bal_vs_twin,0.012073852512705421
2075,gain_bal_vs_twin,0.00923892749382643
2076,gain_bal_vs_twin,0.01380704862904551
2077,gain_bal_vs_twin,0.009031679384951018
2078,gain_bal_vs_twin,0.010607207344167405
2079,gain_bal_vs_twin,0.010327473978705525
2080,gain_bal_vs_twin,0.013020927845152217
2081,gain_bal_vs_twin,0.009513881397884076
2082,gain_bal_vs_twin,0.009697778783755827
2083,gain_bal_vs_twin,0.010426247481392306
2084,gain_bal_vs_twin,0.014485548034474207
2085,gain_bal_vs_twin,0.012557907899299812
2086,gain_bal_vs_twin,0.010909964871406984
2087,gain_bal_vs_twin,0.013236707374930629
2088,gain_bal_vs_twin,0.013513434451240857
2089,gain_bal_vs_twin,0.009854537988154716
2090,gain_bal_vs_twin,0.014064176212543142
2091,gain_bal_vs_twin,0.009222480801321506
2092,gain_bal_vs_twin,0.01079461266482166
2093,gain_bal_vs_twin,0.014807957928127039
2094,gain_bal_vs_twin,0.005359376678085824
2095,gain_bal_vs_twin,0.014327060155323682
2096,gain_bal_vs_twin,0.009053455864744335
2097,gain_bal_vs_twin,0.009430677507881945
2098,gain_bal_vs_twin,0.011774331710902794
2099,gain_bal_vs_twin,0.011426819092991468
2100,gain_bal_vs_twin,0.00986288934202951
2101,gain_bal_vs_twin,0.01110326582422111
2102,gain_bal_vs_twin,0.015657510566942607
2103,gain_bal_vs_twin,0.0105164217430337
2104,gain_bal_vs_twin,0.010204964212331417
2105,gain_bal_vs_twin,0.015208555230782723
2106,gain_bal_vs_twin,0.00720012074516255
2107,gain_bal_vs_twin,0.012688338062380703
2108,gain_bal_vs_twin,0.01283465389553764
2109,gain_bal_vs_twin,0.013970009356162648
2110,gain_bal_vs_twin,0.014247256241987057
2111,gain_bal_vs_twin,0.010403204545076797
2112,gain_bal_vs_twin,0.01334603486322029
2113,gain_bal_vs_twin,0.01363119057805157
2114,gain_bal_vs_twin,0.013019371199884536
2115,gain_bal_vs_twin,0.01376380102114068
2116,gain_bal_vs_twin,0.011406312413002408
2117,gain_bal_vs_twin,0.012704662463542658
2118,gain_bal_vs_twin,0.011808111200179919
2119,gain_bal_vs_twin,0.008614125975416437
2120,gain_bal_vs_twin,0.00934210385008821
2121,gain_bal_vs_twin,0.014344428807202289
2122,gain_bal_vs_twin,0.013164257194343063
2123,gain_bal_vs_twin,0.014414604277958142
2124,gain_bal_vs_twin,0.008253164021821361
2125,gain_bal_vs_twin,0.012485782883059791
2126,gain_bal_vs_twin,0.010850456960239698
2127,gain_bal_vs_twin,0.01255840852909377
2128,gain_bal_vs_twin,0.007859087881083703
2129,gain_bal_vs_twin,0.015483160147193694
2130,gain_bal_vs_twin,0.010462622300176099
2131,gain_bal_vs_twin,0.01220147384743069
2132,gain_bal_vs_twin,0.014818146000076162
2133,gain_bal_vs_twin,0.012997374196803505
2134,gain_bal_vs_twin,0.008558195894533145
2135,gain_bal_vs_twin,0.009582310217870139
2136,gain_bal_vs_twin,0.009547569820680276
2137,gain_bal_vs_twin,0.014307601257974128
2138,gain_bal_vs_twin,0.010795747186825645
2139,gain_bal_vs_twin,0.012584463190851176
2140,gain_bal_vs_twin,0.012008907931782498
2141,gain_bal_vs_twin,0.011499862533227323
2142,gain_bal_vs_twin,0.013156569321786327
2143,gain_bal_vs_twin,0.010580956689756435
2144,gain_bal_vs_twin,0.0115068929589066
2145,gain_bal_vs_twin,0.011253494222613626
2146,gain_bal_vs_twin,0.012247257746794376
2147,gain_bal_vs_twin,0.012018695776752478
2148,gain_bal_vs_twin,0.013890254636258504
2149,gain_bal_vs_twin,0.013319714596798756
2150,gain_bal_vs_twin,0.012937937193990176
2151,gain_bal_vs_twin,0.01307698057174896
2152,gain_bal_vs_twin,0.01305720069468803
2153,gain_bal_vs_twin,0.011781131578599524
2154,gain_bal_vs_twin,0.011940886020284838
2155,gain_bal_vs_twin,0.014983156931163913
2156,gain_bal_vs_twin,0.015042264974025351
2157,gain_bal_vs_twin,0.012481001363959817
2158,gain_bal_vs_twin,0.014248650574564781
2159,gain_bal_vs_twin,0.01338562706532911
2160,gain_bal_vs_twin,0.011803610169448297
2161,gain_bal_vs_twin,0.00883289077552385
2162,gain_bal_vs_twin,0.010413078990174773
2163,gain_bal_vs_twin,0.012029204872242658
2164,gain_bal_vs_twin,0.009899085255795513
2165,gain_bal_vs_twin,0.010835981225719798
2166,gain_bal_vs_twin,0.01437302542042097
2167,gain_bal_vs_twin,0.011004849387887214
2168,gain_bal_vs_twin,0.011818971598295508
2169,gain_bal_vs_twin,0.011142969466145918
2170,gain_bal_vs_twin,0.013480997711722767
2171,gain_bal_vs_twin,0.014232107642051146
2172,gain_bal_vs_twin,0.013325494073796585
2173,gain_bal_vs_twin,0.014733690628448278
2174,gain_bal_vs_twin,0.010187829148100735
2175,gain_bal_vs_twin,0.01039524163399196
2176,gain_bal_vs_twin,0.013260356386824922
2177,gain_bal_vs_twin,0.010691515301747946
2178,gain_bal_vs_twin,0.007376040901191746
2179,gain_bal_vs_twin,0.012813819425138148
2180,gain_bal_vs_twin,0.011766927473953961
2181,gain_bal_vs_twin,0.01403146250301586
2182,gain_bal_vs_twin,0.010219856621128077
2183,gain_bal_vs_twin,0.011093533832835041
2184,gain_bal_vs_twin,0.014013632558401837
2185,gain_bal_vs_twin,0.008566780942697907
2186,gain_bal_vs_twin,0.010737469737316386
2187,gain_bal_vs_twin,0.014308211447959743
2188,gain_bal_vs_twin,0.012045039372501839
2189,gain_bal_vs_twin,0.009414987935108707
2190,gain_bal_vs_twin,0.010675010724313386
2191,gain_bal_vs_twin,0.011629084463617599
2192,gain_bal_vs_twin,0.011061504341561914
2193,gain_bal_vs_twin,0.012751920124142705
2194,gain_bal_vs_twin,0.012076233846904922
2195,gain_bal_vs_twin,0.01176529158765632
2196,gain_bal_vs_twin,0.009207310358800961
2197,gain_bal_vs_twin,0.015272232448879123
2198,gain_bal_vs_twin,0.013495438773465611
2199,gain_bal_vs_twin,0.010102223265792668
2200,gain_bal_vs_twin,0.011988709178551165
2201,gain_bal_vs_twin,0.008508007007075997
2202,gain_bal_vs_twin,0.011164988783537406
2203,gain_bal_vs_twin,0.011943851353570081
2204,gain_bal_vs_twin,0.010836391517805853
2205,gain_bal_vs_twin,0.009544807414440637
2206,gain_bal_vs_twin,0.008253510435359815
2207,gain_bal_vs_twin,0.012078391577383971
2208,gain_bal_vs_twin,0.013015411594836906
2209,gain_bal_vs_twin,0.011363274643582038
2210,gain_bal_vs_twin,0.014510964576771035
2211,gain_bal_vs_twin,0.01576013830040889
2212,gain_bal_vs_twin,0.01287453666248369
2213,gain_bal_vs_twin,0.011725187087681796
2214,gain_bal_vs_twin,0.01224728344248081
2215,gain_bal_vs_twin,0.011506110426498326
2216,gain_bal_vs_twin,0.010627910105113646
2217,gain_bal_vs_twin,0.01133453936395785
2218,gain_bal_vs_twin,0.010264698395224587
2219,gain_bal_vs_twin,0.01375073736257518
2220,gain_bal_vs_twin,0.01060927738501677
2221,gain_bal_vs_twin,0.015140722548907998
2222,gain_bal_vs_twin,0.01437916088231692
2223,gain_bal_vs_twin,0.012628888286960177
2224,gain_bal_vs_twin,0.009093406157146572
2225,gain_bal_vs_twin,0.01197187527184211
2226,gain_bal_vs_twin,0.014395413903909035
2227,gain_bal_vs_twin,0.009088136618614859
2228,gain_bal_vs_twin,0.015650498537046257
2229,gain_bal_vs_twin,0.011786937817809097
2230,gain_bal_vs_twin,0.014293135947234433
2231,gain_bal_vs_twin,0.012761504722784848
2232,gain_bal_vs_twin,0.013124985331967544
2233,gain_bal_vs_twin,0.007255979364941033
2234,gain_bal_vs_twin,0.011898460754403983
2235,gain_bal_vs_twin,0.012436637624739792
2236,gain_bal_vs_twin,0.010555445351292405
2237,gain_bal_vs_twin,0.009931112928077574
2238,gain_bal_vs_twin,0.013848000622487784
2239,gain_bal_vs_twin,0.011165568442453231
2240,gain_bal_vs_twin,0.010929320349936924
2241,gain_bal_vs_twin,0.015072665100932931
2242,gain_bal_vs_twin,0.011132229957502003
2243,gain_bal_vs_twin,0.012594092343134173
2244,gain_bal_vs_twin,0.013889641680840666
2245,gain_bal_vs_twin,0.009726455126587793
2246,gain_bal_vs_twin,0.009596171838638803
2247,gain_bal_vs_twin,0.012714719107598613
2248,gain_bal_vs_twin,0.009643488335163628
2249,gain_bal_vs_twin,0.015127622569267238
2250,gain_bal_vs_twin,0.012762510874729306
2251,gain_bal_vs_twin,0.015151507157504194
2252,gain_bal_vs_twin,0.013095832726149916
2253,gain_bal_vs_twin,0.01451158619412438
2254,gain_bal_vs_twin,0.010254078187143273
2255,gain_bal_vs_twin,0.013828807782129679
2256,gain_bal_vs_twin,0.012162825241999018
2257,gain_bal_vs_twin,0.010873583297481745
2258,gain_bal_vs_twin,0.010538782768249929
2259,gain_bal_vs_twin,0.013775184473732984
2260,gain_bal_vs_twin,0.015701576674301367
2261,gain_bal_vs_twin,0.014204082249384723
2262,gain_bal_vs_twin,0.015324170208187507
2263,gain_bal_vs_twin,0.01369684432786902
2264,gain_bal_vs_twin,0.009124746872581654
2265,gain_bal_vs_twin,0.012334565389286805
2266,gain_bal_vs_twin,0.010286823487013931
2267,gain_bal_vs_twin,0.014788933899267716
2268,gain_bal_vs_twin,0.014407945828394766
2269,gain_bal_vs_twin,0.011166633951722751
2270,gain_bal_vs_twin,0.012387794983155318
2271,gain_bal_vs_twin,0.014572845687194745
2272,gain_bal_vs_twin,0.01585040834145047
2273,gain_bal_vs_twin,0.014953995441929675
2274,gain_bal_vs_twin,0.008445438081679803
2275,gain_bal_vs_twin,0.012452243658427651
2276,gain_bal_vs_twin,0.013617068635709125
2277,gain_bal_vs_twin,0.012758182763932858
2278,gain_bal_vs_twin,0.014789053379408433
2279,gain_bal_vs_twin,0.014009205690208332
2280,gain_bal_vs_twin,0.013698410013736756
2281,gain_bal_vs_twin,0.01001415195235546
2282,gain_bal_vs_twin,0.012818648170080426
2283,gain_bal_vs_twin,0.016859382702782665
2284,gain_bal_vs_twin,0.012587749459747955
2285,gain_bal_vs_twin,0.00974890632771019
2286,gain_bal_vs_twin,0.015331757672709698
2287,gain_bal_vs_twin,0.010335058624452447
2288,gain_bal_vs_twin,0.01376094730362625
2289,gain_bal_vs_twin,0.009393476869930365
2290,gain_bal_vs_twin,0.014591050904549112
2291,gain_bal_vs_twin,0.012418502099963888
2292,gain_bal_vs_twin,0.013524783479734463
2293,gain_bal_vs_twin,0.009962085018244813
2294,gain_bal_vs_twin,0.010856779422592236
2295,gain_bal_vs_twin,0.014070841883010773
2296,gain_bal_vs_twin,0.013670613604661671
2297,gain_bal_vs_twin,0.014060528406908761
2298,gain_bal_vs_twin,0.01067226468348941
2299,gain_bal_vs_twin,0.011713061860960664
2300,gain_bal_vs_twin,0.014338274955409996
2301,gain_bal_vs_twin,0.008747356273866325
2302,gain_bal_vs_twin,0.013429889541636136
2303,gain_bal_vs_twin,0.012086589464176607
2304,gain_bal_vs_twin,0.012151885422758172
2305,gain_bal_vs_twin,0.014650555421864919
2306,gain_bal_vs_twin,0.012711819654342293
2307,gain_bal_vs_twin,0.014319135184156647
2308,gain_bal_vs_twin,0.014499774532255467
2309,gain_bal_vs_twin,0.012925321846632596
2310,gain_bal_vs_twin,0.011535328707113102
2311,gain_bal_vs_twin,0.012436326236960995
2312,gain_bal_vs_twin,0.012386235906068525
2313,gain_bal_vs_twin,0.012513339264387163
2314,gain_bal_vs_twin,0.01200112025216908
2315,gain_bal_vs_twin,0.012215560748523289
2316,gain_bal_vs_twin,0.011830495494209753
2317,gain_bal_vs_twin,0.013221326523389641
2318,gain_bal_vs_twin,0.013224044555740432
2319,gain_bal_vs_twin,0.012488632079610925
2320,gain_bal_vs_twin,0.013595490473562174
2321,gain_bal_vs_twin,0.01393608890889636
2322,gain_bal_vs_twin,0.011929087115517599
2323,gain_bal_vs_twin,0.011798744874427697
2324,gain_bal_vs_twin,0.012025556969567421
2325,gain_bal_vs_twin,0.012933023492844115
2326,gain_bal_vs_twin,0.015645148746966212
2327,gain_bal_vs_twin,0.011904110688302013
2328,gain_bal_vs_twin,0.014153680483715344
2329,gain_bal_vs_twin,0.01419082232138244
2330,gain_bal_vs_twin,0.01337500232965876
2331,gain_bal_vs_twin,0.012064945852747047
2332,gain_bal_vs_twin,0.014653626957081485
2333,gain_bal_vs_twin,0.009581471753963079
2334,gain_bal_vs_twin,0.014312177685511867
2335,gain_bal_vs_twin,0.013973058783727966
2336,gain_bal_vs_twin,0.010994150647445826
2337,gain_bal_vs_twin,0.010888210198721618
2338,gain_bal_vs_twin,0.010556608758139737
2339,gain_bal_vs_twin,0.012702050394819106
2340,gain_bal_vs_twin,0.0089276043943014
2341,gain_bal_vs_twin,0.014536276282995777
2342,gain_bal_vs_twin,0.011486602422900673
2343,gain_bal_vs_twin,0.012440333836499635
2344,gain_bal_vs_twin,0.015788235194213244
2345,gain_bal_vs_twin,0.012804321504736302
2346,gain_bal_vs_twin,0.014163458793505954
2347,gain_bal_vs_twin,0.01392420199788499
2348,gain_bal_vs_twin,0.014521673031788751
2349,gain_bal_vs_twin,0.013942703862994085
2350,gain_bal_vs_twin,0.011756315909285872
2351,gain_bal_vs_twin,0.010059571387569742
2352,gain_bal_vs_twin,0.013414907940245219
2353,gain_bal_vs_twin,0.012147198304623057
2354,gain_bal_vs_twin,0.009587107210620322
2355,gain_bal_vs_twin,0.013143808557050721
2356,gain_bal_vs_twin,0.012661011464674774
2357,gain_bal_vs_twin,0.01205310109416927
2358,gain_bal_vs_twin,0.012332331042517035
2359,gain_bal_vs_twin,0.013421739115278778
2360,gain_bal_vs_twin,0.007720787470972522
2361,gain_bal_vs_twin,0.01404127372419208
2362,gain_bal_vs_twin,0.009974597871331628
2363,gain_bal_vs_twin,0.01291930967195079
2364,gain_bal_vs_twin,0.014850760673595531
2365,gain_bal_vs_twin,0.01172008658421422
2366,gain_bal_vs_twin,0.013657100227328483
2367,gain_bal_vs_twin,0.011271799069766117
2368,gain_bal_vs_twin,0.012691717764233846
2369,gain_bal_vs_twin,0.015274553412553325
2370,gain_bal_vs_twin,0.01192973042784531
2371,gain_bal_vs_twin,0.012127098780753116
2372,gain_bal_vs_twin,0.01199492173609706
2373,gain_bal_vs_twin,0.006047073310894108
2374,gain_bal_vs_twin,0.009299249025069718
2375,gain_bal_vs_twin,0.012664026671269321
2376,gain_bal_vs_twin,0.010790387197640918
2377,gain_bal_vs_twin,0.012784970707357457
2378,gain_bal_vs_twin,0.010061460283068719
2379,gain_bal_vs_twin,0.014422404149003252
2380,gain_bal_vs_twin,0.009027080696142817
2381,gain_bal_vs_twin,0.011989471054232623
2382,gain_bal_vs_twin,0.010719808341235777
2383,gain_bal_vs_twin,0.01289363404301043
2384,gain_bal_vs_twin,0.006985166394541428
2385,gain_bal_vs_twin,0.01567492965274589
2386,gain_bal_vs_twin,0.010865513951972442
2387,gain_bal_vs_twin,0.011551253582167003
2388,gain_bal_vs_twin,0.012530950613632918
2389,gain_bal_vs_twin,0.013213711701557492
2390,gain_bal_vs_twin,0.010760185119525903
2391,gain_bal_vs_twin,0.014602956621904736
2392,gain_bal_vs_twin,0.010775733424903225
2393,gain_bal_vs_twin,0.012651350136848804
2394,gain_bal_vs_twin,0.01274597709054005
2395,gain_bal_vs_twin,0.014048886018278871
2396,gain_bal_vs_twin,0.01262853044402346
2397,gain_bal_vs_twin,0.012774211249536963
2398,gain_bal_vs_twin,0.013424476994845173
2399,gain_bal_vs_twin,0.012586198070861487
2400,gain_bal_vs_twin,0.014474038698367922
2401,gain_bal_vs_twin,0.012304412996817215
2402,gain_bal_vs_twin,0.01288449221245803
2403,gain_bal_vs_twin,0.014888792814757527
2404,gain_bal_vs_twin,0.012298503335771264
2405,gain_bal_vs_twin,0.014362959293529069
2406,gain_bal_vs_twin,0.013376908891350497
2407,gain_bal_vs_twin,0.016581050162076727
2408,gain_bal_vs_twin,0.010806187023820853
2409,gain_bal_vs_twin,0.013021475968135913
2410,gain_bal_vs_twin,0.012394443707063049
2411,gain_bal_vs_twin,0.012646034496671
2412,gain_bal_vs_twin,0.01185794693301293
2413,gain_bal_vs_twin,0.012078803095728162
2414,gain_bal_vs_twin,0.009521994148109201
2415,gain_bal_vs_twin,0.011965493668063416
2416,gain_bal_vs_twin,0.010566342543428777
2417,gain_bal_vs_twin,0.014258754803284198
2418,gain_bal_vs_twin,0.012989123160354455
2419,gain_bal_vs_twin,0.01388897427992534
2420,gain_bal_vs_twin,0.01372331041363885
2421,gain_bal_vs_twin,0.012368113623457615
2422,gain_bal_vs_twin,0.012252861810995521
2423,gain_bal_vs_twin,0.014759255395459593
2424,gain_bal_vs_twin,0.012208779968508027
2425,gain_bal_vs_twin,0.013271543955451898
2426,gain_bal_vs_twin,0.014035041157032345
2427,gain_bal_vs_twin,0.012886504308787744
2428,gain_bal_vs_twin,0.010664034913682027
2429,gain_bal_vs_twin,0.009695919202879289
2430,gain_bal_vs_twin,0.011623058737811115
2431,gain_bal_vs_twin,0.0133641941987269
2432,gain_bal_vs_twin,0.01201640385670037
2433,gain_bal_vs_twin,0.013508718791001515
2434,gain_bal_vs_twin,0.012802353927106583
2435,gain_bal_vs_twin,0.012287271713778513
2436,gain_bal_vs_twin,0.014745060287314251
2437,gain_bal_vs_twin,0.013469209991849763
2438,gain_bal_vs_twin,0.012245383797440933
2439,gain_bal_vs_twin,0.010360511613588638
2440,gain_bal_vs_twin,0.01158032050714829
2441,gain_bal_vs_twin,0.011970319967142286
2442,gain_bal_vs_twin,0.01446714504043404
2443,gain_bal_vs_twin,0.01153116445651542
2444,gain_bal_vs_twin,0.012488223536339422
2445,gain_bal_vs_twin,0.011363373838079342
2446,gain_bal_vs_twin,0.013311127175984358
2447,gain_bal_vs_twin,0.00839305471380485
2448,gain_bal_vs_twin,0.013281801444858818
2449,gain_bal_vs_twin,0.009853561266659455
2450,gain_bal_vs_twin,0.01279309001188238
2451,gain_bal_vs_twin,0.01294120174356749
2452,gain_bal_vs_twin,0.013177793493578938
2453,gain_bal_vs_twin,0.01158973736827494
2454,gain_bal_vs_twin,0.00987217197447863
2455,gain_bal_vs_twin,0.010782847056055807
2456,gain_bal_vs_twin,0.01178731792204861
2457,gain_bal_vs_twin,0.013078134161444727
2458,gain_bal_vs_twin,0.015203667074421416
2459,gain_bal_vs_twin,0.010539891171658891
2460,gain_bal_vs_twin,0.012680426082438892
2461,gain_bal_vs_twin,0.012242132181311677
2462,gain_bal_vs_twin,0.010719429054278097
2463,gain_bal_vs_twin,0.015201836687707653
2464,gain_bal_vs_twin,0.013007142746974953
2465,gain_bal_vs_twin,0.012812682231686167
2466,gain_bal_vs_twin,0.013144422211034453
2467,gain_bal_vs_twin,0.012892876383729768
2468,gain_bal_vs_twin,0.010319789658774574
2469,gain_bal_vs_twin,0.015176875295103245
2470,gain_bal_vs_twin,0.01577050680543812
2471,gain_bal_vs_twin,0.012898340131236414
2472,gain_bal_vs_twin,0.014134655872321834
2473,gain_bal_vs_twin,0.015334165198631051
2474,gain_bal_vs_twin,0.011633076187997674
2475,gain_bal_vs_twin,0.009988872136267507
2476,gain_bal_vs_twin,0.01110130866935292
2477,gain_bal_vs_twin,0.015541893871028488
2478,gain_bal_vs_twin,0.010144170937511132
2479,gain_bal_vs_twin,0.010591445387208477
2480,gain_bal_vs_twin,0.014363390554363056
2481,gain_bal_vs_twin,0.011488020871063766
2482,gain_bal_vs_twin,0.013328163378579925
2483,gain_bal_vs_twin,0.015343291974872534
2484,gain_bal_vs_twin,0.010585990825807757
2485,gain_bal_vs_twin,0.011632073367781532
2486,gain_bal_vs_twin,0.012699975546346085
2487,gain_bal_vs_twin,0.012396904319094404
2488,gain_bal_vs_twin,0.01288811459535752
2489,gain_bal_vs_twin,0.012301817828786634
2490,gain_bal_vs_twin,0.014293718319306575
2491,gain_bal_vs_twin,0.01423847471399446
2492,gain_bal_vs_twin,0.011043910173043752
2493,gain_bal_vs_twin,0.015412286383672301
2494,gain_bal_vs_twin,0.01621876503367587
2495,gain_bal_vs_twin,0.013928328443449486
2496,gain_bal_vs_twin,0.01063819144695935
2497,gain_bal_vs_twin,0.013970928822575212
2498,gain_bal_vs_twin,0.014766194763855137
2499,gain_bal_vs_twin,0.008150843034829654
2500,gain_bal_vs_twin,0.011970105647623788
2501,gain_bal_vs_twin,0.012683445564165651
2502,gain_bal_vs_twin,0.012064030117482335
2503,gain_bal_vs_twin,0.011854559505433723
2504,gain_bal_vs_twin,0.013744603715857331
2505,gain_bal_vs_twin,0.01314470269549417
2506,gain_bal_vs_twin,0.01469576397991001
2507,gain_bal_vs_twin,0.01085272747715819
2508,gain_bal_vs_twin,0.014059521539297107
2509,gain_bal_vs_twin,0.01207064955111273
2510,gain_bal_vs_twin,0.013212485242128567
2511,gain_bal_vs_twin,0.008750342845023445
2512,gain_bal_vs_twin,0.013662767982559137
2513,gain_bal_vs_twin,0.011174273201670254
2514,gain_bal_vs_twin,0.008738755757859156
2515,gain_bal_vs_twin,0.0068091538405889674
2516,gain_bal_vs_twin,0.014246371248881982
2517,gain_bal_vs_twin,0.010788898281787338
2518,gain_bal_vs_twin,0.011730927666203178
2519,gain_bal_vs_twin,0.009725459579062215
2520,gain_bal_vs_twin,0.014768327896331408
2521,gain_bal_vs_twin,0.010105045606292214
2522,gain_bal_vs_twin,0.012276730642498552
2523,gain_bal_vs_twin,0.009819870059848116
2524,gain_bal_vs_twin,0.011731558172914075
2525,gain_bal_vs_twin,0.010883020380292605
2526,gain_bal_vs_twin,0.012041424107883609
2527,gain_bal_vs_twin,0.013276250465841391
2528,gain_bal_vs_twin,0.012383839078304034
2529,gain_bal_vs_twin,0.013670469144311307
2530,gain_bal_vs_twin,0.013838797367172707
2531,gain_bal_vs_twin,0.01313369868377209
2532,gain_bal_vs_twin,0.011558315428443962
2533,gain_bal_vs_twin,0.011019466817325256
2534,gain_bal_vs_twin,0.010308983723257779
2535,gain_bal_vs_twin,0.013096544913515893
2536,gain_bal_vs_twin,0.010745360281126421
2537,gain_bal_vs_twin,0.013807806629467848
2538,gain_bal_vs_twin,0.012708189088732464
2539,gain_bal_vs_twin,0.011679005446337045
2540,gain_bal_vs_twin,0.013845508046468974
2541,gain_bal_vs_twin,0.013756340293793837
2542,gain_bal_vs_twin,0.013300867697386516
2543,gain_bal_vs_twin,0.012198247124489617
2544,gain_bal_vs_twin,0.008433115179031943
2545,gain_bal_vs_twin,0.015124733107800468
2546,gain_bal_vs_twin,0.013912458360046485
2547,gain_bal_vs_twin,0.011106578416744686
2548,gain_bal_vs_twin,0.012988165348482118
2549,gain_bal_vs_twin,0.01492690767170148
2550,gain_bal_vs_twin,0.006917402741984724
2551,gain_bal_vs_twin,0.008381820663454565
2552,gain_bal_vs_twin,0.011086646165978644
2553,gain_bal_vs_twin,0.009219154017069481
2554,gain_bal_vs_twin,0.013206473923185849
2555,gain_bal_vs_twin,0.008235264415807077
2556,gain_bal_vs_twin,0.011277601704868797
2557,gain_bal_vs_twin,0.010196085190876687
2558,gain_bal_vs_twin,0.011402224090180981
2559,gain_bal_vs_twin,0.011731740890086042
2560,gain_bal_vs_twin,0.011400686088586924
2561,gain_bal_vs_twin,0.010613181799303123
2562,gain_bal_vs_twin,0.011157930240923652
2563,gain_bal_vs_twin,0.014783341070606816
2564,gain_bal_vs_twin,0.008852167382330219
2565,gain_bal_vs_twin,0.012324218027670602
2566,gain_bal_vs_twin,0.013069822633796252
2567,gain_bal_vs_twin,0.011543505587153524
2568,gain_bal_vs_twin,0.01260623724495701
2569,gain_bal_vs_twin,0.010720680431189265
2570,gain_bal_vs_twin,0.01378187641905095
2571,gain_bal_vs_twin,0.013359153760405489
2572,gain_bal_vs_twin,0.008135407589462651
2573,gain_bal_vs_twin,0.010724988432524436
2574,gain_bal_vs_twin,0.013576371153587794
2575,gain_bal_vs_twin,0.012299123947599121
2576,gain_bal_vs_twin,0.01119741590737924
2577,gain_bal_vs_twin,0.013725234393589053
2578,gain_bal_vs_twin,0.013550243800515996
2579,gain_bal_vs_twin,0.008415806301128545
2580,gain_bal_vs_twin,0.01216113855897943
2581,gain_bal_vs_twin,0.011789144764684503
2582,gain_bal_vs_twin,0.009438567298166762
2583,gain_bal_vs_twin,0.012865182553456206
2584,gain_bal_vs_twin,0.014351587933588483
2585,gain_bal_vs_twin,0.008801980185619398
2586,gain_bal_vs_twin,0.013367099097326446
2587,gain_bal_vs_twin,0.011506962329366299
2588,gain_bal_vs_twin,0.010321581983275107
2589,gain_bal_vs_twin,0.008633889856986859
2590,gain_bal_vs_twin,0.013921731411387849
2591,gain_bal_vs_twin,0.013715751010803731
2592,gain_bal_vs_twin,0.011325429203330791
2593,gain_bal_vs_twin,0.011190293862623173
2594,gain_bal_vs_twin,0.010659269813352816
2595,gain_bal_vs_twin,0.01286194204363901
2596,gain_bal_vs_twin,0.01207748825204426
2597,gain_bal_vs_twin,0.011123533605213723
2598,gain_bal_vs_twin,0.014107107904775
2599,gain_bal_vs_twin,0.01290380990358075
2600,gain_bal_vs_twin,0.012432354246049012
2601,gain_bal_vs_twin,0.013465196329707952
2602,gain_bal_vs_twin,0.010900080424748505
2603,gain_bal_vs_twin,0.011388606434710772
2604,gain_bal_vs_twin,0.01262556367565235
2605,gain_bal_vs_twin,0.014085693010337205
2606,gain_bal_vs_twin,0.012227538437266993
2607,gain_bal_vs_twin,0.012264807560869475
2608,gain_bal_vs_twin,0.012730439493511351
2609,gain_bal_vs_twin,0.013071669863848275
2610,gain_bal_vs_twin,0.011176600949056077
2611,gain_bal_vs_twin,0.010555277741645193
2612,gain_bal_vs_twin,0.013187868867852432
2613,gain_bal_vs_twin,0.01076877920829072
2614,gain_bal_vs_twin,0.014468298846888253
2615,gain_bal_vs_twin,0.013459701075179744
2616,gain_bal_vs_twin,0.014689445950615622
2617,gain_bal_vs_twin,0.012120342400069718
2618,gain_bal_vs_twin,0.015201540564746896
2619,gain_bal_vs_twin,0.012959108150641179
2620,gain_bal_vs_twin,0.011491827248597819
2621,gain_bal_vs_twin,0.009266178151098476
2622,gain_bal_vs_twin,0.012036156755187367
2623,gain_bal_vs_twin,0.01490489359143701
2624,gain_bal_vs_twin,0.014604250968651129
2625,gain_bal_vs_twin,0.010859748765995771
2626,gain_bal_vs_twin,0.006365611128844294
2627,gain_bal_vs_twin,0.014692666898187703
2628,gain_bal_vs_twin,0.010757119932690946
2629,gain_bal_vs_twin,0.014409488902381366
2630,gain_bal_vs_twin,0.01076430101393809
2631,gain_bal_vs_twin,0.013085612372734852
2632,gain_bal_vs_twin,0.011407058028679282
2633,gain_bal_vs_twin,0.012271296227150409
2634,gain_bal_vs_twin,0.008103165198376477
2635,gain_bal_vs_twin,0.013769685622987072
2636,gain_bal_vs_twin,0.011448300552075994
2637,gain_bal_vs_twin,0.011378642348433545
2638,gain_bal_vs_twin,0.014020233563749674
2639,gain_bal_vs_twin,0.007965647536947328
2640,gain_bal_vs_twin,0.010947885629412414
2641,gain_bal_vs_twin,0.010276503289552274
2642,gain_bal_vs_twin,0.013315821804213828
2643,gain_bal_vs_twin,0.009646476864070252
2644,gain_bal_vs_twin,0.013915450697735473
2645,gain_bal_vs_twin,0.014659674177110033
2646,gain_bal_vs_twin,0.011519650287709194
2647,gain_bal_vs_twin,0.014183349788003325
2648,gain_bal_vs_twin,0.009157126204285085
2649,gain_bal_vs_twin,0.012693728473411171
2650,gain_bal_vs_twin,0.01081158174208151
2651,gain_bal_vs_twin,0.012884548372806556
2652,gain_bal_vs_twin,0.015353144597938698
2653,gain_bal_vs_twin,0.013847603324331673
2654,gain_bal_vs_twin,0.011666363257479507
2655,gain_bal_vs_twin,0.011352168197179211
2656,gain_bal_vs_twin,0.015868013284224325
2657,gain_bal_vs_twin,0.00954585183579017
2658,gain_bal_vs_twin,0.013102304286619158
2659,gain_bal_vs_twin,0.014084862672134445
2660,gain_bal_vs_twin,0.01564368803220336
2661,gain_bal_vs_twin,0.014584514540318122
2662,gain_bal_vs_twin,0.014520250171639468
2663,gain_bal_vs_twin,0.013362200651816914
2664,gain_bal_vs_twin,0.010819923218078512
2665,gain_bal_vs_twin,0.010485218768496849
2666,gain_bal_vs_twin,0.014669645081950396
2667,gain_bal_vs_twin,0.01259008285945529
2668,gain_bal_vs_twin,0.010813595347346926
2669,gain_bal_vs_twin,0.014501914573988693
2670,gain_bal_vs_twin,0.012877813816767164
2671,gain_bal_vs_twin,0.009947520689765742
2672,gain_bal_vs_twin,0.013398319115020449
2673,gain_bal_vs_twin,0.013176569408303057
2674,gain_bal_vs_twin,0.01520911931112164
2675,gain_bal_vs_twin,0.011781300127132936
2676,gain_bal_vs_twin,0.012479114777788613
2677,gain_bal_vs_twin,0.010239719763602677
2678,gain_bal_vs_twin,0.014046865279928433
2679,gain_bal_vs_twin,0.015164493494772077
2680,gain_bal_vs_twin,0.009309830744501155
2681,gain_bal_vs_twin,0.012621525827681234
2682,gain_bal_vs_twin,0.01665081773754919
2683,gain_bal_vs_twin,0.015584633137140643
2684,gain_bal_vs_twin,0.009277629581794023
2685,gain_bal_vs_twin,0.012183536316598353
2686,gain_bal_vs_twin,0.01099552035784934
2687,gain_bal_vs_twin,0.015724139617086266
2688,gain_bal_vs_twin,0.009451488586772869
2689,gain_bal_vs_twin,0.008260592198302224
2690,gain_bal_vs_twin,0.010019578435826574
2691,gain_bal_vs_twin,0.009918502253048498
2692,gain_bal_vs_twin,0.011955073522221263
2693,gain_bal_vs_twin,0.01004976591667803
2694,gain_bal_vs_twin,0.01204719392410464
2695,gain_bal_vs_twin,0.014304397357330986
2696,gain_bal_vs_twin,0.01100542687470823
2697,gain_bal_vs_twin,0.01178167929228967
2698,gain_bal_vs_twin,0.012211172086466342
2699,gain_bal_vs_twin,0.012057606494558601
2700,gain_bal_vs_twin,0.011810334300406605
2701,gain_bal_vs_twin,0.01182873680511761
2702,gain_bal_vs_twin,0.014666364017776722
2703,gain_bal_vs_twin,0.012871836562988778
2704,gain_bal_vs_twin,0.01267264118616757
2705,gain_bal_vs_twin,0.012232285779569672
2706,gain_bal_vs_twin,0.012083860646896585
2707,gain_bal_vs_twin,0.013410510090391934
2708,gain_bal_vs_twin,0.01256239633321446
2709,gain_bal_vs_twin,0.010264133277747509
2710,gain_bal_vs_twin,0.010886558740312238
2711,gain_bal_vs_twin,0.01274162333522505
2712,gain_bal_vs_twin,0.0091766565953076
2713,gain_bal_vs_twin,0.013359437290066653
2714,gain_bal_vs_twin,0.014785474137490663
2715,gain_bal_vs_twin,0.0073139812229683614
2716,gain_bal_vs_twin,0.009969710781659877
2717,gain_bal_vs_twin,0.011897167865061394
2718,gain_bal_vs_twin,0.01173378518822298
2719,gain_bal_vs_twin,0.011590349258487929
2720,gain_bal_vs_twin,0.011794553205969675
2721,gain_bal_vs_twin,0.014077709850992517
2722,gain_bal_vs_twin,0.012060767346394682
2723,gain_bal_vs_twin,0.008030384760808333
2724,gain_bal_vs_twin,0.012278152163387571
2725,gain_bal_vs_twin,0.014014688007636484
2726,gain_bal_vs_twin,0.008655765304464984
2727,gain_bal_vs_twin,0.01166084670860729
2728,gain_bal_vs_twin,0.013676695490816678
2729,gain_bal_vs_twin,0.011495569130672748
2730,gain_bal_vs_twin,0.01249231252674766
2731,gain_bal_vs_twin,0.014201611722024733
2732,gain_bal_vs_twin,0.012167090374833833
2733,gain_bal_vs_twin,0.010295634883257425
2734,gain_bal_vs_twin,0.011616846689680391
2735,gain_bal_vs_twin,0.010841090710687257
2736,gain_bal_vs_twin,0.013361714076150206
2737,gain_bal_vs_twin,0.010680623694319694
2738,gain_bal_vs_twin,0.009854301557060774
2739,gain_bal_vs_twin,0.014748195563133726
2740,gain_bal_vs_twin,0.01319050243723748
2741,gain_bal_vs_twin,0.009928271640471933
2742,gain_bal_vs_twin,0.010025202964978738
2743,gain_bal_vs_twin,0.011151446903048408
2744,gain_bal_vs_twin,0.0067518633326175545
2745,gain_bal_vs_twin,0.009782424292000777
2746,gain_bal_vs_twin,0.013251067341432148
2747,gain_bal_vs_twin,0.011006094019360828
2748,gain_bal_vs_twin,0.007737628614163395
2749,gain_bal_vs_twin,0.012012796909802196
2750,gain_bal_vs_twin,0.015432617271765373
2751,gain_bal_vs_twin,0.01145731905190349
2752,gain_bal_vs_twin,0.014302129929827236
2753,gain_bal_vs_twin,0.010760477959341071
2754,gain_bal_vs_twin,0.012631235933475381
2755,gain_bal_vs_twin,0.01203670665441148
2756,gain_bal_vs_twin,0.009732908468537582
2757,gain_bal_vs_twin,0.015922367078666556
2758,gain_bal_vs_twin,0.012760303464943607
2759,gain_bal_vs_twin,0.015481422870957936
2760,gain_bal_vs_twin,0.00851319839501195
2761,gain_bal_vs_twin,0.015262731684060461
2762,gain_bal_vs_twin,0.015222206881808146
2763,gain_bal_vs_twin,0.013455977507537634
2764,gain_bal_vs_twin,0.011205008514567457
2765,gain_bal_vs_twin,0.010920424441870278
2766,gain_bal_vs_twin,0.012633500406909928
2767,gain_bal_vs_twin,0.00795691943246695
2768,gain_bal_vs_twin,0.014574241656795975
2769,gain_bal_vs_twin,0.011089339332581244
2770,gain_bal_vs_twin,0.008695611871298947
2771,gain_bal_vs_twin,0.011914324183980937
2772,gain_bal_vs_twin,0.014136929448478016
2773,gain_bal_vs_twin,0.012882163107099548
2774,gain_bal_vs_twin,0.012585090356978834
2775,gain_bal_vs_twin,0.010012289819516936
2776,gain_bal_vs_twin,0.01191671993706979
2777,gain_bal_vs_twin,0.012335880326494181
2778,gain_bal_vs_twin,0.011229262211244042
2779,gain_bal_vs_twin,0.013844083193851645
2780,gain_bal_vs_twin,0.011509643530370182
2781,gain_bal_vs_twin,0.00972085088307904
2782,gain_bal_vs_twin,0.010089516519002627
2783,gain_bal_vs_twin,0.011328777503217242
2784,gain_bal_vs_twin,0.009371509547671492
2785,gain_bal_vs_twin,0.01206451478778267
2786,gain_bal_vs_twin,0.015306043495534846
2787,gain_bal_vs_twin,0.011835538778648541
2788,gain_bal_vs_twin,0.009463587809298613
2789,gain_bal_vs_twin,0.011204257556971983
2790,gain_bal_vs_twin,0.010182081961701466
2791,gain_bal_vs_twin,0.009251189981559948
2792,gain_bal_vs_twin,0.012178357920938703
2793,gain_bal_vs_twin,0.012684730299803397
2794,gain_bal_vs_twin,0.015048308832300397
2795,gain_bal_vs_twin,0.011512057812860669
2796,gain_bal_vs_twin,0.009415001843785773
2797,gain_bal_vs_twin,0.014912580909450844
2798,gain_bal_vs_twin,0.011707508517647128
2799,gain_bal_vs_twin,0.012228225575105403
2800,gain_bal_vs_twin,0.01237538751175308
2801,gain_bal_vs_twin,0.012210687386703958
2802,gain_bal_vs_twin,0.01380264738640968
2803,gain_bal_vs_twin,0.01099960583041579
2804,gain_bal_vs_twin,0.013685536033071833
2805,gain_bal_vs_twin,0.014161622042952819
2806,gain_bal_vs_twin,0.012874428078355473
2807,gain_bal_vs_twin,0.013719927875146596
2808,gain_bal_vs_twin,0.013660925987550778
2809,gain_bal_vs_twin,0.012247766874704443
2810,gain_bal_vs_twin,0.014277920210890074
2811,gain_bal_vs_twin,0.012002731075439933
2812,gain_bal_vs_twin,0.010103531709337117
2813,gain_bal_vs_twin,0.011441490238963684
2814,gain_bal_vs_twin,0.01287294906894986
2815,gain_bal_vs_twin,0.013038537486858631
2816,gain_bal_vs_twin,0.012358938273907577
2817,gain_bal_vs_twin,0.014587163898973968
2818,gain_bal_vs_twin,0.013890289621985047
2819,gain_bal_vs_twin,0.008542148347045064
2820,gain_bal_vs_twin,0.011691680763418344
2821,gain_bal_vs_twin,0.007674600611456383
2822,gain_bal_vs_twin,0.01291547888878482
2823,gain_bal_vs_twin,0.012584099960077894
2824,gain_bal_vs_twin,0.01064473009531347
2825,gain_bal_vs_twin,0.008689064962678102
2826,gain_bal_vs_twin,0.011693220209701637
2827,gain_bal_vs_twin,0.010011461931648992
2828,gain_bal_vs_twin,0.010407274848810603
2829,gain_bal_vs_twin,0.011095881149272874
2830,gain_bal_vs_twin,0.011709898694013945
2831,gain_bal_vs_twin,0.015526981677515773
2832,gain_bal_vs_twin,0.011138252163969112
2833,gain_bal_vs_twin,0.009995959578640096
2834,gain_bal_vs_twin,0.012556785938741202
2835,gain_bal_vs_twin,0.009630825694496312
2836,gain_bal_vs_twin,0.013320267711129386
2837,gain_bal_vs_twin,0.013789366739341486
2838,gain_bal_vs_twin,0.010099584043889526
2839,gain_bal_vs_twin,0.009549338976747234
2840,gain_bal_vs_twin,0.011891509504162238
2841,gain_bal_vs_twin,0.015197711027551257
2842,gain_bal_vs_twin,0.012707018252793157
2843,gain_bal_vs_twin,0.014817266236176586
2844,gain_bal_vs_twin,0.012906967272413679
2845,gain_bal_vs_twin,0.013063885226419544
2846,gain_bal_vs_twin,0.013509355328203992
2847,gain_bal_vs_twin,0.01495030186854905
2848,gain_bal_vs_twin,0.012255179606131015
2849,gain_bal_vs_twin,0.010832406654172028
2850,gain_bal_vs_twin,0.016163044755867887
2851,gain_bal_vs_twin,0.01457705588664347
2852,gain_bal_vs_twin,0.013002310409792602
2853,gain_bal_vs_twin,0.009833851026328047
2854,gain_bal_vs_twin,0.013537060900820769
2855,gain_bal_vs_twin,0.00791797016412566
2856,gain_bal_vs_twin,0.010614626333720036
2857,gain_bal_vs_twin,0.008150201633150557
2858,gain_bal_vs_twin,0.012062960887771293
2859,gain_bal_vs_twin,0.014534842946668264
2860,gain_bal_vs_twin,0.010106471738522776
2861,gain_bal_vs_twin,0.012096197231448719
2862,gain_bal_vs_twin,0.013693276402654369
2863,gain_bal_vs_twin,0.011918081566482917
2864,gain_bal_vs_twin,0.014713865090437067
2865,gain_bal_vs_twin,0.014368049417067319
2866,gain_bal_vs_twin,0.009494028476446602
2867,gain_bal_vs_twin,0.013621004095524164
2868,gain_bal_vs_twin,0.011533496556628596
2869,gain_bal_vs_twin,0.011114543407628932
2870,gain_bal_vs_twin,0.013572163188216062
2871,gain_bal_vs_twin,0.013954180110534217
2872,gain_bal_vs_twin,0.014304076767118075
2873,gain_bal_vs_twin,0.014373672570159288
2874,gain_bal_vs_twin,0.014591640480851178
2875,gain_bal_vs_twin,0.013475562167498822
2876,gain_bal_vs_twin,0.015066233970699656
2877,gain_bal_vs_twin,0.012913845437674442
2878,gain_bal_vs_twin,0.012712487524671998
2879,gain_bal_vs_twin,0.01471406617734733
2880,gain_bal_vs_twin,0.011321929066004247
2881,gain_bal_vs_twin,0.016032985994424282
2882,gain_bal_vs_twin,0.014907109498339718
2883,gain_bal_vs_twin,0.01394167423340171
2884,gain_bal_vs_twin,0.010100139878051213
2885,gain_bal_vs_twin,0.01052279868551692
2886,gain_bal_vs_twin,0.013387630138011189
2887,gain_bal_vs_twin,0.012672299519558877
2888,gain_bal_vs_twin,0.010698085955987483
2889,gain_bal_vs_twin,0.008451559133581026
2890,gain_bal_vs_twin,0.014936848390842071
2891,gain_bal_vs_twin,0.013193662318981253
2892,gain_bal_vs_twin,0.010418538834440213
2893,gain_bal_vs_twin,0.014835762661748284
2894,gain_bal_vs_twin,0.009610328587367854
2895,gain_bal_vs_twin,0.01216052592313041
2896,gain_bal_vs_twin,0.008749396157058395
2897,gain_bal_vs_twin,0.014430612251106336
2898,gain_bal_vs_twin,0.010197106382489203
2899,gain_bal_vs_twin,0.008218871374243902
2900,gain_bal_vs_twin,0.012250047597154168
2901,gain_bal_vs_twin,0.008200272761897848
2902,gain_bal_vs_twin,0.009099281124826752
2903,gain_bal_vs_twin,0.009752581525088606
2904,gain_bal_vs_twin,0.01217483100741193
2905,gain_bal_vs_twin,0.012368244729398804
2906,gain_bal_vs_twin,0.0114745470074577
2907,gain_bal_vs_twin,0.01172706436061323
2908,gain_bal_vs_twin,0.0121915170879535
2909,gain_bal_vs_twin,0.015107445744046794
2910,gain_bal_vs_twin,0.010784818422728989
2911,gain_bal_vs_twin,0.015391348444438327
2912,gain_bal_vs_twin,0.011693563734348933
2913,gain_bal_vs_twin,0.01178543014217816
2914,gain_bal_vs_twin,0.011323755820566498
2915,gain_bal_vs_twin,0.013785963317297045
2916,gain_bal_vs_twin,0.01210216056325881
2917,gain_bal_vs_twin,0.010278994507408004
2918,gain_bal_vs_twin,0.012979134395558162
2919,gain_bal_vs_twin,0.011453714189901617
2920,gain_bal_vs_twin,0.012904796389432335
2921,gain_bal_vs_twin,0.009450548172511435
2922,gain_bal_vs_twin,0.013762473451683147
2923,gain_bal_vs_twin,0.0112645286081888
2924,gain_bal_vs_twin,0.013527039423356762
2925,gain_bal_vs_twin,0.01311307294817853
2926,gain_bal_vs_twin,0.014145823934536316
2927,gain_bal_vs_twin,0.01386441861410136
2928,gain_bal_vs_twin,0.01386501329777565
2929,gain_bal_vs_twin,0.014281986711098026
2930,gain_bal_vs_twin,0.012457014947602216
2931,gain_bal_vs_twin,0.01142858871720979
2932,gain_bal_vs_twin,0.01398123907365713
2933,gain_bal_vs_twin,0.016442081005778427
2934,gain_bal_vs_twin,0.013462028535501299
2935,gain_bal_vs_twin,0.014257860190120807
2936,gain_bal_vs_twin,0.01050537749800866
2937,gain_bal_vs_twin,0.010447506744405487
2938,gain_bal_vs_twin,0.011851215385066326
2939,gain_bal_vs_twin,0.012852053597568571
2940,gain_bal_vs_twin,0.011825639727968807
2941,gain_bal_vs_twin,0.014375783346261814
2942,gain_bal_vs_twin,0.014290971420712983
2943,gain_bal_vs_twin,0.01021891877443847
2944,gain_bal_vs_twin,0.011100814138205782
2945,gain_bal_vs_twin,0.01101268492179294
2946,gain_bal_vs_twin,0.009648283763721444
2947,gain_bal_vs_twin,0.01274795396188574
2948,gain_bal_vs_twin,0.011012380136824648
2949,gain_bal_vs_twin,0.011876361338215064
2950,gain_bal_vs_twin,0.011341837255959525
2951,gain_bal_vs_twin,0.012777853182104662
2952,gain_bal_vs_twin,0.016603362216702822
2953,gain_bal_vs_twin,0.012753574397999167
2954,gain_bal_vs_twin,0.007844024428256189
2955,gain_bal_vs_twin,0.01151702105759561
2956,gain_bal_vs_twin,0.010663988303401548
2957,gain_bal_vs_twin,0.014171153312541592
2958,gain_bal_vs_twin,0.007987969022738784
2959,gain_bal_vs_twin,0.014661166235716958
2960,gain_bal_vs_twin,0.013594958463768915
2961,gain_bal_vs_twin,0.012983109718198469
2962,gain_bal_vs_twin,0.013367440246226223
2963,gain_bal_vs_twin,0.011739801554470143
2964,gain_bal_vs_twin,0.01477167414153888
2965,gain_bal_vs_twin,0.011363484706299417
2966,gain_bal_vs_twin,0.014884999386979944
2967,gain_bal_vs_twin,0.013568399692200413
2968,gain_bal_vs_twin,0.012200680138377705
2969,gain_bal_vs_twin,0.012464509382548132
2970,gain_bal_vs_twin,0.015662677158651363
2971,gain_bal_vs_twin,0.013325993314876975
2972,gain_bal_vs_twin,0.01527115300418542
2973,gain_bal_vs_twin,0.011033404098493184
2974,gain_bal_vs_twin,0.01315567796861292
2975,gain_bal_vs_twin,0.012405955506568799
2976,gain_bal_vs_twin,0.01028412928477075
2977,gain_bal_vs_twin,0.009982964739554623
2978,gain_bal_vs_twin,0.010777466020667767
2979,gain_bal_vs_twin,0.012172434822431567
2980,gain_bal_vs_twin,0.013813871824570343
2981,gain_bal_vs_twin,0.008111227596916844
2982,gain_bal_vs_twin,0.01188473008029239
2983,gain_bal_vs_twin,0.009143421704118967
2984,gain_bal_vs_twin,0.010405373508141719
2985,gain_bal_vs_twin,0.01402938658500077
2986,gain_bal_vs_twin,0.014398403325781893
2987,gain_bal_vs_twin,0.01188721142027033
2988,gain_bal_vs_twin,0.014727929852827306
2989,gain_bal_vs_twin,0.009976683828134375
2990,gain_bal_vs_twin,0.012063038456154153
2991,gain_bal_vs_twin,0.013094976249524203
2992,gain_bal_vs_twin,0.012512437353634902
2993,gain_bal_vs_twin,0.01340871450858007
2994,gain_bal_vs_twin,0.011161807113113615
2995,gain_bal_vs_twin,0.01169881963011318
2996,gain_bal_vs_twin,0.012492437201255239
2997,gain_bal_vs_twin,0.010374607734090244
2998,gain_bal_vs_twin,0.011938682544847654
2999,gain_bal_vs_twin,0.01282983949699404
3000,gain_bal_vs_twin,0.013866594329233952
3001,gain_bal_vs_twin,0.012914220725220164
3002,gain_bal_vs_twin,0.014290320468965848
3003,gain_bal_vs_twin,0.014037849613425564
3004,gain_bal_vs_twin,0.013405397230173546
3005,gain_bal_vs_twin,0.01176992508136642
3006,gain_bal_vs_twin,0.013717176625293046
3007,gain_bal_vs_twin,0.007701502307701541
3008,gain_bal_vs_twin,0.011117754283996582
3009,gain_bal_vs_twin,0.012059144935439069
3010,gain_bal_vs_twin,0.013235594043798538
3011,gain_bal_vs_twin,0.009344343737526111
3012,gain_bal_vs_twin,0.012614421549586724
3013,gain_bal_vs_twin,0.012712284719624486
3014,gain_bal_vs_twin,0.011362015816322462
3015,gain_bal_vs_twin,0.013183545339227495
3016,gain_bal_vs_twin,0.008822325522855815
3017,gain_bal_vs_twin,0.012109949080149961
3018,gain_bal_vs_twin,0.014277826310442642
3019,gain_bal_vs_twin,0.008915180856176019
3020,gain_bal_vs_twin,0.012195142886277321
3021,gain_bal_vs_twin,0.010122442833787337
3022,gain_bal_vs_twin,0.013293692814298734
3023,gain_bal_vs_twin,0.013001524529335215
3024,gain_bal_vs_twin,0.012326629366732355
3025,gain_bal_vs_twin,0.015809428456880954
3026,gain_bal_vs_twin,0.011556353744492901
3027,gain_bal_vs_twin,0.013135017728568617
3028,gain_bal_vs_twin,0.012028705614157023
3029,gain_bal_vs_twin,0.012835899592216107
3030,gain_bal_vs_twin,0.010371975511776084
3031,gain_bal_vs_twin,0.012764050400729398
3032,gain_bal_vs_twin,0.011233848168154264
3033,gain_bal_vs_twin,0.012490244263625558
3034,gain_bal_vs_twin,0.014195693383465716
3035,gain_bal_vs_twin,0.011755334962040611
3036,gain_bal_vs_twin,0.012390219824813736
3037,gain_bal_vs_twin,0.012931759579752844
3038,gain_bal_vs_twin,0.014458448311070283
3039,gain_bal_vs_twin,0.013805077812187825
3040,gain_bal_vs_twin,0.009526196388569682
3041,gain_bal_vs_twin,0.014019495219438459
3042,gain_bal_vs_twin,0.013878346383837429
3043,gain_bal_vs_twin,0.014469550642299952
3044,gain_bal_vs_twin,0.010296094542781136
3045,gain_bal_vs_twin,0.010129456484891459
3046,gain_bal_vs_twin,0.010258534571920882
3047,gain_bal_vs_twin,0.01047146931760265
3048,gain_bal_vs_twin,0.015366602672148214
3049,gain_bal_vs_twin,0.011251229502451804
3050,gain_bal_vs_twin,0.012719419866944453
3051,gain_bal_vs_twin,0.014735583658081305
3052,gain_bal_vs_twin,0.011269548107008106
3053,gain_bal_vs_twin,0.013559645066814825
3054,gain_bal_vs_twin,0.01106534652257263
3055,gain_bal_vs_twin,0.008503394099428139
3056,gain_bal_vs_twin,0.010628703541653992
3057,gain_bal_vs_twin,0.009919565962613468
3058,gain_bal_vs_twin,0.010095094715158152
3059,gain_bal_vs_twin,0.013137329019135242
3060,gain_bal_vs_twin,0.011990098421112585
3061,gain_bal_vs_twin,0.013264298353913776
3062,gain_bal_vs_twin,0.010987663792664167
3063,gain_bal_vs_twin,0.012595067402077376
3064,gain_bal_vs_twin,0.008520546216432657
3065,gain_bal_vs_twin,0.011270189840281612
3066,gain_bal_vs_twin,0.014836026495754927
3067,gain_bal_vs_twin,0.008356096563983686
3068,gain_bal_vs_twin,0.014425109243439075
3069,gain_bal_vs_twin,0.012980315952410124
3070,gain_bal_vs_twin,0.010784222289217587
3071,gain_bal_vs_twin,0.012846116299339436
3072,gain_bal_vs_twin,0.011268589508215077
3073,gain_bal_vs_twin,0.010314943766430747
3074,gain_bal_vs_twin,0.010479098025977438
3075,gain_bal_vs_twin,0.012591215410173785
3076,gain_bal_vs_twin,0.015239403553748239
3077,gain_bal_vs_twin,0.013433323286626941
3078,gain_bal_vs_twin,0.014278075888258397
3079,gain_bal_vs_twin,0.013207698296852347
3080,gain_bal_vs_twin,0.013218123689436059
3081,gain_bal_vs_twin,0.009450283440614288
3082,gain_bal_vs_twin,0.011690265385484554
3083,gain_bal_vs_twin,0.009514674688096244
3084,gain_bal_vs_twin,0.014382103172371565
3085,gain_bal_vs_twin,0.011801367294510399
3086,gain_bal_vs_twin,0.010102648487554825
3087,gain_bal_vs_twin,0.009840176130230475
3088,gain_bal_vs_twin,0.014237910096329184
3089,gain_bal_vs_twin,0.015163455802480016
3090,gain_bal_vs_twin,0.012393125607721446
3091,gain_bal_vs_twin,0.012815498487300294
3092,gain_bal_vs_twin,0.014757056109480637
3093,gain_bal_vs_twin,0.010353746164207745
3094,gain_bal_vs_twin,0.01264612980258982
3095,gain_bal_vs_twin,0.012751656730854915
3096,gain_bal_vs_twin,0.01330329688882019
3097,gain_bal_vs_twin,0.014044019215750254
3098,gain_bal_vs_twin,0.011579280547769619
3099,gain_bal_vs_twin,0.009043776524199715
3100,gain_bal_vs_twin,0.014306967304226217
3101,gain_bal_vs_twin,0.009654518042604475
3102,gain_bal_vs_twin,0.008876000803570492
3103,gain_bal_vs_twin,0.012339801142520297
3104,gain_bal_vs_twin,0.010774863679084574
3105,gain_bal_vs_twin,0.011803909031332905
3106,gain_bal_vs_twin,0.011619868730921181
3107,gain_bal_vs_twin,0.013715354444924584
3108,gain_bal_vs_twin,0.008880926618202332
3109,gain_bal_vs_twin,0.010732695569058981
3110,gain_bal_vs_twin,0.01458989985445259
3111,gain_bal_vs_twin,0.01280440779759906
3112,gain_bal_vs_twin,0.01264187486577893
3113,gain_bal_vs_twin,0.011473068035502923
3114,gain_bal_vs_twin,0.014276146582313506
3115,gain_bal_vs_twin,0.015316008327448104
3116,gain_bal_vs_twin,0.008471075488215333
3117,gain_bal_vs_twin,0.01268244554714723
3118,gain_bal_vs_twin,0.01464580761141088
3119,gain_bal_vs_twin,0.012721760834903714
3120,gain_bal_vs_twin,0.014698903906015704
3121,gain_bal_vs_twin,0.014383772245991312
3122,gain_bal_vs_twin,0.014256754162388906
3123,gain_bal_vs_twin,0.015794105219246433
3124,gain_bal_vs_twin,0.014006011955144712
3125,gain_bal_vs_twin,0.015077156366643358
3126,gain_bal_vs_twin,0.01402852710674461
3127,gain_bal_vs_twin,0.012018954858078577
3128,gain_bal_vs_twin,0.01226883624100516
3129,gain_bal_vs_twin,0.011687794926595246
3130,gain_bal_vs_twin,0.012159658774475739
3131,gain_bal_vs_twin,0.010581444693182025
3132,gain_bal_vs_twin,0.01368172370765046
3133,gain_bal_vs_twin,0.009294197011583427
3134,gain_bal_vs_twin,0.012450605331518665
3135,gain_bal_vs_twin,0.013084810227188855
3136,gain_bal_vs_twin,0.0117636525151113
3137,gain_bal_vs_twin,0.011137782438948187
3138,gain_bal_vs_twin,0.014396239571746544
3139,gain_bal_vs_twin,0.013469264565058394
3140,gain_bal_vs_twin,0.015430405164790105
3141,gain_bal_vs_twin,0.013202619550743437
3142,gain_bal_vs_twin,0.01032259151927813
3143,gain_bal_vs_twin,0.011204922068852636
3144,gain_bal_vs_twin,0.01210564820204234
3145,gain_bal_vs_twin,0.012014368360702068
3146,gain_bal_vs_twin,0.011063878494058463
3147,gain_bal_vs_twin,0.01165381913191521
3148,gain_bal_vs_twin,0.014164293754495088
3149,gain_bal_vs_twin,0.01018190274596058
3150,gain_bal_vs_twin,0.010412083634451822
3151,gain_bal_vs_twin,0.015896863431250748
3152,gain_bal_vs_twin,0.011979309430227377
3153,gain_bal_vs_twin,0.013456240277928503
3154,gain_bal_vs_twin,0.013354251599988817
3155,gain_bal_vs_twin,0.014424397304698631
3156,gain_bal_vs_twin,0.011120694924192242
3157,gain_bal_vs_twin,0.008247650782639622
3158,gain_bal_vs_twin,0.010904321028177245
3159,gain_bal_vs_twin,0.01429373967313927
3160,gain_bal_vs_twin,0.011367744740738511
3161,gain_bal_vs_twin,0.013074216949567037
3162,gain_bal_vs_twin,0.011718190179388039
3163,gain_bal_vs_twin,0.011666145517533888
3164,gain_bal_vs_twin,0.014842000610330629
3165,gain_bal_vs_twin,0.013992974814283564
3166,gain_bal_vs_twin,0.015195733426147093
3167,gain_bal_vs_twin,0.009509952785204404
3168,gain_bal_vs_twin,0.009253431535997971
3169,gain_bal_vs_twin,0.00812725293964158
3170,gain_bal_vs_twin,0.013832207693202756
3171,gain_bal_vs_twin,0.012029285819384271
3172,gain_bal_vs_twin,0.015892815225685558
3173,gain_bal_vs_twin,0.01037394809022261
3174,gain_bal_vs_twin,0.015431678983828717
3175,gain_bal_vs_twin,0.008169999203892126
3176,gain_bal_vs_twin,0.013746432985958889
3177,gain_bal_vs_twin,0.010595504844519677
3178,gain_bal_vs_twin,0.013442866828789032
3179,gain_bal_vs_twin,0.014329043342953004
3180,gain_bal_vs_twin,0.013669359353772031
3181,gain_bal_vs_twin,0.01104955614986135
3182,gain_bal_vs_twin,0.011147371075753235
3183,gain_bal_vs_twin,0.008704030116760414
3184,gain_bal_vs_twin,0.014814838479828776
3185,gain_bal_vs_twin,0.010505961025296866
3186,gain_bal_vs_twin,0.012097428260522857
3187,gain_bal_vs_twin,0.011996137061274321
3188,gain_bal_vs_twin,0.015280873034855461
3189,gain_bal_vs_twin,0.007906278126866432
3190,gain_bal_vs_twin,0.012668045189577818
3191,gain_bal_vs_twin,0.013780048570419395
3192,gain_bal_vs_twin,0.013545671892513855
3193,gain_bal_vs_twin,0.011238897077301958
3194,gain_bal_vs_twin,0.011927584395034599
3195,gain_bal_vs_twin,0.013569937902423085
3196,gain_bal_vs_twin,0.010267608276205459
3197,gain_bal_vs_twin,0.013391613436630336
3198,gain_bal_vs_twin,0.012343320354155982
3199,gain_bal_vs_twin,0.013068185522757514
3200,gain_bal_vs_twin,0.013593267067755163
3201,gain_bal_vs_twin,0.010362383009354345
3202,gain_bal_vs_twin,0.014612161600336715
3203,gain_bal_vs_twin,0.01275333294256247
3204,gain_bal_vs_twin,0.01238741124661957
3205,gain_bal_vs_twin,0.015368144647492008
3206,gain_bal_vs_twin,0.0114039423946399
3207,gain_bal_vs_twin,0.013083860348493664
3208,gain_bal_vs_twin,0.015031433203776442
3209,gain_bal_vs_twin,0.014542320460839638
3210,gain_bal_vs_twin,0.012377231968945647
3211,gain_bal_vs_twin,0.013735738261360587
3212,gain_bal_vs_twin,0.010803498181439039
3213,gain_bal_vs_twin,0.016740910569606558
3214,gain_bal_vs_twin,0.01082319699440272
3215,gain_bal_vs_twin,0.011976936097109472
3216,gain_bal_vs_twin,0.010912265730262412
3217,gain_bal_vs_twin,0.010693553240438981
3218,gain_bal_vs_twin,0.01210057565986204
3219,gain_bal_vs_twin,0.012817098295541205
3220,gain_bal_vs_twin,0.014585107908397297
3221,gain_bal_vs_twin,0.01314876662016907
3222,gain_bal_vs_twin,0.007528435996643774
3223,gain_bal_vs_twin,0.009635238927811537
3224,gain_bal_vs_twin,0.01258129204058773
3225,gain_bal_vs_twin,0.008559519772787507
3226,gain_bal_vs_twin,0.008750078144177414
3227,gain_bal_vs_twin,0.010486607989459662
3228,gain_bal_vs_twin,0.013897234467368822
3229,gain_bal_vs_twin,0.013961525697936005
3230,gain_bal_vs_twin,0.014700307595103245
3231,gain_bal_vs_twin,0.010080278101292426
3232,gain_bal_vs_twin,0.01278583536163358
3233,gain_bal_vs_twin,0.01335443204775953
3234,gain_bal_vs_twin,0.013463074172793117
3235,gain_bal_vs_twin,0.013602145440122407
3236,gain_bal_vs_twin,0.00962965510229985
3237,gain_bal_vs_twin,0.011809637094286165
3238,gain_bal_vs_twin,0.013430280668010218
3239,gain_bal_vs_twin,0.01036191093533803
3240,gain_bal_vs_twin,0.012777940720996913
3241,gain_bal_vs_twin,0.014832878274087616
3242,gain_bal_vs_twin,0.010689925947260513
3243,gain_bal_vs_twin,0.014049789917836194
3244,gain_bal_vs_twin,0.01227384885346083
3245,gain_bal_vs_twin,0.012075203245113107
3246,gain_bal_vs_twin,0.012957937255111854
3247,gain_bal_vs_twin,0.011980387764599901
3248,gain_bal_vs_twin,0.012864784075291612
3249,gain_bal_vs_twin,0.011655365926849095
3250,gain_bal_vs_twin,0.009357239201276764
3251,gain_bal_vs_twin,0.011615114665258235
3252,gain_bal_vs_twin,0.009149137946116081
3253,gain_bal_vs_twin,0.012814638669560539
3254,gain_bal_vs_twin,0.011403998543896236
3255,gain_bal_vs_twin,0.015479289896216414
3256,gain_bal_vs_twin,0.009272642538015099
3257,gain_bal_vs_twin,0.012152004106169881
3258,gain_bal_vs_twin,0.013158826907346087
3259,gain_bal_vs_twin,0.01125978063101801
3260,gain_bal_vs_twin,0.007068721512626871
3261,gain_bal_vs_twin,0.014035983364598603
3262,gain_bal_vs_twin,0.006537433127997263
3263,gain_bal_vs_twin,0.013113463313442328
3264,gain_bal_vs_twin,0.01057833773513867
3265,gain_bal_vs_twin,0.014578014769255033
3266,gain_bal_vs_twin,0.011649109238738544
3267,gain_bal_vs_twin,0.013638341174550617
3268,gain_bal_vs_twin,0.009281895930499088
3269,gain_bal_vs_twin,0.0112351569619822
3270,gain_bal_vs_twin,0.01121523093871285
3271,gain_bal_vs_twin,0.011471155213622632
3272,gain_bal_vs_twin,0.013467901669314308
3273,gain_bal_vs_twin,0.012370823500135639
3274,gain_bal_vs_twin,0.010380532499048812
3275,gain_bal_vs_twin,0.008670794366721187
3276,gain_bal_vs_twin,0.015573135713708676
3277,gain_bal_vs_twin,0.013179037813405261
3278,gain_bal_vs_twin,0.011696684442925596
3279,gain_bal_vs_twin,0.013280939393100143
3280,gain_bal_vs_twin,0.015245930942971596
3281,gain_bal_vs_twin,0.010761294709312882
3282,gain_bal_vs_twin,0.008073967164904048
3283,gain_bal_vs_twin,0.01212251171863726
3284,gain_bal_vs_twin,0.010406479570250676
3285,gain_bal_vs_twin,0.015570223939723479
3286,gain_bal_vs_twin,0.01590971384255402
3287,gain_bal_vs_twin,0.011534117883041373
3288,gain_bal_vs_twin,0.012173008631093763
3289,gain_bal_vs_twin,0.01278924002663374
3290,gain_bal_vs_twin,0.012915634442927367
3291,gain_bal_vs_twin,0.012041238655375064
3292,gain_bal_vs_twin,0.012217438361514113
3293,gain_bal_vs_twin,0.009649281499983215
3294,gain_bal_vs_twin,0.012358695778693418
3295,gain_bal_vs_twin,0.010216076018364722
3296,gain_bal_vs_twin,0.01313376733964687
3297,gain_bal_vs_twin,0.012599754319273947
3298,gain_bal_vs_twin,0.013174030713665245
3299,gain_bal_vs_twin,0.010926155062850714
3300,gain_bal_vs_twin,0.009169145207799377
3301,gain_bal_vs_twin,0.01189501245917561
3302,gain_bal_vs_twin,0.012455471068842431
3303,gain_bal_vs_twin,0.012388302096975588
3304,gain_bal_vs_twin,0.011665235579900976
3305,gain_bal_vs_twin,0.012574350405163652
3306,gain_bal_vs_twin,0.012730139806938783
3307,gain_bal_vs_twin,0.014489566708459396
3308,gain_bal_vs_twin,0.00864889533128923
3309,gain_bal_vs_twin,0.01012121602739868
3310,gain_bal_vs_twin,0.010086576543002506
3311,gain_bal_vs_twin,0.00909171495306253
3312,gain_bal_vs_twin,0.012204179355310546
3313,gain_bal_vs_twin,0.013639548874296933
3314,gain_bal_vs_twin,0.0152539729466445
3315,gain_bal_vs_twin,0.0136052239392824
3316,gain_bal_vs_twin,0.01020886660140083
3317,gain_bal_vs_twin,0.01461898001064518
3318,gain_bal_vs_twin,0.007809820881589753
3319,gain_bal_vs_twin,0.014047212774145295
3320,gain_bal_vs_twin,0.012511250843260751
3321,gain_bal_vs_twin,0.014133144986731195
3322,gain_bal_vs_twin,0.013273651946744939
3323,gain_bal_vs_twin,0.010916022151637695
3324,gain_bal_vs_twin,0.009694908370489365
3325,gain_bal_vs_twin,0.013365849027973515
3326,gain_bal_vs_twin,0.011585994270297434
3327,gain_bal_vs_twin,0.013936703262508815
3328,gain_bal_vs_twin,0.009872812370632242
3329,gain_bal_vs_twin,0.012295409701085974
3330,gain_bal_vs_twin,0.01110416431399656
3331,gain_bal_vs_twin,0.013979033351578931
3332,gain_bal_vs_twin,0.013150863587199286
3333,gain_bal_vs_twin,0.014359436231951081
3334,gain_bal_vs_twin,0.014575866317878867
3335,gain_bal_vs_twin,0.011512880548175395
3336,gain_bal_vs_twin,0.012024885794708385
3337,gain_bal_vs_twin,0.013435281892069216
3338,gain_bal_vs_twin,0.009424475169355514
3339,gain_bal_vs_twin,0.011778741794281117
3340,gain_bal_vs_twin,0.012330589564753308
3341,gain_bal_vs_twin,0.012536225703551142
3342,gain_bal_vs_twin,0.013813914743800722
3343,gain_bal_vs_twin,0.011467245295581473
3344,gain_bal_vs_twin,0.014445193969173058
3345,gain_bal_vs_twin,0.011043246510061864
3346,gain_bal_vs_twin,0.010057937852706847
3347,gain_bal_vs_twin,0.011757775217702203
3348,gain_bal_vs_twin,0.00910741804851844
3349,gain_bal_vs_twin,0.012474969013737652
3350,gain_bal_vs_twin,0.012672826578021922
3351,gain_bal_vs_twin,0.014402163357799425
3352,gain_bal_vs_twin,0.012734292857518746
3353,gain_bal_vs_twin,0.012093384584040526
3354,gain_bal_vs_twin,0.01114889152236562
3355,gain_bal_vs_twin,0.010790579963900775
3356,gain_bal_vs_twin,0.01271517261310135
3357,gain_bal_vs_twin,0.012820712252601193
3358,gain_bal_vs_twin,0.011744050222616228
3359,gain_bal_vs_twin,0.01208927733313091
3360,gain_bal_vs_twin,0.013179252989224396
3361,gain_bal_vs_twin,0.011618102296715449
3362,gain_bal_vs_twin,0.008669159878650494
3363,gain_bal_vs_twin,0.011674540131422769
3364,gain_bal_vs_twin,0.006492071024065458
3365,gain_bal_vs_twin,0.012346475207449612
3366,gain_bal_vs_twin,0.015288505094277427
3367,gain_bal_vs_twin,0.013225688048874694
3368,gain_bal_vs_twin,0.012530485303180188
3369,gain_bal_vs_twin,0.010150245067484576
3370,gain_bal_vs_twin,0.014915080101768377
3371,gain_bal_vs_twin,0.01348629116075781
3372,gain_bal_vs_twin,0.011614071633500627
3373,gain_bal_vs_twin,0.011780444699603708
3374,gain_bal_vs_twin,0.010902288804850193
3375,gain_bal_vs_twin,0.014529702939053155
3376,gain_bal_vs_twin,0.01538486714576887
3377,gain_bal_vs_twin,0.013540347893860997
3378,gain_bal_vs_twin,0.012684755226827505
3379,gain_bal_vs_twin,0.012404679633805106
3380,gain_bal_vs_twin,0.013115704398322546
3381,gain_bal_vs_twin,0.01224636126171538
3382,gain_bal_vs_twin,0.012584578782674551
3383,gain_bal_vs_twin,0.01311536883564793
3384,gain_bal_vs_twin,0.01041885213812412
3385,gain_bal_vs_twin,0.016557920957375342
3386,gain_bal_vs_twin,0.008581542045360673
3387,gain_bal_vs_twin,0.012637717781960331
3388,gain_bal_vs_twin,0.013561243020191979
3389,gain_bal_vs_twin,0.01005545515658349
3390,gain_bal_vs_twin,0.013199085640581362
3391,gain_bal_vs_twin,0.014931854837181588
3392,gain_bal_vs_twin,0.009941858955087488
3393,gain_bal_vs_twin,0.011181004822202427
3394,gain_bal_vs_twin,0.0137831320371782
3395,gain_bal_vs_twin,0.0111625541867613
3396,gain_bal_vs_twin,0.012988810460514375
3397,gain_bal_vs_twin,0.01263693422031334
3398,gain_bal_vs_twin,0.01373833872042279
3399,gain_bal_vs_twin,0.013978130018317698
3400,gain_bal_vs_twin,0.014607006020513505
3401,gain_bal_vs_twin,0.01169708471413673
3402,gain_bal_vs_twin,0.013681912541902189
3403,gain_bal_vs_twin,0.014995537095266616
3404,gain_bal_vs_twin,0.011943064229868008
3405,gain_bal_vs_twin,0.015459406475550493
3406,gain_bal_vs_twin,0.013282125078303276
3407,gain_bal_vs_twin,0.01180479086744966
3408,gain_bal_vs_twin,0.013283967282113621
3409,gain_bal_vs_twin,0.00879381691217978
3410,gain_bal_vs_twin,0.011868886490346665
3411,gain_bal_vs_twin,0.011358242302225891
3412,gain_bal_vs_twin,0.013336021737728312
3413,gain_bal_vs_twin,0.014616433649058595
3414,gain_bal_vs_twin,0.015223580507871103
3415,gain_bal_vs_twin,0.01391520949926618
3416,gain_bal_vs_twin,0.012340644992866986
3417,gain_bal_vs_twin,0.012210718052118347
3418,gain_bal_vs_twin,0.009187830512113072
3419,gain_bal_vs_twin,0.011266294681338078
3420,gain_bal_vs_twin,0.00992750718021079
3421,gain_bal_vs_twin,0.01180568775528843
3422,gain_bal_vs_twin,0.01124939771754342
3423,gain_bal_vs_twin,0.013597617971315465
3424,gain_bal_vs_twin,0.008006062452328587
3425,gain_bal_vs_twin,0.012301479415724067
3426,gain_bal_vs_twin,0.0143052417109678
3427,gain_bal_vs_twin,0.013421553118047
3428,gain_bal_vs_twin,0.005849378524613153
3429,gain_bal_vs_twin,0.012173441654109425
3430,gain_bal_vs_twin,0.010267877184907459
3431,gain_bal_vs_twin,0.011664100003454664
3432,gain_bal_vs_twin,0.012416937714168933
3433,gain_bal_vs_twin,0.01190054897624549
3434,gain_bal_vs_twin,0.011663861803068252
3435,gain_bal_vs_twin,0.01150543910329345
3436,gain_bal_vs_twin,0.01284929913867952
3437,gain_bal_vs_twin,0.013042752510832258
3438,gain_bal_vs_twin,0.01316496822649298
3439,gain_bal_vs_twin,0.012320779801780379
3440,gain_bal_vs_twin,0.011635341040095188
3441,gain_bal_vs_twin,0.014166210355006802
3442,gain_bal_vs_twin,0.012964684794449918
3443,gain_bal_vs_twin,0.010567362175460723
3444,gain_bal_vs_twin,0.012115129870048659
3445,gain_bal_vs_twin,0.012897075542697034
3446,gain_bal_vs_twin,0.010564065437776412
3447,gain_bal_vs_twin,0.011331047855317236
3448,gain_bal_vs_twin,0.013889385495800719
3449,gain_bal_vs_twin,0.014113499487661985
3450,gain_bal_vs_twin,0.011539114917674472
3451,gain_bal_vs_twin,0.012048350904552422
3452,gain_bal_vs_twin,0.01018672815031962
3453,gain_bal_vs_twin,0.013215654317324457
3454,gain_bal_vs_twin,0.009032918478742507
3455,gain_bal_vs_twin,0.010152976223058104
3456,gain_bal_vs_twin,0.01209942591732376
3457,gain_bal_vs_twin,0.011975256160045375
3458,gain_bal_vs_twin,0.013944193844944382
3459,gain_bal_vs_twin,0.011384886152303939
3460,gain_bal_vs_twin,0.010965315088204702
3461,gain_bal_vs_twin,0.01117325649211461
3462,gain_bal_vs_twin,0.012073436803278168
3463,gain_bal_vs_twin,0.011039536633903621
3464,gain_bal_vs_twin,0.013978481057659285
3465,gain_bal_vs_twin,0.011289113816946052
3466,gain_bal_vs_twin,0.010881884484309807
3467,gain_bal_vs_twin,0.010829383917369234
3468,gain_bal_vs_twin,0.014759039200069102
3469,gain_bal_vs_twin,0.011765866950636366
3470,gain_bal_vs_twin,0.011223082872700272
3471,gain_bal_vs_twin,0.011658288175003171
3472,gain_bal_vs_twin,0.010507786193959343
3473,gain_bal_vs_twin,0.012113736098501277
3474,gain_bal_vs_twin,0.0127003300450551
3475,gain_bal_vs_twin,0.008475262212008058
3476,gain_bal_vs_twin,0.011029918679710026
3477,gain_bal_vs_twin,0.011988569947406305
3478,gain_bal_vs_twin,0.014243351798206334
3479,gain_bal_vs_twin,0.014181369960146937
3480,gain_bal_vs_twin,0.00988897885888992
3481,gain_bal_vs_twin,0.014130164651760075
3482,gain_bal_vs_twin,0.005028634843399211
3483,gain_bal_vs_twin,0.012594838752162737
3484,gain_bal_vs_twin,0.010898368104132774
3485,gain_bal_vs_twin,0.01627921021781578
3486,gain_bal_vs_twin,0.011621119676660768
3487,gain_bal_vs_twin,0.011925696237041816
3488,gain_bal_vs_twin,0.013266343984948636
3489,gain_bal_vs_twin,0.01280546459127697
3490,gain_bal_vs_twin,0.00940669534809457
3491,gain_bal_vs_twin,0.010633996523425294
3492,gain_bal_vs_twin,0.012589554644171433
3493,gain_bal_vs_twin,0.011413561354358984
3494,gain_bal_vs_twin,0.014574008024500004
3495,gain_bal_vs_twin,0.010657781434275213
3496,gain_bal_vs_twin,0.015131132588981803
3497,gain_bal_vs_twin,0.013502528398736238
3498,gain_bal_vs_twin,0.011161777167275058
3499,gain_bal_vs_twin,0.01307323849187383
3500,gain_bal_vs_twin,0.008069146601275173
3501,gain_bal_vs_twin,0.015128904858510761
3502,gain_bal_vs_twin,0.011403337163520436
3503,gain_bal_vs_twin,0.010285204360628727
3504,gain_bal_vs_twin,0.011078067223144897
3505,gain_bal_vs_twin,0.010353362587097155
3506,gain_bal_vs_twin,0.011799281932573926
3507,gain_bal_vs_twin,0.014451075256322134
3508,gain_bal_vs_twin,0.013914572971541958
3509,gain_bal_vs_twin,0.015029824488213332
3510,gain_bal_vs_twin,0.010953978232714861
3511,gain_bal_vs_twin,0.015045639255004422
3512,gain_bal_vs_twin,0.014718094328575515
3513,gain_bal_vs_twin,0.013522127095013601
3514,gain_bal_vs_twin,0.013179736984048732
3515,gain_bal_vs_twin,0.009848665645708065
3516,gain_bal_vs_twin,0.012126497109559589
3517,gain_bal_vs_twin,0.012931070528918854
3518,gain_bal_vs_twin,0.013775531685945324
3519,gain_bal_vs_twin,0.010295072457345103
3520,gain_bal_vs_twin,0.012312547977261683
3521,gain_bal_vs_twin,0.012189460401513311
3522,gain_bal_vs_twin,0.01153068716867033
3523,gain_bal_vs_twin,0.009522808843369701
3524,gain_bal_vs_twin,0.012594571443215507
3525,gain_bal_vs_twin,0.014602630139052544
3526,gain_bal_vs_twin,0.014377919733814122
3527,gain_bal_vs_twin,0.01366903362244983
3528,gain_bal_vs_twin,0.013348876678114444
3529,gain_bal_vs_twin,0.01298600448261335
3530,gain_bal_vs_twin,0.013327882531533844
3531,gain_bal_vs_twin,0.012062636514208443
3532,gain_bal_vs_twin,0.011785644737052183
3533,gain_bal_vs_twin,0.011812291274450151
3534,gain_bal_vs_twin,0.011855171960386069
3535,gain_bal_vs_twin,0.014352654853080824
3536,gain_bal_vs_twin,0.00914222975696755
3537,gain_bal_vs_twin,0.012735536042210574
3538,gain_bal_vs_twin,0.012177768667222215
3539,gain_bal_vs_twin,0.011015215381945444
3540,gain_bal_vs_twin,0.013245415179614497
3541,gain_bal_vs_twin,0.01459738859262884
3542,gain_bal_vs_twin,0.013784059090630737
3543,gain_bal_vs_twin,0.011351364608731401
3544,gain_bal_vs_twin,0.014440723766354762
3545,gain_bal_vs_twin,0.01300871136394065
3546,gain_bal_vs_twin,0.00973052232536164
3547,gain_bal_vs_twin,0.009797581308701656
3548,gain_bal_vs_twin,0.01016973825811018
3549,gain_bal_vs_twin,0.01488755060104988
3550,gain_bal_vs_twin,0.012144222338417771
3551,gain_bal_vs_twin,0.011286621042006359
3552,gain_bal_vs_twin,0.008507654602018595
3553,gain_bal_vs_twin,0.007869911071624151
3554,gain_bal_vs_twin,0.010424663824859884
3555,gain_bal_vs_twin,0.013057959455465314
3556,gain_bal_vs_twin,0.009631946116629283
3557,gain_bal_vs_twin,0.010443067317275848
3558,gain_bal_vs_twin,0.012491322917566891
3559,gain_bal_vs_twin,0.010863142656560599
3560,gain_bal_vs_twin,0.011403998543896234
3561,gain_bal_vs_twin,0.011271950152918236
3562,gain_bal_vs_twin,0.015445106426365663
3563,gain_bal_vs_twin,0.0107604213733299
3564,gain_bal_vs_twin,0.01461026491652277
3565,gain_bal_vs_twin,0.014408532481525417
3566,gain_bal_vs_twin,0.011984318354259409
3567,gain_bal_vs_twin,0.012270618400861364
3568,gain_bal_vs_twin,0.013856896380970004
3569,gain_bal_vs_twin,0.014191849816253639
3570,gain_bal_vs_twin,0.012104860332704238
3571,gain_bal_vs_twin,0.009356911913651388
3572,gain_bal_vs_twin,0.014928336276676795
3573,gain_bal_vs_twin,0.011958218797719475
3574,gain_bal_vs_twin,0.01113991063636253
3575,gain_bal_vs_twin,0.010813972418841787
3576,gain_bal_vs_twin,0.011506558962114754
3577,gain_bal_vs_twin,0.012524006466482506
3578,gain_bal_vs_twin,0.014072245137225239
3579,gain_bal_vs_twin,0.01228345042153203
3580,gain_bal_vs_twin,0.014821891726324147
3581,gain_bal_vs_twin,0.011736737095892154
3582,gain_bal_vs_twin,0.015046520379647777
3583,gain_bal_vs_twin,0.010944678814022864
3584,gain_bal_vs_twin,0.012717323589995699
3585,gain_bal_vs_twin,0.011976376291437397
3586,gain_bal_vs_twin,0.014398254638124783
3587,gain_bal_vs_twin,0.015189002853283713
3588,gain_bal_vs_twin,0.01056552524506917
3589,gain_bal_vs_twin,0.012275366743575952
3590,gain_bal_vs_twin,0.013350738474378907
3591,gain_bal_vs_twin,0.009011451078169436
3592,gain_bal_vs_twin,0.01211979595368951
3593,gain_bal_vs_twin,0.011476047238356315
3594,gain_bal_vs_twin,0.009484012564595771
3595,gain_bal_vs_twin,0.009139166739242966
3596,gain_bal_vs_twin,0.012697647358950487
3597,gain_bal_vs_twin,0.009515786583547941
3598,gain_bal_vs_twin,0.011587101334566228
3599,gain_bal_vs_twin,0.011195295254955663
3600,gain_bal_vs_twin,0.010635226152783023
3601,gain_bal_vs_twin,0.013875286377216226
3602,gain_bal_vs_twin,0.012198742006180206
3603,gain_bal_vs_twin,0.014597421535783124
3604,gain_bal_vs_twin,0.011562348146370098
3605,gain_bal_vs_twin,0.011702972954628466
3606,gain_bal_vs_twin,0.015830065912108664
3607,gain_bal_vs_twin,0.007009068734390964
3608,gain_bal_vs_twin,0.00959262738269438
3609,gain_bal_vs_twin,0.013064983015426303
3610,gain_bal_vs_twin,0.00821157764292878
3611,gain_bal_vs_twin,0.013226903110959495
3612,gain_bal_vs_twin,0.014577669831567771
3613,gain_bal_vs_twin,0.009903459990893254
3614,gain_bal_vs_twin,0.011154899378296454
3615,gain_bal_vs_twin,0.014560194636616166
3616,gain_bal_vs_twin,0.011009157197491789
3617,gain_bal_vs_twin,0.01222080332939445
3618,gain_bal_vs_twin,0.013368393182594316
3619,gain_bal_vs_twin,0.01225579615763948
3620,gain_bal_vs_twin,0.012006576813216902
3621,gain_bal_vs_twin,0.01400939876811549
3622,gain_bal_vs_twin,0.01450268154806587
3623,gain_bal_vs_twin,0.013115309192328586
3624,gain_bal_vs_twin,0.01150067158165812
3625,gain_bal_vs_twin,0.012258692873368879
3626,gain_bal_vs_twin,0.011722521982863101
3627,gain_bal_vs_twin,0.004832953220080504
3628,gain_bal_vs_twin,0.01399515690336149
3629,gain_bal_vs_twin,0.010925343892162126
3630,gain_bal_vs_twin,0.01025196686177495
3631,gain_bal_vs_twin,0.015056326519490904
3632,gain_bal_vs_twin,0.009834147958471243
3633,gain_bal_vs_twin,0.01456455528571457
3634,gain_bal_vs_twin,0.013192550415640372
3635,gain_bal_vs_twin,0.013002899020720523
3636,gain_bal_vs_twin,0.010138716253417593
3637,gain_bal_vs_twin,0.01343876555374407
3638,gain_bal_vs_twin,0.01281630183330537
3639,gain_bal_vs_twin,0.015071803049174255
3640,gain_bal_vs_twin,0.016998955120196838
3641,gain_bal_vs_twin,0.008692455400367755
3642,gain_bal_vs_twin,0.015708451987391382
3643,gain_bal_vs_twin,0.012681312431689379
3644,gain_bal_vs_twin,0.015304519736175522
3645,gain_bal_vs_twin,0.0076101324301982515
3646,gain_bal_vs_twin,0.013828233116198487
3647,gain_bal_vs_twin,0.009459113313625292
3648,gain_bal_vs_twin,0.013926097596611635
3649,gain_bal_vs_twin,0.010050345066178693
3650,gain_bal_vs_twin,0.01432100337698616
3651,gain_bal_vs_twin,0.011742528329222053
3652,gain_bal_vs_twin,0.012402297310099146
3653,gain_bal_vs_twin,0.012478043608144149
3654,gain_bal_vs_twin,0.01375117541731279
3655,gain_bal_vs_twin,0.012446140077298282
3656,gain_bal_vs_twin,0.011956232490174
3657,gain_bal_vs_twin,0.014680713772813088
3658,gain_bal_vs_twin,0.011284179705666364
3659,gain_bal_vs_twin,0.013301602352975506
3660,gain_bal_vs_twin,0.010989292826421535
3661,gain_bal_vs_twin,0.012328228999732373
3662,gain_bal_vs_twin,0.015340640193483938
3663,gain_bal_vs_twin,0.012555666079919897
3664,gain_bal_vs_twin,0.012714699630219577
3665,gain_bal_vs_twin,0.006709347105567525
3666,gain_bal_vs_twin,0.015441016964192209
3667,gain_bal_vs_twin,0.012656728100907856
3668,gain_bal_vs_twin,0.014568668057301068
3669,gain_bal_vs_twin,0.011847672992236649
3670,gain_bal_vs_twin,0.010875914058482075
3671,gain_bal_vs_twin,0.01565100086941456
3672,gain_bal_vs_twin,0.01532463867739973
3673,gain_bal_vs_twin,0.01396200350391499
3674,gain_bal_vs_twin,0.010489875823607381
3675,gain_bal_vs_twin,0.01238664918069223
3676,gain_bal_vs_twin,0.01119117814602602
3677,gain_bal_vs_twin,0.014016442722943945
3678,gain_bal_vs_twin,0.010613958735036842
3679,gain_bal_vs_twin,0.010506408763869903
3680,gain_bal_vs_twin,0.01218472706220076
3681,gain_bal_vs_twin,0.01287553839726555
3682,gain_bal_vs_twin,0.01171914436875878
3683,gain_bal_vs_twin,0.010009632673686484
3684,gain_bal_vs_twin,0.011103829919182113
3685,gain_bal_vs_twin,0.007767903545208297
3686,gain_bal_vs_twin,0.012086156875507653
3687,gain_bal_vs_twin,0.00954310468218982
3688,gain_bal_vs_twin,0.01278278458147481
3689,gain_bal_vs_twin,0.009130176606624794
3690,gain_bal_vs_twin,0.013281406044179893
3691,gain_bal_vs_twin,0.014244988376300779
3692,gain_bal_vs_twin,0.007691534706524387
3693,gain_bal_vs_twin,0.015521931150957846
3694,gain_bal_vs_twin,0.01291567766620817
3695,gain_bal_vs_twin,0.015552324997404115
3696,gain_bal_vs_twin,0.013891032128810061
3697,gain_bal_vs_twin,0.014502140846803022
3698,gain_bal_vs_twin,0.010058789055913767
3699,gain_bal_vs_twin,0.012696839270914183
3700,gain_bal_vs_twin,0.014061663203053017
3701,gain_bal_vs_twin,0.015114610205248184
3702,gain_bal_vs_twin,0.012666324651067653
3703,gain_bal_vs_twin,0.014753650082408773
3704,gain_bal_vs_twin,0.012907423016446812
3705,gain_bal_vs_twin,0.012709012224181289
3706,gain_bal_vs_twin,0.013645878221779147
3707,gain_bal_vs_twin,0.010725944743718482
3708,gain_bal_vs_twin,0.014148120547062099
3709,gain_bal_vs_twin,0.010716601657250547
3710,gain_bal_vs_twin,0.0133442437965028
3711,gain_bal_vs_twin,0.009783634419023647
3712,gain_bal_vs_twin,0.010157071312023818
3713,gain_bal_vs_twin,0.01499537725183514
3714,gain_bal_vs_twin,0.011383866609391339
3715,gain_bal_vs_twin,0.015586638456463745
3716,gain_bal_vs_twin,0.013899896987516338
3717,gain_bal_vs_twin,0.012368643595544817
3718,gain_bal_vs_twin,0.014655718009263189
3719,gain_bal_vs_twin,0.013814870500961748
3720,gain_bal_vs_twin,0.012479179523149853
3721,gain_bal_vs_twin,0.013565744766400389
3722,gain_bal_vs_twin,0.008616942406271458
3723,gain_bal_vs_twin,0.01255240848314968
3724,gain_bal_vs_twin,0.011856493588331981
3725,gain_bal_vs_twin,0.011656614297556255
3726,gain_bal_vs_twin,0.00909242407476682
3727,gain_bal_vs_twin,0.013793701532076838
3728,gain_bal_vs_twin,0.01172413971565205
3729,gain_bal_vs_twin,0.010371420996264829
3730,gain_bal_vs_twin,0.00859706039327841
3731,gain_bal_vs_twin,0.011659698054363756
3732,gain_bal_vs_twin,0.01533527098845826
3733,gain_bal_vs_twin,0.014203255134765416
3734,gain_bal_vs_twin,0.013487832984806285
3735,gain_bal_vs_twin,0.011712434108622133
3736,gain_bal_vs_twin,0.013972534032322126
3737,gain_bal_vs_twin,0.012003050023683052
3738,gain_bal_vs_twin,0.014099975470579023
3739,gain_bal_vs_twin,0.013492129509685924
3740,gain_bal_vs_twin,0.008851668124244582
3741,gain_bal_vs_twin,0.012931796933643654
3742,gain_bal_vs_twin,0.013886379865777954
3743,gain_bal_vs_twin,0.014091583018981049
3744,gain_bal_vs_twin,0.014029124991417521
3745,gain_bal_vs_twin,0.014133997255142961
3746,gain_bal_vs_twin,0.009637174425297244
3747,gain_bal_vs_twin,0.010888486055953736
3748,gain_bal_vs_twin,0.014280753365333429
3749,gain_bal_vs_twin,0.014878365833421888
3750,gain_bal_vs_twin,0.010406222074867676
3751,gain_bal_vs_twin,0.011453874858570754
3752,gain_bal_vs_twin,0.012470565655283457
3753,gain_bal_vs_twin,0.012455968838545186
3754,gain_bal_vs_twin,0.012668892555374133
3755,gain_bal_vs_twin,0.012584729381669161
3756,gain_bal_vs_twin,0.0070071286657452285
3757,gain_bal_vs_twin,0.009377726796568798
3758,gain_bal_vs_twin,0.010756387964454208
3759,gain_bal_vs_twin,0.012195610591495473
3760,gain_bal_vs_twin,0.009475955994710425
3761,gain_bal_vs_twin,0.013567598300179637
3762,gain_bal_vs_twin,0.014241691774733906
3763,gain_bal_vs_twin,0.011239136701975516
3764,gain_bal_vs_twin,0.013970198348522936
3765,gain_bal_vs_twin,0.013831778551212847
3766,gain_bal_vs_twin,0.007751145265595532
3767,gain_bal_vs_twin,0.014579272337029223
3768,gain_bal_vs_twin,0.01329677085574225
3769,gain_bal_vs_twin,0.013080788067641066
3770,gain_bal_vs_twin,0.007428937669720428
3771,gain_bal_vs_twin,0.012541118396921864
3772,gain_bal_vs_twin,0.007640017439707352
3773,gain_bal_vs_twin,0.010226833281415505
3774,gain_bal_vs_twin,0.012074776001118444
3775,gain_bal_vs_twin,0.008456170106059174
3776,gain_bal_vs_twin,0.013458368005062338
3777,gain_bal_vs_twin,0.012099734367011719
3778,gain_bal_vs_twin,0.01254309463758225
3779,gain_bal_vs_twin,0.009436943829927819
3780,gain_bal_vs_twin,0.014662413888929665
3781,gain_bal_vs_twin,0.009416432695402105
3782,gain_bal_vs_twin,0.013352848000042685
3783,gain_bal_vs_twin,0.01184904152140361
3784,gain_bal_vs_twin,0.01164628059742892
3785,gain_bal_vs_twin,0.011874682927183812
3786,gain_bal_vs_twin,0.008378331258035962
3787,gain_bal_vs_twin,0.014376728855902212
3788,gain_bal_vs_twin,0.012044800334863435
3789,gain_bal_vs_twin,0.014137069131501201
3790,gain_bal_vs_twin,0.013949855426068051
3791,gain_bal_vs_twin,0.013193703798313704
3792,gain_bal_vs_twin,0.014176855036836968
3793,gain_bal_vs_twin,0.008637975510377954
3794,gain_bal_vs_twin,0.013338921728178023
3795,gain_bal_vs_twin,0.010456522621297265
3796,gain_bal_vs_twin,0.012374840218739592
3797,gain_bal_vs_twin,0.012614254569561152
3798,gain_bal_vs_twin,0.013946648263913132
3799,gain_bal_vs_twin,0.013914213045859575
3800,gain_bal_vs_twin,0.014270158955593875
3801,gain_bal_vs_twin,0.012370306259054538
3802,gain_bal_vs_twin,0.01009523943397028
3803,gain_bal_vs_twin,0.01147323757202576
3804,gain_bal_vs_twin,0.01393517901981829
3805,gain_bal_vs_twin,0.01092964827179518
3806,gain_bal_vs_twin,0.012254532456392696
3807,gain_bal_vs_twin,0.010375416052373226
3808,gain_bal_vs_twin,0.009407229073115544
3809,gain_bal_vs_twin,0.007418994232173606
3810,gain_bal_vs_twin,0.01199777064472439
3811,gain_bal_vs_twin,0.012692900677231219
3812,gain_bal_vs_twin,0.011293337386623862
3813,gain_bal_vs_twin,0.013325211140487453
3814,gain_bal_vs_twin,0.015622213714871208
3815,gain_bal_vs_twin,0.010615892498366284
3816,gain_bal_vs_twin,0.013220077218100673
3817,gain_bal_vs_twin,0.015263740621856984
3818,gain_bal_vs_twin,0.010815576391145594
3819,gain_bal_vs_twin,0.015605566932549882
3820,gain_bal_vs_twin,0.013007536725461705
3821,gain_bal_vs_twin,0.013029951010843492
3822,gain_bal_vs_twin,0.013663802192381004
3823,gain_bal_vs_twin,0.010446400718230327
3824,gain_bal_vs_twin,0.010498955677339423
3825,gain_bal_vs_twin,0.006822330330795532
3826,gain_bal_vs_twin,0.009793864468599983
3827,gain_bal_vs_twin,0.013436316933891827
3828,gain_bal_vs_twin,0.011764599203076351
3829,gain_bal_vs_twin,0.0141515302524247
3830,gain_bal_vs_twin,0.013524962178658303
3831,gain_bal_vs_twin,0.012060728059480053
3832,gain_bal_vs_twin,0.014281638467662552
3833,gain_bal_vs_twin,0.013332663061055319
3834,gain_bal_vs_twin,0.011474302290222326
3835,gain_bal_vs_twin,0.012084815952565149
3836,gain_bal_vs_twin,0.014135495494606446
3837,gain_bal_vs_twin,0.012559475518629213
3838,gain_bal_vs_twin,0.013907341572229222
3839,gain_bal_vs_twin,0.014034427294407128
3840,gain_bal_vs_twin,0.013119256907944953
3841,gain_bal_vs_twin,0.01255823411128382
3842,gain_bal_vs_twin,0.013232149372788415
3843,gain_bal_vs_twin,0.013925612603858698
3844,gain_bal_vs_twin,0.013570591239489718
3845,gain_bal_vs_twin,0.013003171603853697
3846,gain_bal_vs_twin,0.007398557931275835
3847,gain_bal_vs_twin,0.011712429137236097
3848,gain_bal_vs_twin,0.01519473596712566
3849,gain_bal_vs_twin,0.012761834113645109
3850,gain_bal_vs_twin,0.013494288630806858
3851,gain_bal_vs_twin,0.013565037711864208
3852,gain_bal_vs_twin,0.013511335879193207
3853,gain_bal_vs_twin,0.011725872218243897
3854,gain_bal_vs_twin,0.01427814725270318
3855,gain_bal_vs_twin,0.013015465398441362
3856,gain_bal_vs_twin,0.010086312799184132
3857,gain_bal_vs_twin,0.009419999197987689
3858,gain_bal_vs_twin,0.011443482216366737
3859,gain_bal_vs_twin,0.010142437416816908
3860,gain_bal_vs_twin,0.014281771809045342
3861,gain_bal_vs_twin,0.013528438957797888
3862,gain_bal_vs_twin,0.013618577242937444
3863,gain_bal_vs_twin,0.013318639196195551
3864,gain_bal_vs_twin,0.01091420874893467
3865,gain_bal_vs_twin,0.010306662369887061
3866,gain_bal_vs_twin,0.014301374378977324
3867,gain_bal_vs_twin,0.01208780028824834
3868,gain_bal_vs_twin,0.010251460294178394
3869,gain_bal_vs_twin,0.011812027270652978
3870,gain_bal_vs_twin,0.01298443609090341
3871,gain_bal_vs_twin,0.015542576879704886
3872,gain_bal_vs_twin,0.009304387119721574
3873,gain_bal_vs_twin,0.012743740148810325
3874,gain_bal_vs_twin,0.010540267502566796
3875,gain_bal_vs_twin,0.010729531091736874
3876,gain_bal_vs_twin,0.012342711294482807
3877,gain_bal_vs_twin,0.011169152881340044
3878,gain_bal_vs_twin,0.009812098117381093
3879,gain_bal_vs_twin,0.013638386877090763
3880,gain_bal_vs_twin,0.009943370102585237
3881,gain_bal_vs_twin,0.010418423645708363
3882,gain_bal_vs_twin,0.013286427077854629
3883,gain_bal_vs_twin,0.007791526583931485
3884,gain_bal_vs_twin,0.012107764494254134
3885,gain_bal_vs_twin,0.012370265897320524
3886,gain_bal_vs_twin,0.00806191364600074
3887,gain_bal_vs_twin,0.014211319282120336
3888,gain_bal_vs_twin,0.015461379666688304
3889,gain_bal_vs_twin,0.013303651265728257
3890,gain_bal_vs_twin,0.009916750579427239
3891,gain_bal_vs_twin,0.011180471019176377
3892,gain_bal_vs_twin,0.01481202928592936
3893,gain_bal_vs_twin,0.010098817930252016
3894,gain_bal_vs_twin,0.01063517393619138
3895,gain_bal_vs_twin,0.012458194457664381
3896,gain_bal_vs_twin,0.009541156416776006
3897,gain_bal_vs_twin,0.01177262711784038
3898,gain_bal_vs_twin,0.015283097280395402
3899,gain_bal_vs_twin,0.015049582603282643
3900,gain_bal_vs_twin,0.01408514872681317
3901,gain_bal_vs_twin,0.011034921432818626
3902,gain_bal_vs_twin,0.013327079555112451
3903,gain_bal_vs_twin,0.011805379803281156
3904,gain_bal_vs_twin,0.009356929898304927
3905,gain_bal_vs_twin,0.011334323034740815
3906,gain_bal_vs_twin,0.01253912933619354
3907,gain_bal_vs_twin,0.013242945136283848
3908,gain_bal_vs_twin,0.01345704287829754
3909,gain_bal_vs_twin,0.0075430986592698295
3910,gain_bal_vs_twin,0.011113098901048316
3911,gain_bal_vs_twin,0.011533453313388871
3912,gain_bal_vs_twin,0.012927528397567698
3913,gain_bal_vs_twin,0.013936742844737893
3914,gain_bal_vs_twin,0.015291411059598853
3915,gain_bal_vs_twin,0.009370176098454785
3916,gain_bal_vs_twin,0.016562925664437483
3917,gain_bal_vs_twin,0.01015358810273235
3918,gain_bal_vs_twin,0.014989538683199102
3919,gain_bal_vs_twin,0.009966124301301794
3920,gain_bal_vs_twin,0.014521972279042589
3921,gain_bal_vs_twin,0.012451004212588544
3922,gain_bal_vs_twin,0.01165984746541916
3923,gain_bal_vs_twin,0.012381593862055876
3924,gain_bal_vs_twin,0.011737229202243673
3925,gain_bal_vs_twin,0.012747613494546613
3926,gain_bal_vs_twin,0.011210466680134238
3927,gain_bal_vs_twin,0.012072723492147983
3928,gain_bal_vs_twin,0.014770891809882903
3929,gain_bal_vs_twin,0.012046688099326972
3930,gain_bal_vs_twin,0.014335599860651959
3931,gain_bal_vs_twin,0.014219336820130145
3932,gain_bal_vs_twin,0.012982550656573355
3933,gain_bal_vs_twin,0.01011890421350444
3934,gain_bal_vs_twin,0.01254185031775593
3935,gain_bal_vs_twin,0.014074305429361392
3936,gain_bal_vs_twin,0.01160236555767705
3937,gain_bal_vs_twin,0.014606410726297503
3938,gain_bal_vs_twin,0.01425847415258116
3939,gain_bal_vs_twin,0.013525155822893884
3940,gain_bal_vs_twin,0.010151416388311824
3941,gain_bal_vs_twin,0.012557498702169616
3942,gain_bal_vs_twin,0.011824736034068539
3943,gain_bal_vs_twin,0.011428263305456406
3944,gain_bal_vs_twin,0.010325341591865286
3945,gain_bal_vs_twin,0.010386411421497358
3946,gain_bal_vs_twin,0.010911652905667233
3947,gain_bal_vs_twin,0.009810444881561247
3948,gain_bal_vs_twin,0.010353956133983313
3949,gain_bal_vs_twin,0.013127336422304944
3950,gain_bal_vs_twin,0.010379866460394304
3951,gain_bal_vs_twin,0.011793447176777756
3952,gain_bal_vs_twin,0.013240089622449987
3953,gain_bal_vs_twin,0.008780445747330229
3954,gain_bal_vs_twin,0.00965377286851321
3955,gain_bal_vs_twin,0.012394748962337594
3956,gain_bal_vs_twin,0.01080659072802027
3957,gain_bal_vs_twin,0.013670572304669162
3958,gain_bal_vs_twin,0.01433778180291651
3959,gain_bal_vs_twin,0.011819010584734117
3960,gain_bal_vs_twin,0.011855720483422897
3961,gain_bal_vs_twin,0.008433355094646069
3962,gain_bal_vs_twin,0.010875146605584295
3963,gain_bal_vs_twin,0.015297395014601506
3964,gain_bal_vs_twin,0.015192093928382938
3965,gain_bal_vs_twin,0.013222833440896994
3966,gain_bal_vs_twin,0.014876272270521324
3967,gain_bal_vs_twin,0.008236572912537068
3968,gain_bal_vs_twin,0.012856304823211021
3969,gain_bal_vs_twin,0.013367615784732492
3970,gain_bal_vs_twin,0.013968603845567903
3971,gain_bal_vs_twin,0.013827017272230025
3972,gain_bal_vs_twin,0.009694464933268657
3973,gain_bal_vs_twin,0.013976244811851153
3974,gain_bal_vs_twin,0.014364316438899297
3975,gain_bal_vs_twin,0.0131004790962816
3976,gain_bal_vs_twin,0.011798539377161733
3977,gain_bal_vs_twin,0.016315785936280715
3978,gain_bal_vs_twin,0.014413481299220678
3979,gain_bal_vs_twin,0.01449323603026116
3980,gain_bal_vs_twin,0.01199951779970406
3981,gain_bal_vs_twin,0.011456138916521539
3982,gain_bal_vs_twin,0.009110437499194086
3983,gain_bal_vs_twin,0.011487050958517106
3984,gain_bal_vs_twin,0.012595925888796536
3985,gain_bal_vs_twin,0.013656012459573317
3986,gain_bal_vs_twin,0.011480957628019876
3987,gain_bal_vs_twin,0.013851020187967064
3988,gain_bal_vs_twin,0.013542469220304993
3989,gain_bal_vs_twin,0.008199593048705753
3990,gain_bal_vs_twin,0.011795158555871349
3991,gain_bal_vs_twin,0.009383754268609963
3992,gain_bal_vs_twin,0.011026574523909446
3993,gain_bal_vs_twin,0.013924892271113114
3994,gain_bal_vs_twin,0.015664096294278954
3995,gain_bal_vs_twin,0.013777015927168635
3996,gain_bal_vs_twin,0.01376377684958883
3997,gain_bal_vs_twin,0.013389654199939621
3998,gain_bal_vs_twin,0.01659215732140639
3999,gain_bal_vs_twin,0.012328764171370894
4000,gain_bal_vs_twin,0.010002269557923178
4001,gain_bal_vs_twin,0.012220047325899066
4002,gain_bal_vs_twin,0.011020614387030827
4003,gain_bal_vs_twin,0.010326909239239302
4004,gain_bal_vs_twin,0.008422190689677023
4005,gain_bal_vs_twin,0.012762201587763611
4006,gain_bal_vs_twin,0.012580454585148015
4007,gain_bal_vs_twin,0.014183400900043025
4008,gain_bal_vs_twin,0.013584772805929474
4009,gain_bal_vs_twin,0.009837930656567418
4010,gain_bal_vs_twin,0.01413372107834203
4011,gain_bal_vs_twin,0.010825703119612565
4012,gain_bal_vs_twin,0.014220007537212457
4013,gain_bal_vs_twin,0.014123327401984282
4014,gain_bal_vs_twin,0.01241741687624919
4015,gain_bal_vs_twin,0.01550657569953203
4016,gain_bal_vs_twin,0.013583665403694125
4017,gain_bal_vs_twin,0.012930620883422703
4018,gain_bal_vs_twin,0.009133029921201598
4019,gain_bal_vs_twin,0.01013274411125412
4020,gain_bal_vs_twin,0.011860751284792224
4021,gain_bal_vs_twin,0.01175214998795361
4022,gain_bal_vs_twin,0.014525687869238465
4023,gain_bal_vs_twin,0.011276804511327955
4024,gain_bal_vs_twin,0.010741121374984773
4025,gain_bal_vs_twin,0.011750405843745561
4026,gain_bal_vs_twin,0.013473315799051372
4027,gain_bal_vs_twin,0.014122507977330081
4028,gain_bal_vs_twin,0.01015479429655972
4029,gain_bal_vs_twin,0.011363864096001772
4030,gain_bal_vs_twin,0.013656547749567436
4031,gain_bal_vs_twin,0.013336599515489897
4032,gain_bal_vs_twin,0.012902170831035727
4033,gain_bal_vs_twin,0.013155056351259575
4034,gain_bal_vs_twin,0.01634042547271506
4035,gain_bal_vs_twin,0.011054160554033536
4036,gain_bal_vs_twin,0.014064927881769159
4037,gain_bal_vs_twin,0.012000814816069889
4038,gain_bal_vs_twin,0.013003823383836372
4039,gain_bal_vs_twin,0.013599784896674325
4040,gain_bal_vs_twin,0.0117257441905413
4041,gain_bal_vs_twin,0.012650814296634626
4042,gain_bal_vs_twin,0.017205802325220176
4043,gain_bal_vs_twin,0.012646935412133927
4044,gain_bal_vs_twin,0.011970737217950464
4045,gain_bal_vs_twin,0.01067444680052629
4046,gain_bal_vs_twin,0.009440565550758135
4047,gain_bal_vs_twin,0.009329910273668248
4048,gain_bal_vs_twin,0.011158284213337363
4049,gain_bal_vs_twin,0.013068776996504433
4050,gain_bal_vs_twin,0.011431856389523444
4051,gain_bal_vs_twin,0.012670418784141923
4052,gain_bal_vs_twin,0.012810651691657722
4053,gain_bal_vs_twin,0.010130488959037882
4054,gain_bal_vs_twin,0.008592054989167408
4055,gain_bal_vs_twin,0.008510334464413124
4056,gain_bal_vs_twin,0.011350468516365678
4057,gain_bal_vs_twin,0.010497922457524641
4058,gain_bal_vs_twin,0.0109376917998171
4059,gain_bal_vs_twin,0.013048287478840783
4060,gain_bal_vs_twin,0.012678731058854116
4061,gain_bal_vs_twin,0.009916792849512057
4062,gain_bal_vs_twin,0.009068488076314099
4063,gain_bal_vs_twin,0.01253964750224846
4064,gain_bal_vs_twin,0.014081371517901292
4065,gain_bal_vs_twin,0.010297441843625368
4066,gain_bal_vs_twin,0.010234383667849888
4067,gain_bal_vs_twin,0.011865262433816302
4068,gain_bal_vs_twin,0.011340545484746183
4069,gain_bal_vs_twin,0.010230158018344778
4070,gain_bal_vs_twin,0.013110925095577267
4071,gain_bal_vs_twin,0.011851595730660133
4072,gain_bal_vs_twin,0.012136000296617778
4073,gain_bal_vs_twin,0.008907884631999386
4074,gain_bal_vs_twin,0.012163559217544393
4075,gain_bal_vs_twin,0.013225328734560338
4076,gain_bal_vs_twin,0.009407686014590997
4077,gain_bal_vs_twin,0.01402495296322256
4078,gain_bal_vs_twin,0.011892324633411475
4079,gain_bal_vs_twin,0.01332989242679687
4080,gain_bal_vs_twin,0.012721005555111917
4081,gain_bal_vs_twin,0.010977165416658942
4082,gain_bal_vs_twin,0.008690936358443813
4083,gain_bal_vs_twin,0.011123886049211428
4084,gain_bal_vs_twin,0.012610431639161115
4085,gain_bal_vs_twin,0.011237040867262653
4086,gain_bal_vs_twin,0.012802991345510748
4087,gain_bal_vs_twin,0.012553309381771608
4088,gain_bal_vs_twin,0.013095404495212681
4089,gain_bal_vs_twin,0.011358262584959774
4090,gain_bal_vs_twin,0.00857007792134025
4091,gain_bal_vs_twin,0.009823808382662894
4092,gain_bal_vs_twin,0.011963356939369433
4093,gain_bal_vs_twin,0.009785302551542316
4094,gain_bal_vs_twin,0.011596985488863938
4095,gain_bal_vs_twin,0.015957410573666547
4096,gain_bal_vs_twin,0.011489396371013387
4097,gain_bal_vs_twin,0.011003764231284519
4098,gain_bal_vs_twin,0.014776831028920327
4099,gain_bal_vs_twin,0.014737450872310301
4100,gain_bal_vs_twin,0.015293397592492477
4101,gain_bal_vs_twin,0.014535181312225944
4102,gain_bal_vs_twin,0.013381656670753419
4103,gain_bal_vs_twin,0.015977905928963698
4104,gain_bal_vs_twin,0.012257503855008163
4105,gain_bal_vs_twin,0.015658338540444836
4106,gain_bal_vs_twin,0.0124204983504506
4107,gain_bal_vs_twin,0.014890438462066823
4108,gain_bal_vs_twin,0.01236751452779714
4109,gain_bal_vs_twin,0.01474427847448181
4110,gain_bal_vs_twin,0.014870423951598837
4111,gain_bal_vs_twin,0.014754483847442438
4112,gain_bal_vs_twin,0.01211803297592916
4113,gain_bal_vs_twin,0.013827759553799283
4114,gain_bal_vs_twin,0.015881990009928175
4115,gain_bal_vs_twin,0.01451300455316813
4116,gain_bal_vs_twin,0.014455781987364576
4117,gain_bal_vs_twin,0.013456533265499535
4118,gain_bal_vs_twin,0.014432123398175496
4119,gain_bal_vs_twin,0.009484668119675176
4120,gain_bal_vs_twin,0.013304855956327395
4121,gain_bal_vs_twin,0.01246947062381973
4122,gain_bal_vs_twin,0.012183668126253948
4123,gain_bal_vs_twin,0.01400817941276412
4124,gain_bal_vs_twin,0.012635832176420175
4125,gain_bal_vs_twin,0.01352989357802845
4126,gain_bal_vs_twin,0.011062016034099082
4127,gain_bal_vs_twin,0.01347211464101294
4128,gain_bal_vs_twin,0.011613968523343881
4129,gain_bal_vs_twin,0.014114713353918404
4130,gain_bal_vs_twin,0.008073079097890125
4131,gain_bal_vs_twin,0.013201706564594592
4132,gain_bal_vs_twin,0.010488114919486893
4133,gain_bal_vs_twin,0.015947449207220382
4134,gain_bal_vs_twin,0.014370967122828602
4135,gain_bal_vs_twin,0.014157767447481826
4136,gain_bal_vs_twin,0.014299325282216379
4137,gain_bal_vs_twin,0.01034109053227455
4138,gain_bal_vs_twin,0.010281847446209441
4139,gain_bal_vs_twin,0.015631846951784403
4140,gain_bal_vs_twin,0.013456818559100305
4141,gain_bal_vs_twin,0.012083815953052595
4142,gain_bal_vs_twin,0.010912714395201775
4143,gain_bal_vs_twin,0.011631259802757
4144,gain_bal_vs_twin,0.011796843739677
4145,gain_bal_vs_twin,0.013486877265096097
4146,gain_bal_vs_twin,0.015201704383355798
4147,gain_bal_vs_twin,0.011864627914828412
4148,gain_bal_vs_twin,0.013007074123578979
4149,gain_bal_vs_twin,0.0075787174216015085
4150,gain_bal_vs_twin,0.009024362762736243
4151,gain_bal_vs_twin,0.013726687689772175
4152,gain_bal_vs_twin,0.015925799494064453
4153,gain_bal_vs_twin,0.01072483465111412
4154,gain_bal_vs_twin,0.01036096249855843
4155,gain_bal_vs_twin,0.014203706680318616
4156,gain_bal_vs_twin,0.0136404622662606
4157,gain_bal_vs_twin,0.008956925962880809
4158,gain_bal_vs_twin,0.014568918240477683
4159,gain_bal_vs_twin,0.012536328491154642
4160,gain_bal_vs_twin,0.010489508688080601
4161,gain_bal_vs_twin,0.011556168941558514
4162,gain_bal_vs_twin,0.011262584051622287
4163,gain_bal_vs_twin,0.012475727454946118
4164,gain_bal_vs_twin,0.013814332953486358
4165,gain_bal_vs_twin,0.011109168275422672
4166,gain_bal_vs_twin,0.009439350196118834
4167,gain_bal_vs_twin,0.013249442824039706
4168,gain_bal_vs_twin,0.010362822180561513
4169,gain_bal_vs_twin,0.008019742844410394
4170,gain_bal_vs_twin,0.014671382068111713
4171,gain_bal_vs_twin,0.011064698124413226
4172,gain_bal_vs_twin,0.014457120062993972
4173,gain_bal_vs_twin,0.01561842637404154
4174,gain_bal_vs_twin,0.011919932767685352
4175,gain_bal_vs_twin,0.013653566868090281
4176,gain_bal_vs_twin,0.015477093734721227
4177,gain_bal_vs_twin,0.011858864564175012
4178,gain_bal_vs_twin,0.00954343095041271
4179,gain_bal_vs_twin,0.012099925044688964
4180,gain_bal_vs_twin,0.013897450209484059
4181,gain_bal_vs_twin,0.011163279566702392
4182,gain_bal_vs_twin,0.00847692514637234
4183,gain_bal_vs_twin,0.013277794542369043
4184,gain_bal_vs_twin,0.011012880252179277
4185,gain_bal_vs_twin,0.009763416208007544
4186,gain_bal_vs_twin,0.012339093230286534
4187,gain_bal_vs_twin,0.010104288219152258
4188,gain_bal_vs_twin,0.01161843474599849
4189,gain_bal_vs_twin,0.012888213743911118
4190,gain_bal_vs_twin,0.013434159013166889
4191,gain_bal_vs_twin,0.012516289875466031
4192,gain_bal_vs_twin,0.013249893724587054
4193,gain_bal_vs_twin,0.009399159161277818
4194,gain_bal_vs_twin,0.011573130047823978
4195,gain_bal_vs_twin,0.012727031100080883
4196,gain_bal_vs_twin,0.011257725500539517
4197,gain_bal_vs_twin,0.013174092598925019
4198,gain_bal_vs_twin,0.010967890736172863
4199,gain_bal_vs_twin,0.010255573645282321
4200,gain_bal_vs_twin,0.010443387888799694
4201,gain_bal_vs_twin,0.014527270049875547
4202,gain_bal_vs_twin,0.01479611058295191
4203,gain_bal_vs_twin,0.012462798020459789
4204,gain_bal_vs_twin,0.009870599506961083
4205,gain_bal_vs_twin,0.014119232151311579
4206,gain_bal_vs_twin,0.012854483079942811
4207,gain_bal_vs_twin,0.009452734265915277
4208,gain_bal_vs_twin,0.010490767949296582
4209,gain_bal_vs_twin,0.010468268569354467
4210,gain_bal_vs_twin,0.009197453456120632
4211,gain_bal_vs_twin,0.014429086772033186
4212,gain_bal_vs_twin,0.01244284329642381
4213,gain_bal_vs_twin,0.01142027252985491
4214,gain_bal_vs_twin,0.012298404369439247
4215,gain_bal_vs_twin,0.013345292793495517
4216,gain_bal_vs_twin,0.009436829802590281
4217,gain_bal_vs_twin,0.01269822186764755
4218,gain_bal_vs_twin,0.012384611391846758
4219,gain_bal_vs_twin,0.01321072899880293
4220,gain_bal_vs_twin,0.010792652890002178
4221,gain_bal_vs_twin,0.01203898537747408
4222,gain_bal_vs_twin,0.008719457630832044
4223,gain_bal_vs_twin,0.012903835726906288
4224,gain_bal_vs_twin,0.012154955531713434
4225,gain_bal_vs_twin,0.01599478418272118
4226,gain_bal_vs_twin,0.01411129378924
4227,gain_bal_vs_twin,0.014169622936378471
4228,gain_bal_vs_twin,0.00880709690025364
4229,gain_bal_vs_twin,0.01298658057422418
4230,gain_bal_vs_twin,0.00913578972089678
4231,gain_bal_vs_twin,0.011448508180220718
4232,gain_bal_vs_twin,0.013712444322557091
4233,gain_bal_vs_twin,0.012839257831087402
4234,gain_bal_vs_twin,0.007401082607435314
4235,gain_bal_vs_twin,0.013589137831422923
4236,gain_bal_vs_twin,0.007967645391516098
4237,gain_bal_vs_twin,0.014769099723561732
4238,gain_bal_vs_twin,0.010914730542258418
4239,gain_bal_vs_twin,0.009522923498110387
4240,gain_bal_vs_twin,0.01321138397170773
4241,gain_bal_vs_twin,0.007968827522585665
4242,gain_bal_vs_twin,0.007517254963166603
4243,gain_bal_vs_twin,0.01486527450871932
4244,gain_bal_vs_twin,0.011133167323998093
4245,gain_bal_vs_twin,0.010033185534267257
4246,gain_bal_vs_twin,0.013397291118256062
4247,gain_bal_vs_twin,0.01182714583616023
4248,gain_bal_vs_twin,0.011035424883316167
4249,gain_bal_vs_twin,0.013802249966452624
4250,gain_bal_vs_twin,0.014801589096886536
4251,gain_bal_vs_twin,0.01302062126923747
4252,gain_bal_vs_twin,0.013948333958456623
4253,gain_bal_vs_twin,0.012111546172658862
4254,gain_bal_vs_twin,0.013375673391226764
4255,gain_bal_vs_twin,0.0138438977413431
4256,gain_bal_vs_twin,0.015126628011320154
4257,gain_bal_vs_twin,0.014456975021596265
4258,gain_bal_vs_twin,0.013831054925342803
4259,gain_bal_vs_twin,0.014908726539917969
4260,gain_bal_vs_twin,0.012571998821647034
4261,gain_bal_vs_twin,0.014598191452946493
4262,gain_bal_vs_twin,0.011460793378592876
4263,gain_bal_vs_twin,0.011166254929160747
4264,gain_bal_vs_twin,0.009128623000724657
4265,gain_bal_vs_twin,0.01422045968812652
4266,gain_bal_vs_twin,0.009708937902937998
4267,gain_bal_vs_twin,0.00903900159022027
4268,gain_bal_vs_twin,0.01295600564353458
4269,gain_bal_vs_twin,0.012010861799006508
4270,gain_bal_vs_twin,0.010563570197836677
4271,gain_bal_vs_twin,0.015124322297500428
4272,gain_bal_vs_twin,0.014048879009186778
4273,gain_bal_vs_twin,0.011022722653209213
4274,gain_bal_vs_twin,0.007908802803025911
4275,gain_bal_vs_twin,0.012380855707990551
4276,gain_bal_vs_twin,0.009545881481570127
4277,gain_bal_vs_twin,0.011426013578624468
4278,gain_bal_vs_twin,0.01429094317143882
4279,gain_bal_vs_twin,0.014386660854944968
4280,gain_bal_vs_twin,0.015306684667549296
4281,gain_bal_vs_twin,0.01493284949884011
4282,gain_bal_vs_twin,0.013060353274087064
4283,gain_bal_vs_twin,0.013665243122785779
4284,gain_bal_vs_twin,0.013482306677305576
4285,gain_bal_vs_twin,0.01156346696709777
4286,gain_bal_vs_twin,0.011717102248531033
4287,gain_bal_vs_twin,0.00873131517444
4288,gain_bal_vs_twin,0.011260788469810422
4289,gain_bal_vs_twin,0.013190345121640704
4290,gain_bal_vs_twin,0.010976891355644043
4291,gain_bal_vs_twin,0.011460659310707564
4292,gain_bal_vs_twin,0.012827100789272202
4293,gain_bal_vs_twin,0.009331498136756032
4294,gain_bal_vs_twin,0.01563389052181693
4295,gain_bal_vs_twin,0.013903816500358159
4296,gain_bal_vs_twin,0.010036579017859811
4297,gain_bal_vs_twin,0.009531776211852265
4298,gain_bal_vs_twin,0.012892558001782742
4299,gain_bal_vs_twin,0.010069693937484431
4300,gain_bal_vs_twin,0.014863231566105374
4301,gain_bal_vs_twin,0.010128654204091234
4302,gain_bal_vs_twin,0.013092670125499289
4303,gain_bal_vs_twin,0.012756458404050564
4304,gain_bal_vs_twin,0.013044923884111107
4305,gain_bal_vs_twin,0.012844177329966424
4306,gain_bal_vs_twin,0.013794741690710228
4307,gain_bal_vs_twin,0.013489223273382854
4308,gain_bal_vs_twin,0.009740370170901005
4309,gain_bal_vs_twin,0.013657840769630458
4310,gain_bal_vs_twin,0.007670420066905644
4311,gain_bal_vs_twin,0.011625665709638673
4312,gain_bal_vs_twin,0.009123442001998229
4313,gain_bal_vs_twin,0.015287986492483304
4314,gain_bal_vs_twin,0.012145583808482217
4315,gain_bal_vs_twin,0.00767985961311597
4316,gain_bal_vs_twin,0.014448537038457073
4317,gain_bal_vs_twin,0.0145850354262041
4318,gain_bal_vs_twin,0.013859782463678024
4319,gain_bal_vs_twin,0.015049045801443287
4320,gain_bal_vs_twin,0.012367866055967264
4321,gain_bal_vs_twin,0.01288166590372522
4322,gain_bal_vs_twin,0.012771368853640672
4323,gain_bal_vs_twin,0.013581969518272743
4324,gain_bal_vs_twin,0.011512463668779921
4325,gain_bal_vs_twin,0.013727458916613668
4326,gain_bal_vs_twin,0.015074350427851246
4327,gain_bal_vs_twin,0.011803889570377455
4328,gain_bal_vs_twin,0.012457722031600444
4329,gain_bal_vs_twin,0.007730589885369767
4330,gain_bal_vs_twin,0.013995725451610073
4331,gain_bal_vs_twin,0.01431129541502266
4332,gain_bal_vs_twin,0.008921690165665628
4333,gain_bal_vs_twin,0.009248023816498016
4334,gain_bal_vs_twin,0.014573320141025569
4335,gain_bal_vs_twin,0.014647939689818642
4336,gain_bal_vs_twin,0.013411556552371723
4337,gain_bal_vs_twin,0.01307952913043443
4338,gain_bal_vs_twin,0.01009850539153726
4339,gain_bal_vs_twin,0.012269577114901542
4340,gain_bal_vs_twin,0.009064523196290938
4341,gain_bal_vs_twin,0.009839434532270918
4342,gain_bal_vs_twin,0.015514266615352644
4343,gain_bal_vs_twin,0.014277413879777998
4344,gain_bal_vs_twin,0.011570444996845463
4345,gain_bal_vs_twin,0.009076148825366363
4346,gain_bal_vs_twin,0.01575190314531489
4347,gain_bal_vs_twin,0.011541728013522112
4348,gain_bal_vs_twin,0.012746762976249503
4349,gain_bal_vs_twin,0.010273975696718068
4350,gain_bal_vs_twin,0.013622262239174043
4351,gain_bal_vs_twin,0.010935773398173152
4352,gain_bal_vs_twin,0.012770469843544111
4353,gain_bal_vs_twin,0.01595649022676829
4354,gain_bal_vs_twin,0.013078672792450676
4355,gain_bal_vs_twin,0.01080569712329189
4356,gain_bal_vs_twin,0.012107214161676528
4357,gain_bal_vs_twin,0.010527125566290022
4358,gain_bal_vs_twin,0.014512562501578017
4359,gain_bal_vs_twin,0.008566308415939286
4360,gain_bal_vs_twin,0.01289325516879426
4361,gain_bal_vs_twin,0.011831477298724006
4362,gain_bal_vs_twin,0.011099655801612585
4363,gain_bal_vs_twin,0.0102913471303497
4364,gain_bal_vs_twin,0.009084565926571047
4365,gain_bal_vs_twin,0.009560997475061714
4366,gain_bal_vs_twin,0.012155137289827209
4367,gain_bal_vs_twin,0.012864595401449129
4368,gain_bal_vs_twin,0.009806608285258646
4369,gain_bal_vs_twin,0.011752625224104153
4370,gain_bal_vs_twin,0.013171124667261346
4371,gain_bal_vs_twin,0.011821041200962347
4372,gain_bal_vs_twin,0.013148829697807491
4373,gain_bal_vs_twin,0.011195333223219858
4374,gain_bal_vs_twin,0.015000564367139759
4375,gain_bal_vs_twin,0.012560562627331965
4376,gain_bal_vs_twin,0.010435139664199308
4377,gain_bal_vs_twin,0.012139098747005373
4378,gain_bal_vs_twin,0.009203225389716766
4379,gain_bal_vs_twin,0.013565738098449968
4380,gain_bal_vs_twin,0.011929381061966091
4381,gain_bal_vs_twin,0.014394552292936494
4382,gain_bal_vs_twin,0.009042145367857342
4383,gain_bal_vs_twin,0.009263064311410774
4384,gain_bal_vs_twin,0.014203784960221871
4385,gain_bal_vs_twin,0.009912915443442416
4386,gain_bal_vs_twin,0.01102639503420091
4387,gain_bal_vs_twin,0.01095250047987748
4388,gain_bal_vs_twin,0.012489095335352344
4389,gain_bal_vs_twin,0.011598896096901231
4390,gain_bal_vs_twin,0.011758343457069597
4391,gain_bal_vs_twin,0.012604777028020623
4392,gain_bal_vs_twin,0.010481014832407352
4393,gain_bal_vs_twin,0.013251952800780925
4394,gain_bal_vs_twin,0.013941951996000198
4395,gain_bal_vs_twin,0.01485536905706528
4396,gain_bal_vs_twin,0.012548109627374512
4397,gain_bal_vs_twin,0.012531138202445122
4398,gain_bal_vs_twin,0.015751669333711315
4399,gain_bal_vs_twin,0.01027914947516845
4400,gain_bal_vs_twin,0.012648748814836954
4401,gain_bal_vs_twin,0.010444110769033706
4402,gain_bal_vs_twin,0.01267321291152254
4403,gain_bal_vs_twin,0.010447097924350763
4404,gain_bal_vs_twin,0.013394923944421853
4405,gain_bal_vs_twin,0.014694055990011685
4406,gain_bal_vs_twin,0.0116988717616522
4407,gain_bal_vs_twin,0.008105361159151694
4408,gain_bal_vs_twin,0.012549551555707885
4409,gain_bal_vs_twin,0.009800789210056862
4410,gain_bal_vs_twin,0.012939113082407246
4411,gain_bal_vs_twin,0.012634542801059816
4412,gain_bal_vs_twin,0.011744118527871078
4413,gain_bal_vs_twin,0.011715003357445377
4414,gain_bal_vs_twin,0.010130615725707606
4415,gain_bal_vs_twin,0.013671374241310954
4416,gain_bal_vs_twin,0.012409627141924465
4417,gain_bal_vs_twin,0.013405834480495942
4418,gain_bal_vs_twin,0.010821892381234197
4419,gain_bal_vs_twin,0.011424811709050211
4420,gain_bal_vs_twin,0.012428065558791418
4421,gain_bal_vs_twin,0.011826653878010423
4422,gain_bal_vs_twin,0.01252450527268982
4423,gain_bal_vs_twin,0.01216925311715626
4424,gain_bal_vs_twin,0.01255353631659703
4425,gain_bal_vs_twin,0.007550923069268275
4426,gain_bal_vs_twin,0.011121465731820466
4427,gain_bal_vs_twin,0.011586829025853201
4428,gain_bal_vs_twin,0.011355935467106245
4429,gain_bal_vs_twin,0.010143012826795056
4430,gain_bal_vs_twin,0.010694514546374326
4431,gain_bal_vs_twin,0.01189866182377819
4432,gain_bal_vs_twin,0.013310253149051817
4433,gain_bal_vs_twin,0.01570727009105583
4434,gain_bal_vs_twin,0.01136924891847477
4435,gain_bal_vs_twin,0.01195222912417772
4436,gain_bal_vs_twin,0.01226476103167146
4437,gain_bal_vs_twin,0.011860056168628012
4438,gain_bal_vs_twin,0.009043990633386319
4439,gain_bal_vs_twin,0.008279408618229091
4440,gain_bal_vs_twin,0.012883061708507953
4441,gain_bal_vs_twin,0.0071115751127841615
4442,gain_bal_vs_twin,0.012472103656877518
4443,gain_bal_vs_twin,0.014787881861344125
4444,gain_bal_vs_twin,0.01369814670810091
4445,gain_bal_vs_twin,0.013991100281031328
4446,gain_bal_vs_twin,0.011913633196167898
4447,gain_bal_vs_twin,0.010465743147558956
4448,gain_bal_vs_twin,0.011465890901093416
4449,gain_bal_vs_twin,0.009405402413743654
4450,gain_bal_vs_twin,0.013720430858645789
4451,gain_bal_vs_twin,0.00873310055280996
4452,gain_bal_vs_twin,0.011235683172658955
4453,gain_bal_vs_twin,0.0135670250278447
4454,gain_bal_vs_twin,0.012404037580962785
4455,gain_bal_vs_twin,0.013176284130208176
4456,gain_bal_vs_twin,0.014051919878988952
4457,gain_bal_vs_twin,0.010868716512489187
4458,gain_bal_vs_twin,0.013109518463060993
4459,gain_bal_vs_twin,0.011861781498602616
4460,gain_bal_vs_twin,0.013265878157286302
4461,gain_bal_vs_twin,0.012405426848981774
4462,gain_bal_vs_twin,0.010638505542009614
4463,gain_bal_vs_twin,0.015892319706833462
4464,gain_bal_vs_twin,0.007725120485779782
4465,gain_bal_vs_twin,0.011628433870017376
4466,gain_bal_vs_twin,0.011042164420219849
4467,gain_bal_vs_twin,0.013400673685344236
4468,gain_bal_vs_twin,0.01237350018160392
4469,gain_bal_vs_twin,0.013059909853764375
4470,gain_bal_vs_twin,0.009061947453861786
4471,gain_bal_vs_twin,0.01355889323892986
4472,gain_bal_vs_twin,0.011654512081234534
4473,gain_bal_vs_twin,0.013361489697929274
4474,gain_bal_vs_twin,0.014626038758498572
4475,gain_bal_vs_twin,0.012313741638515691
4476,gain_bal_vs_twin,0.01215329382267191
4477,gain_bal_vs_twin,0.01462111205800182
4478,gain_bal_vs_twin,0.013073896617173593
4479,gain_bal_vs_twin,0.014499719403998175
4480,gain_bal_vs_twin,0.010687014120350922
4481,gain_bal_vs_twin,0.012991749569675108
4482,gain_bal_vs_twin,0.010142585824351263
4483,gain_bal_vs_twin,0.011442133079526184
4484,gain_bal_vs_twin,0.01062801723727085
4485,gain_bal_vs_twin,0.006773391833215605
4486,gain_bal_vs_twin,0.011484579799074874
4487,gain_bal_vs_twin,0.015442143716796915
4488,gain_bal_vs_twin,0.012447153162135053
4489,gain_bal_vs_twin,0.01473152302911314
4490,gain_bal_vs_twin,0.011161090301975032
4491,gain_bal_vs_twin,0.014697634486293422
4492,gain_bal_vs_twin,0.013354775299894187
4493,gain_bal_vs_twin,0.012480742540279513
4494,gain_bal_vs_twin,0.011057248473354837
4495,gain_bal_vs_twin,0.015782860549823547
4496,gain_bal_vs_twin,0.015571161061458044
4497,gain_bal_vs_twin,0.012350227817991503
4498,gain_bal_vs_twin,0.011037229462209915
4499,gain_bal_vs_twin,0.01045896392462765
4500,gain_bal_vs_twin,0.011684318210966702
4501,gain_bal_vs_twin,0.012812631254568163
4502,gain_bal_vs_twin,0.015093768821871158
4503,gain_bal_vs_twin,0.011081181175227325
4504,gain_bal_vs_twin,0.01247248332242771
4505,gain_bal_vs_twin,0.007750562983711658
4506,gain_bal_vs_twin,0.0080410864798743
4507,gain_bal_vs_twin,0.008598013589625303
4508,gain_bal_vs_twin,0.010255021190452815
4509,gain_bal_vs_twin,0.013346204058633782
4510,gain_bal_vs_twin,0.008912815558246138
4511,gain_bal_vs_twin,0.013285250599470737
4512,gain_bal_vs_twin,0.01525623553612718
4513,gain_bal_vs_twin,0.01434056048179749
4514,gain_bal_vs_twin,0.012855603278247713
4515,gain_bal_vs_twin,0.014279496389543728
4516,gain_bal_vs_twin,0.010664326290366713
4517,gain_bal_vs_twin,0.009231921148441014
4518,gain_bal_vs_twin,0.01398122089707388
4519,gain_bal_vs_twin,0.012293779790941952
4520,gain_bal_vs_twin,0.011236594146824328
4521,gain_bal_vs_twin,0.009387359998048819
4522,gain_bal_vs_twin,0.014468167448348423
4523,gain_bal_vs_twin,0.013293743617833921
4524,gain_bal_vs_twin,0.01305048267193407
4525,gain_bal_vs_twin,0.010740408753272089
4526,gain_bal_vs_twin,0.012166786687549192
4527,gain_bal_vs_twin,0.013936017144241756
4528,gain_bal_vs_twin,0.012764467525295408
4529,gain_bal_vs_twin,0.012157122461977048
4530,gain_bal_vs_twin,0.01240677719830961
4531,gain_bal_vs_twin,0.009726109286797525
4532,gain_bal_vs_twin,0.01459527499775104
4533,gain_bal_vs_twin,0.009503475268487941
4534,gain_bal_vs_twin,0.011716833632025558
4535,gain_bal_vs_twin,0.012703418923986066
4536,gain_bal_vs_twin,0.007066385575103086
4537,gain_bal_vs_twin,0.009093904088651057
4538,gain_bal_vs_twin,0.014306219838579192
4539,gain_bal_vs_twin,0.010373297215127752
4540,gain_bal_vs_twin,0.011111735191269548
4541,gain_bal_vs_twin,0.010876088225249273
4542,gain_bal_vs_twin,0.015275940466671242
4543,gain_bal_vs_twin,0.012681848506198063
4544,gain_bal_vs_twin,0.01296943004538993
4545,gain_bal_vs_twin,0.013441152217645694
4546,gain_bal_vs_twin,0.013348731926823513
4547,gain_bal_vs_twin,0.008667613848138545
4548,gain_bal_vs_twin,0.013257838115119682
4549,gain_bal_vs_twin,0.014683592291197218
4550,gain_bal_vs_twin,0.00577431096172265
4551,gain_bal_vs_twin,0.013032006483822342
4552,gain_bal_vs_twin,0.011171371173514485
4553,gain_bal_vs_twin,0.01108179969768062
4554,gain_bal_vs_twin,0.013027553514095255
4555,gain_bal_vs_twin,0.011424497402111312
4556,gain_bal_vs_twin,0.012378245242600613
4557,gain_bal_vs_twin,0.011861413346458167
4558,gain_bal_vs_twin,0.012873400081558756
4559,gain_bal_vs_twin,0.011138036034909843
4560,gain_bal_vs_twin,0.010835311145727266
4561,gain_bal_vs_twin,0.00982905971297572
4562,gain_bal_vs_twin,0.012905727811650705
4563,gain_bal_vs_twin,0.013332835030954017
4564,gain_bal_vs_twin,0.013467975168125179
4565,gain_bal_vs_twin,0.012543721484141094
4566,gain_bal_vs_twin,0.013521640580073114
4567,gain_bal_vs_twin,0.0070927074758780784
4568,gain_bal_vs_twin,0.014595165639230962
4569,gain_bal_vs_twin,0.015090769315838293
4570,gain_bal_vs_twin,0.011380226396150396
4571,gain_bal_vs_twin,0.013015203071875458
4572,gain_bal_vs_twin,0.012696713411714558
4573,gain_bal_vs_twin,0.011231318861750427
4574,gain_bal_vs_twin,0.011630304551198175
4575,gain_bal_vs_twin,0.0147014697173492
4576,gain_bal_vs_twin,0.009473722082555524
4577,gain_bal_vs_twin,0.010615189764110983
4578,gain_bal_vs_twin,0.01494215491080157
4579,gain_bal_vs_twin,0.012285596878923107
4580,gain_bal_vs_twin,0.011925606230318773
4581,gain_bal_vs_twin,0.012150682484006834
4582,gain_bal_vs_twin,0.010791393661265003
4583,gain_bal_vs_twin,0.010384254294862132
4584,gain_bal_vs_twin,0.009722235473797495
4585,gain_bal_vs_twin,0.009307693627736402
4586,gain_bal_vs_twin,0.013137268339279006
4587,gain_bal_vs_twin,0.012275857683591046
4588,gain_bal_vs_twin,0.009085246005306937
4589,gain_bal_vs_twin,0.015059017447635143
4590,gain_bal_vs_twin,0.011687978872260646
4591,gain_bal_vs_twin,0.011728144352510234
4592,gain_bal_vs_twin,0.010463305522355066
4593,gain_bal_vs_twin,0.011278052614765352
4594,gain_bal_vs_twin,0.012474367037694221
4595,gain_bal_vs_twin,0.011163495876586308
4596,gain_bal_vs_twin,0.008974982678008546
4597,gain_bal_vs_twin,0.014237653509811635
4598,gain_bal_vs_twin,0.01504587951176022
4599,gain_bal_vs_twin,0.01075135746352857
4600,gain_bal_vs_twin,0.009498251337607526
4601,gain_bal_vs_twin,0.013215587889369296
4602,gain_bal_vs_twin,0.014672767420702145
4603,gain_bal_vs_twin,0.012699841185328865
4604,gain_bal_vs_twin,0.00926248437112542
4605,gain_bal_vs_twin,0.009871734979663621
4606,gain_bal_vs_twin,0.01134807689321707
4607,gain_bal_vs_twin,0.011683031392116483
4608,gain_bal_vs_twin,0.012266259156451412
4609,gain_bal_vs_twin,0.012107223776852166
4610,gain_bal_vs_twin,0.010063989093362242
4611,gain_bal_vs_twin,0.011448160656361077
4612,gain_bal_vs_twin,0.014604570318332144
4613,gain_bal_vs_twin,0.010825424528030096
4614,gain_bal_vs_twin,0.01198784327681786
4615,gain_bal_vs_twin,0.012574455570031711
4616,gain_bal_vs_twin,0.011577368326562485
4617,gain_bal_vs_twin,0.012073142804847276
4618,gain_bal_vs_twin,0.012488601368626121
4619,gain_bal_vs_twin,0.010633474770102333
4620,gain_bal_vs_twin,0.01076706982318221
4621,gain_bal_vs_twin,0.012773716188508576
4622,gain_bal_vs_twin,0.01684950707436675
4623,gain_bal_vs_twin,0.015067763602815813
4624,gain_bal_vs_twin,0.012139592454889008
4625,gain_bal_vs_twin,0.016059887601517768
4626,gain_bal_vs_twin,0.0138794671500965
4627,gain_bal_vs_twin,0.01318763245373141
4628,gain_bal_vs_twin,0.012393726895924467
4629,gain_bal_vs_twin,0.01211416117546194
4630,gain_bal_vs_twin,0.01198493336640622
4631,gain_bal_vs_twin,0.013150200180524272
4632,gain_bal_vs_twin,0.014141887870115747
4633,gain_bal_vs_twin,0.01134896464066218
4634,gain_bal_vs_twin,0.010223629544001791
4635,gain_bal_vs_twin,0.00972404333881839
4636,gain_bal_vs_twin,0.010910187607690452
4637,gain_bal_vs_twin,0.012378231852257629
4638,gain_bal_vs_twin,0.007055729928617425
4639,gain_bal_vs_twin,0.011098083964780344
4640,gain_bal_vs_twin,0.012901924327534968
4641,gain_bal_vs_twin,0.01354680994024882
4642,gain_bal_vs_twin,0.009744151849305731
4643,gain_bal_vs_twin,0.010931594449584896
4644,gain_bal_vs_twin,0.010852109179474202
4645,gain_bal_vs_twin,0.013895569974403551
4646,gain_bal_vs_twin,0.01313884289451748
4647,gain_bal_vs_twin,0.012993292092289475
4648,gain_bal_vs_twin,0.010860068062154098
4649,gain_bal_vs_twin,0.014738327785986173
4650,gain_bal_vs_twin,0.01382506497786573
4651,gain_bal_vs_twin,0.012990473394878656
4652,gain_bal_vs_twin,0.011810400419698896
4653,gain_bal_vs_twin,0.010741448374654015
4654,gain_bal_vs_twin,0.013196442068935296
4655,gain_bal_vs_twin,0.01039316571597687
4656,gain_bal_vs_twin,0.00767565995225552
4657,gain_bal_vs_twin,0.013650370579438926
4658,gain_bal_vs_twin,0.010547460058686562
4659,gain_bal_vs_twin,0.014270388649171779
4660,gain_bal_vs_twin,0.01054648810110229
4661,gain_bal_vs_twin,0.012090625152873577
4662,gain_bal_vs_twin,0.010831199393712123
4663,gain_bal_vs_twin,0.011569478276329051
4664,gain_bal_vs_twin,0.013290741483644033
4665,gain_bal_vs_twin,0.014873044567910014
4666,gain_bal_vs_twin,0.01338011681024176
4667,gain_bal_vs_twin,0.009446645501951748
4668,gain_bal_vs_twin,0.008705033325308465
4669,gain_bal_vs_twin,0.008892119386096168
4670,gain_bal_vs_twin,0.01025002449696139
4671,gain_bal_vs_twin,0.013851031663921968
4672,gain_bal_vs_twin,0.009243136676657484
4673,gain_bal_vs_twin,0.01259240893119677
4674,gain_bal_vs_twin,0.010410572864964926
4675,gain_bal_vs_twin,0.015797777685761818
4676,gain_bal_vs_twin,0.014350273741909907
4677,gain_bal_vs_twin,0.012758482369864429
4678,gain_bal_vs_twin,0.009867019436840105
4679,gain_bal_vs_twin,0.01505175009195317
4680,gain_bal_vs_twin,0.014072965703905347
4681,gain_bal_vs_twin,0.01228110920005071
4682,gain_bal_vs_twin,0.012019129497969168
4683,gain_bal_vs_twin,0.012498296305183065
4684,gain_bal_vs_twin,0.010142532610602146
4685,gain_bal_vs_twin,0.011869667692669724
4686,gain_bal_vs_twin,0.011866423740383127
4687,gain_bal_vs_twin,0.01112811338145427
4688,gain_bal_vs_twin,0.009838134757066451
4689,gain_bal_vs_twin,0.01320366402962538
4690,gain_bal_vs_twin,0.011858493880129143
4691,gain_bal_vs_twin,0.011669791408615944
4692,gain_bal_vs_twin,0.016025527744012887
4693,gain_bal_vs_twin,0.00844534289578375
4694,gain_bal_vs_twin,0.013975871123682652
4695,gain_bal_vs_twin,0.010532521851576679
4696,gain_bal_vs_twin,0.011148554037293637
4697,gain_bal_vs_twin,0.011388138347950622
4698,gain_bal_vs_twin,0.010233059918861443
4699,gain_bal_vs_twin,0.01171728695826039
4700,gain_bal_vs_twin,0.010989557838914863
4701,gain_bal_vs_twin,0.012300000538658143
4702,gain_bal_vs_twin,0.013308961377838479
4703,gain_bal_vs_twin,0.008870544064265016
4704,gain_bal_vs_twin,0.013906348433552271
4705,gain_bal_vs_twin,0.011154316439928213
4706,gain_bal_vs_twin,0.014238041655045006
4707,gain_bal_vs_twin,0.01077735793912499
4708,gain_bal_vs_twin,0.01277845093763875
4709,gain_bal_vs_twin,0.012115449901854664
4710,gain_bal_vs_twin,0.009350878244875686
4711,gain_bal_vs_twin,0.016196711066706233
4712,gain_bal_vs_twin,0.012553919593360833
4713,gain_bal_vs_twin,0.014471371155577149
4714,gain_bal_vs_twin,0.010059106633934846
4715,gain_bal_vs_twin,0.01110005306231786
4716,gain_bal_vs_twin,0.013345080741929758
4717,gain_bal_vs_twin,0.011487451588401532
4718,gain_bal_vs_twin,0.012144746966722556
4719,gain_bal_vs_twin,0.010865254647048666
4720,gain_bal_vs_twin,0.011607519775597418
4721,gain_bal_vs_twin,0.012977786592820747
4722,gain_bal_vs_twin,0.015087937047259846
4723,gain_bal_vs_twin,0.009666662228355537
4724,gain_bal_vs_twin,0.012966375056001575
4725,gain_bal_vs_twin,0.013302399724198206
4726,gain_bal_vs_twin,0.01091803663471459
4727,gain_bal_vs_twin,0.013993204597905009
4728,gain_bal_vs_twin,0.01083510433938603
4729,gain_bal_vs_twin,0.011062542847319562
4730,gain_bal_vs_twin,0.010556703951924975
4731,gain_bal_vs_twin,0.012564372556338787
4732,gain_bal_vs_twin,0.012342194928132431
4733,gain_bal_vs_twin,0.00894827923462602
4734,gain_bal_vs_twin,0.011596852921115508
4735,gain_bal_vs_twin,0.01296165256524078
4736,gain_bal_vs_twin,0.008329412736711495
4737,gain_bal_vs_twin,0.011097878455375331
4738,gain_bal_vs_twin,0.013707248754601461
4739,gain_bal_vs_twin,0.00965354238628173
4740,gain_bal_vs_twin,0.012940150358248775
4741,gain_bal_vs_twin,0.01350569587337407
4742,gain_bal_vs_twin,0.010623666636274119
4743,gain_bal_vs_twin,0.012057930128003063
4744,gain_bal_vs_twin,0.01357489496215797
4745,gain_bal_vs_twin,0.009750156136631457
4746,gain_bal_vs_twin,0.01085801248937244
4747,gain_bal_vs_twin,0.013541398905533483
4748,gain_bal_vs_twin,0.011354203106142357
4749,gain_bal_vs_twin,0.01231147438981892
4750,gain_bal_vs_twin,0.011134631954420394
4751,gain_bal_vs_twin,0.012524632115526997
4752,gain_bal_vs_twin,0.010050445995413921
4753,gain_bal_vs_twin,0.012880283369110571
4754,gain_bal_vs_twin,0.010092568545190887
4755,gain_bal_vs_twin,0.013560564046661724
4756,gain_bal_vs_twin,0.011292485533798646
4757,gain_bal_vs_twin,0.011806449302392235
4758,gain_bal_vs_twin,0.006777546065732368
4759,gain_bal_vs_twin,0.015646939806099693
4760,gain_bal_vs_twin,0.01360155760157503
4761,gain_bal_vs_twin,0.009476044970188266
4762,gain_bal_vs_twin,0.014616557044858756
4763,gain_bal_vs_twin,0.0129953376063687
4764,gain_bal_vs_twin,0.01426486179728796
4765,gain_bal_vs_twin,0.011578786685606236
4766,gain_bal_vs_twin,0.011273564747146794
4767,gain_bal_vs_twin,0.011706325556106725
4768,gain_bal_vs_twin,0.008504690280041706
4769,gain_bal_vs_twin,0.013370772042258014
4770,gain_bal_vs_twin,0.01550181558942135
4771,gain_bal_vs_twin,0.009748215500181848
4772,gain_bal_vs_twin,0.010575690614973514
4773,gain_bal_vs_twin,0.0114527520577484
4774,gain_bal_vs_twin,0.012647258739681628
4775,gain_bal_vs_twin,0.012371785408658848
4776,gain_bal_vs_twin,0.00986153218173542
4777,gain_bal_vs_twin,0.008053932511905313
4778,gain_bal_vs_twin,0.011924980431428716
4779,gain_bal_vs_twin,0.013075973457377694
4780,gain_bal_vs_twin,0.009386004013998
4781,gain_bal_vs_twin,0.0077134011998891815
4782,gain_bal_vs_twin,0.011397558844932484
4783,gain_bal_vs_twin,0.011255552929818351
4784,gain_bal_vs_twin,0.014103780690368065
4785,gain_bal_vs_twin,0.013220528621893999
4786,gain_bal_vs_twin,0.016965412154192755
4787,gain_bal_vs_twin,0.01431628667063477
4788,gain_bal_vs_twin,0.014119808871954076
4789,gain_bal_vs_twin,0.012061901951824484
4790,gain_bal_vs_twin,0.009600259932212658
4791,gain_bal_vs_twin,0.014132765321181004
4792,gain_bal_vs_twin,0.010455770754303382
4793,gain_bal_vs_twin,0.009053469375398802
4794,gain_bal_vs_twin,0.012462279108768829
4795,gain_bal_vs_twin,0.014290320468965846
4796,gain_bal_vs_twin,0.01324497761955951
4797,gain_bal_vs_twin,0.011172109061702545
4798,gain_bal_vs_twin,0.010431848853695583
4799,gain_bal_vs_twin,0.01280346996038771
4800,gain_bal_vs_twin,0.010513574966333109
4801,gain_bal_vs_twin,0.01169256143327098
4802,gain_bal_vs_twin,0.014175053162300721
4803,gain_bal_vs_twin,0.01314576747417262
4804,gain_bal_vs_twin,0.015525821525744471
4805,gain_bal_vs_twin,0.011349849989269873
4806,gain_bal_vs_twin,0.010136849910161968
4807,gain_bal_vs_twin,0.012350565804956673
4808,gain_bal_vs_twin,0.015441545961262832
4809,gain_bal_vs_twin,0.012068201591970976
4810,gain_bal_vs_twin,0.013642050711225265
4811,gain_bal_vs_twin,0.010152123472310051
4812,gain_bal_vs_twin,0.010181851568057948
4813,gain_bal_vs_twin,0.010071714308863385
4814,gain_bal_vs_twin,0.013651422271647338
4815,gain_bal_vs_twin,0.011619012704584722
4816,gain_bal_vs_twin,0.010700617915659207
4817,gain_bal_vs_twin,0.010270022605721938
4818,gain_bal_vs_twin,0.011828779419610297
4819,gain_bal_vs_twin,0.00801353480636777
4820,gain_bal_vs_twin,0.012272966126911552
4821,gain_bal_vs_twin,0.011334300678367064
4822,gain_bal_vs_twin,0.010892246443189563
4823,gain_bal_vs_twin,0.014601989395786125
4824,gain_bal_vs_twin,0.013132869865061406
4825,gain_bal_vs_twin,0.01118986450432718
4826,gain_bal_vs_twin,0.014266103912818542
4827,gain_bal_vs_twin,0.012569995407398001
4828,gain_bal_vs_twin,0.013067253902771274
4829,gain_bal_vs_twin,0.011551152638855146
4830,gain_bal_vs_twin,0.01217441923706747
4831,gain_bal_vs_twin,0.016239876847308786
4832,gain_bal_vs_twin,0.011924146610255138
4833,gain_bal_vs_twin,0.013967876977211595
4834,gain_bal_vs_twin,0.011323091355158394
4835,gain_bal_vs_twin,0.015613082803627578
4836,gain_bal_vs_twin,0.011621110362294254
4837,gain_bal_vs_twin,0.013291720056641499
4838,gain_bal_vs_twin,0.012520172947407291
4839,gain_bal_vs_twin,0.012151202329812788
4840,gain_bal_vs_twin,0.011530767387681782
4841,gain_bal_vs_twin,0.016029681170586046
4842,gain_bal_vs_twin,0.015975753793731506
4843,gain_bal_vs_twin,0.012576944894085996
4844,gain_bal_vs_twin,0.012792973134187077
4845,gain_bal_vs_twin,0.012434630240798534
4846,gain_bal_vs_twin,0.012938152975503294
4847,gain_bal_vs_twin,0.014277843274097137
4848,gain_bal_vs_twin,0.011016070161328207
4849,gain_bal_vs_twin,0.011691960424114297
4850,gain_bal_vs_twin,0.015091144169427612
4851,gain_bal_vs_twin,0.013854403439997377
4852,gain_bal_vs_twin,0.015888273310520083
4853,gain_bal_vs_twin,0.014784967045174248
4854,gain_bal_vs_twin,0.012465960621110415
4855,gain_bal_vs_twin,0.011933595886776492
4856,gain_bal_vs_twin,0.013132033818952643
4857,gain_bal_vs_twin,0.01382087281921045
4858,gain_bal_vs_twin,0.014490243822434015
4859,gain_bal_vs_twin,0.014493409726747853
4860,gain_bal_vs_twin,0.013212867623316022
4861,gain_bal_vs_twin,0.009135923564205081
4862,gain_bal_vs_twin,0.011516964330950992
4863,gain_bal_vs_twin,0.00981136239510255
4864,gain_bal_vs_twin,0.012389618673941323
4865,gain_bal_vs_twin,0.009936184125216463
4866,gain_bal_vs_twin,0.011179265007097853
4867,gain_bal_vs_twin,0.011357519742988386
4868,gain_bal_vs_twin,0.015218789035266992
4869,gain_bal_vs_twin,0.01107802350837085
4870,gain_bal_vs_twin,0.01490434519909575
4871,gain_bal_vs_twin,0.011708552279034624
4872,gain_bal_vs_twin,0.010457218987399606
4873,gain_bal_vs_twin,0.009870631416887926
4874,gain_bal_vs_twin,0.013799016062464269
4875,gain_bal_vs_twin,0.012006746916068166
4876,gain_bal_vs_twin,0.01112235519283521
4877,gain_bal_vs_twin,0.012452365847972107
4878,gain_bal_vs_twin,0.010470168525780506
4879,gain_bal_vs_twin,0.012310874594497392
4880,gain_bal_vs_twin,0.01173077059362467
4881,gain_bal_vs_twin,0.008994472997472825
4882,gain_bal_vs_twin,0.012896040697950032
4883,gain_bal_vs_twin,0.014748475122721838
4884,gain_bal_vs_twin,0.009848524924591243
4885,gain_bal_vs_twin,0.009649418219806307
4886,gain_bal_vs_twin,0.013823431443002838
4887,gain_bal_vs_twin,0.01077749634509884
4888,gain_bal_vs_twin,0.012301400442742109
4889,gain_bal_vs_twin,0.013725282691609358
4890,gain_bal_vs_twin,0.014542857378782735
4891,gain_bal_vs_twin,0.013108481366559399
4892,gain_bal_vs_twin,0.007767280179040405
4893,gain_bal_vs_twin,0.013139086811925956
4894,gain_bal_vs_twin,0.010958291920912844
4895,gain_bal_vs_twin,0.0098305410344182
4896,gain_bal_vs_twin,0.010987875129645013
4897,gain_bal_vs_twin,0.012440239550152164
4898,gain_bal_vs_twin,0.009605617477020828
4899,gain_bal_vs_twin,0.014867977353604591
4900,gain_bal_vs_twin,0.008223680829971642
4901,gain_bal_vs_twin,0.00910541794286812
4902,gain_bal_vs_twin,0.012449827189320917
4903,gain_bal_vs_twin,0.012910149706901436
4904,gain_bal_vs_twin,0.011976884241022806
4905,gain_bal_vs_twin,0.01337926417924363
4906,gain_bal_vs_twin,0.011170702679349697
4907,gain_bal_vs_twin,0.013873635776075841
4908,gain_bal_vs_twin,0.011566529530216235
4909,gain_bal_vs_twin,0.01566904372286333
4910,gain_bal_vs_twin,0.01208781963861769
4911,gain_bal_vs_twin,0.012268339075178566
4912,gain_bal_vs_twin,0.011114318709839185
4913,gain_bal_vs_twin,0.014177414923150044
4914,gain_bal_vs_twin,0.012953539444231206
4915,gain_bal_vs_twin,0.012271026883406647
4916,gain_bal_vs_twin,0.014032644218526766
4917,gain_bal_vs_twin,0.013836985532459588
4918,gain_bal_vs_twin,0.011664084364985955
4919,gain_bal_vs_twin,0.011492532344412535
4920,gain_bal_vs_twin,0.0116587273045651
4921,gain_bal_vs_twin,0.00894105163527305
4922,gain_bal_vs_twin,0.012535398266346259
4923,gain_bal_vs_twin,0.009263405547412232
4924,gain_bal_vs_twin,0.011101974000083375
4925,gain_bal_vs_twin,0.010726496048508342
4926,gain_bal_vs_twin,0.009403157488468396
4927,gain_bal_vs_twin,0.011820291995135792
4928,gain_bal_vs_twin,0.013697186725189884
4929,gain_bal_vs_twin,0.010947439914499566
4930,gain_bal_vs_twin,0.01418490845387301
4931,gain_bal_vs_twin,0.013855570097384402
4932,gain_bal_vs_twin,0.013757290918125059
4933,gain_bal_vs_twin,0.011139561072715446
4934,gain_bal_vs_twin,0.012262491727240263
4935,gain_bal_vs_twin,0.013421642239853015
4936,gain_bal_vs_twin,0.013809580704590587
4937,gain_bal_vs_twin,0.011416297498155176
4938,gain_bal_vs_twin,0.013211991842780723
4939,gain_bal_vs_twin,0.014845253032822142
4940,gain_bal_vs_twin,0.011664185580840635
4941,gain_bal_vs_twin,0.01075521924955743
4942,gain_bal_vs_twin,0.015784391704127244
4943,gain_bal_vs_twin,0.009766559060266222
4944,gain_bal_vs_twin,0.015753035384386087
4945,gain_bal_vs_twin,0.011553157468273293
4946,gain_bal_vs_twin,0.012527513904564719
4947,gain_bal_vs_twin,0.010869566940036464
4948,gain_bal_vs_twin,0.011452182957437855
4949,gain_bal_vs_twin,0.01178491704352486
4950,gain_bal_vs_twin,0.011793488687722882
4951,gain_bal_vs_twin,0.011267482115355757
4952,gain_bal_vs_twin,0.015326262418181493
4953,gain_bal_vs_twin,0.013697568426929105
4954,gain_bal_vs_twin,0.011478053765996931
4955,gain_bal_vs_twin,0.01260699331351584
4956,gain_bal_vs_twin,0.01206054359349354
4957,gain_bal_vs_twin,0.011214273986127166
4958,gain_bal_vs_twin,0.01249319887599815
4959,gain_bal_vs_twin,0.013109778514973596
4960,gain_bal_vs_twin,0.012522233261116305
4961,gain_bal_vs_twin,0.007837862821966154
4962,gain_bal_vs_twin,0.013714371543725781
4963,gain_bal_vs_twin,0.013971205330970559
4964,gain_bal_vs_twin,0.011002080629500758
4965,gain_bal_vs_twin,0.013531702629399475
4966,gain_bal_vs_twin,0.011152011162827906
4967,gain_bal_vs_twin,0.011397731673982196
4968,gain_bal_vs_twin,0.01635008953737734
4969,gain_bal_vs_twin,0.012453921151115191
4970,gain_bal_vs_twin,0.011415206397274755
4971,gain_bal_vs_twin,0.013393227308384789
4972,gain_bal_vs_twin,0.011243789575517008
4973,gain_bal_vs_twin,0.012134331021442636
4974,gain_bal_vs_twin,0.011075121268370588
4975,gain_bal_vs_twin,0.012501053142228543
4976,gain_bal_vs_twin,0.013805201580742336
4977,gain_bal_vs_twin,0.013010257556254333
4978,gain_bal_vs_twin,0.012171412736103662
4979,gain_bal_vs_twin,0.011886165311213299
4980,gain_bal_vs_twin,0.012112598273428612
4981,gain_bal_vs_twin,0.01477640038776917
4982,gain_bal_vs_twin,0.012356028760551887
4983,gain_bal_vs_twin,0.0124025328664947
4984,gain_bal_vs_twin,0.012814128861949407
4985,gain_bal_vs_twin,0.01435732954868646
4986,gain_bal_vs_twin,0.01315398676452888
4987,gain_bal_vs_twin,0.011824604629265267
4988,gain_bal_vs_twin,0.011677953620232202
4989,gain_bal_vs_twin,0.012881316903589414
4990,gain_bal_vs_twin,0.010756608677955474
4991,gain_bal_vs_twin,0.013782308405529714
4992,gain_bal_vs_twin,0.014421183690996197
4993,gain_bal_vs_twin,0.01064631423597213
4994,gain_bal_vs_twin,0.012301795486401378
4995,gain_bal_vs_twin,0.01183596856443443
4996,gain_bal_vs_twin,0.01553400235839392
4997,gain_bal_vs_twin,0.01508966419299421
4998,gain_bal_vs_twin,0.012893263849919467
4999,gain_bal_vs_twin,0.011230255152185457
