replicate_id,rho_abs,valid_abs,reason_abs,rho_rel,valid_rel,reason_rel
0,-0.1566519410453888,True,,-0.1883185425544392,True,
1,-0.3362570137946401,True,,-0.34200984463305445,True,
2,-0.23261549845077154,True,,-0.2520078309259916,True,
3,-0.1402443651817561,True,,-0.18471579266904456,True,
4,-0.17728832448602516,True,,-0.22552326206606643,True,
5,-0.21375575518822276,True,,-0.26347276121956226,True,
6,-0.2966300480863208,True,,-0.31510223229993356,True,
7,-0.3549148993157856,True,,-0.38596021329956903,True,
8,-0.3641296807313426,True,,-0.3823361647679097,True,
9,-0.03213948114693835,True,,-0.051920316493365544,True,
10,-0.5123192906816715,True,,-0.5689770665107725,True,
11,-0.317518692613069,True,,-0.34737816313110403,True,
12,-0.3142695135304239,True,,-0.33914046613483495,True,
13,-0.26232590751187174,True,,-0.26559263154539947,True,
14,-0.38938018982120415,True,,-0.39951118341416025,True,
15,-0.3767105911146264,True,,-0.4098404691907057,True,
16,-0.3844319103803556,True,,-0.3995053715090079,True,
17,-0.3168848319279021,True,,-0.3453126811393317,True,
18,-0.14547916748839718,True,,-0.16948684573817693,True,
19,-0.25018908114282185,True,,-0.2957537777640576,True,
20,-0.31116007526899014,True,,-0.36005275262556896,True,
21,-0.20011728485559302,True,,-0.23585007085960025,True,
22,-0.12734684576333413,True,,-0.186291762144096,True,
23,-0.19314504697382956,True,,-0.22816279047032487,True,
24,-0.4606644406543515,True,,-0.4641716111364674,True,
25,-0.3748313532599897,True,,-0.4047444664595363,True,
26,-0.43761068718980256,True,,-0.47088790257340885,True,
27,-0.2701990976031131,True,,-0.320954729197068,True,
28,-0.02710843373493976,True,,-0.016251050714485852,True,
29,-0.38778140122028193,True,,-0.39054281506417,True,
30,-0.1267414906921355,True,,-0.15360166960068186,True,
31,-0.44903738579153457,True,,-0.4841157001678165,True,
32,-0.262358380824837,True,,-0.27856577288145534,True,
33,-0.22424327305194236,True,,-0.24171495597065878,True,
34,-0.26521275867799293,True,,-0.26994398772226513,True,
35,-0.2173346797406593,True,,-0.2636158586649805,True,
36,-0.2438741918128015,True,,-0.28728148168412987,True,
37,-0.3083361038435409,True,,-0.37559445512496203,True,
38,-0.37735849056603776,True,,-0.3750831378863724,True,
39,-0.28329144760172065,True,,-0.28816355478807876,True,
40,-0.08800305959030173,True,,-0.11179456125953134,True,
41,-0.33300444005920077,True,,-0.3385197272715773,True,
42,-0.25033475052533843,True,,-0.27117235986903193,True,
43,-0.16625876301489195,True,,-0.16411208362716223,True,
44,-0.287347368903347,True,,-0.3098439898284117,True,
45,-0.2065088301071952,True,,-0.2551708182308938,True,
46,-0.4507350339370155,True,,-0.48412519702769646,True,
47,-0.14960592271463066,True,,-0.168811711546584,True,
48,-0.3131358541090468,True,,-0.34122338086256265,True,
49,-0.22558404059847756,True,,-0.22089421646688248,True,
50,-0.26133471129739144,True,,-0.25059169521476465,True,
51,-0.2452653551774306,True,,-0.2668733000189765,True,
52,-0.4386465065599952,True,,-0.4617967968715017,True,
53,-0.367725142074916,True,,-0.3645829012320073,True,
54,-0.19844768766068094,True,,-0.2115856459984946,True,
55,-0.2805958325331285,True,,-0.31470856539274056,True,
56,-0.21927654204913774,True,,-0.23843927060395378,True,
57,-0.2896633350867964,True,,-0.26530773277222514,True,
58,-0.2525541808118675,True,,-0.3255031937315978,True,
59,-0.1783982480838417,True,,-0.19879164711403097,True,
60,-0.17618285095161842,True,,-0.1756729842339651,True,
61,-0.25704495410574235,True,,-0.2813280882753161,True,
62,-0.3372247102433788,True,,-0.3618477331052181,True,
63,-0.015719637293001434,True,,-0.02940867555928999,True,
64,-0.3137107886844452,True,,-0.30165356245440544,True,
65,-0.06999645408034041,True,,-0.07518362798237171,True,
66,-0.17581261950286806,True,,-0.18293499043977055,True,
67,-0.23489589674905637,True,,-0.2789480092536223,True,
68,-0.27450682743116545,True,,-0.3161581332812873,True,
69,-0.4003477326488124,True,,-0.45528352150196627,True,
70,-0.47463926935155554,True,,-0.502801179317509,True,
71,-0.2518781872878493,True,,-0.28875018098164446,True,
72,-0.6763531392831369,True,,-0.663074332451287,True,
73,-0.2868909919383105,True,,-0.3026638626007711,True,
74,-0.0881874067516452,True,,-0.12155561471172716,True,
75,-0.24094674556213017,True,,-0.26466798159105853,True,
76,-0.11451481250300091,True,,-0.17192826619292265,True,
77,-0.23827963157726997,True,,-0.24919527042100903,True,
78,-0.1982040924124105,True,,-0.2389241361096272,True,
79,-0.2902228174844758,True,,-0.3586752709119688,True,
80,-0.4253847043850515,True,,-0.4749354005167959,True,
81,-0.2642748555792034,True,,-0.25523462045201173,True,
82,-0.24237789247017807,True,,-0.24667600916020097,True,
83,-0.2389906373995817,True,,-0.2540216180293583,True,
84,-0.3240501753244406,True,,-0.3955102483461664,True,
85,-0.25794084123099975,True,,-0.2527917486987781,True,
86,-0.4008454744470446,True,,-0.44353438514380616,True,
87,-0.11020519889335327,True,,-0.15466658845841766,True,
88,-0.24390720963893125,True,,-0.2960137699018112,True,
89,0.03707761445367581,True,,0.049027663653793484,True,
90,-0.16533822174058357,True,,-0.19106312729777084,True,
91,-0.5199937427895427,True,,-0.5170997829530123,True,
92,-0.032426703218762704,True,,-0.03706478168357467,True,
93,-0.06960044190756767,True,,-0.06715416787226768,True,
94,-0.2921468356861615,True,,-0.3340415826370883,True,
95,-0.33721879304188135,True,,-0.3407386624496251,True,
96,-0.48409845902592624,True,,-0.488725711563801,True,
97,-0.27525149943845734,True,,-0.2683696145666563,True,
98,-0.2335774733406702,True,,-0.2590540523446295,True,
99,-0.4466870598549606,True,,-0.4836330369650362,True,
100,-0.29988272087568413,True,,-0.33043393275996874,True,
101,-0.41541950556701435,True,,-0.42554668178574573,True,
102,-0.18409512138306816,True,,-0.19321024539939435,True,
103,-0.14330635838150288,True,,-0.17473603082851638,True,
104,-0.4397940599607733,True,,-0.4070818156346315,True,
105,-0.19168637967894145,True,,-0.23932651073357705,True,
106,-0.1913090397041599,True,,-0.22349875636622055,True,
107,-0.29557773243208774,True,,-0.2825213620711644,True,
108,-0.1928547467292855,True,,-0.22586380409258638,True,
109,-0.2959512284041885,True,,-0.2943511635914366,True,
110,-0.15311062773890247,True,,-0.15857089092869125,True,
111,-0.21436202819861633,True,,-0.20171643751642,True,
112,-0.32999300862269865,True,,-0.3480790358557779,True,
113,-0.050635242128521454,True,,-0.0693900097324881,True,
114,-0.2622233884369807,True,,-0.35484999562669467,True,
115,-0.3031626617832661,True,,-0.32995124848424856,True,
116,-0.4103894132233496,True,,-0.44804028238151866,True,
117,-0.1745386162861891,True,,-0.26734015568967023,True,
118,-0.07078537311095451,True,,-0.08652415629159815,True,
119,-0.22850982145204976,True,,-0.22811538562675854,True,
120,-0.24222072979628387,True,,-0.2997835982389374,True,
121,-0.13909988371229928,True,,-0.16959447757131899,True,
122,-0.39988736020596993,True,,-0.4417249979885751,True,
123,-0.5183694933350331,True,,-0.5012708454508513,True,
124,-0.2616828912988184,True,,-0.2893379887622263,True,
125,-0.1594309605827132,True,,-0.15993057929474874,True,
126,-0.43337231488890254,True,,-0.4645165261279005,True,
127,-0.3884875912694146,True,,-0.4176547059341003,True,
128,-0.3140835408107421,True,,-0.3371771253266324,True,
129,-0.3466818965710318,True,,-0.3627031587120279,True,
130,-0.5455982237161646,True,,-0.5468009158963526,True,
131,-0.2597680213511428,True,,-0.2959941309654815,True,
132,-0.2106777428831932,True,,-0.21657380204639853,True,
133,-0.299558122238264,True,,-0.3768211051319071,True,
134,0.07204771815666292,True,,0.04637050150315383,True,
135,-0.302467127852594,True,,-0.3800013011515191,True,
136,-0.2831299719729355,True,,-0.3056648642527532,True,
137,-0.17794701819193887,True,,-0.19942818105913013,True,
138,-0.30650887573964497,True,,-0.3002235371466141,True,
139,-0.09964437149500752,True,,-0.09964437149500752,True,
140,-0.3055466435163342,True,,-0.3484817030592409,True,
141,-0.25139396059738045,True,,-0.2991931428071633,True,
142,-0.29648657474889883,True,,-0.28084303089679563,True,
143,-0.2691574719271327,True,,-0.29761637168574023,True,
144,-0.23558650498259096,True,,-0.24317445071437147,True,
145,-0.5923245442453642,True,,-0.6017134809482826,True,
146,-0.41085505350374024,True,,-0.4464123981080809,True,
147,-0.3330056453886355,True,,-0.4225656520387732,True,
148,-0.28382258084915324,True,,-0.30737222861623686,True,
149,-0.21143348925420946,True,,-0.23486146416874518,True,
150,-0.18830679493829455,True,,-0.18736726724669453,True,
151,-0.4470600990206353,True,,-0.4679194824906942,True,
152,-0.26804325296728654,True,,-0.30973191763946734,True,
153,-0.3639859343772926,True,,-0.37926585544789904,True,
154,-0.08678090867809087,True,,-0.09678704301203764,True,
155,-0.23191181089597454,True,,-0.2551141372078179,True,
156,-0.22044806824830607,True,,-0.2847139648566521,True,
157,-0.32613840040312037,True,,-0.3418549914847203,True,
158,-0.18222210970036837,True,,-0.20212159955441347,True,
159,-0.31987650592301753,True,,-0.36215980402026915,True,
160,-0.22777348752187215,True,,-0.24245593798570855,True,
161,-0.27202929273463095,True,,-0.29853150896126424,True,
162,-0.3650913126957498,True,,-0.36738768506528713,True,
163,-0.2913705332566325,True,,-0.32316428213550075,True,
164,-0.19783807029203643,True,,-0.21329997263380115,True,
165,-0.453914505518138,True,,-0.4649214557327051,True,
166,-0.0812615857907261,True,,-0.09306758870935934,True,
167,-0.31327470286460823,True,,-0.3186597839594685,True,
168,-0.16790304451937643,True,,-0.19478082392611054,True,
169,-0.14226583233912007,True,,-0.19619682987996395,True,
170,-0.1281157990473401,True,,-0.15751260193306715,True,
171,-0.17617815350068747,True,,-0.2427875811303309,True,
172,-0.22867516879219804,True,,-0.2648762190547637,True,
173,-0.28424765715489103,True,,-0.314415078445825,True,
174,-0.29890831021003383,True,,-0.29844246855568834,True,
175,-0.2347388216662955,True,,-0.278078836018113,True,
176,-0.10124840610242272,True,,-0.12398885153694567,True,
177,-0.3490531913853614,True,,-0.3532177806454136,True,
178,-0.10944023466145197,True,,-0.15785871425079442,True,
179,-0.5284045934459369,True,,-0.5619177515009073,True,
180,-0.35597610329543267,True,,-0.3888610522258624,True,
181,-0.25243090778632754,True,,-0.285399708043645,True,
182,-0.28210887949260044,True,,-0.3183328299607369,True,
183,-0.12310508223799593,True,,-0.14055395054878478,True,
184,-0.3364869619609836,True,,-0.3473357050705657,True,
185,-0.12442013572369087,True,,-0.12429859211992303,True,
186,-0.20231650704051574,True,,-0.20799210351794445,True,
187,-0.4262011122253624,True,,-0.3990538993729804,True,
188,-0.4933416708673375,True,,-0.5090638778466191,True,
189,-0.3349844006304075,True,,-0.3831012190022836,True,
190,-0.26356927205635694,True,,-0.27973834283797383,True,
191,-0.35161451154060475,True,,-0.36913315931997925,True,
192,-0.2512170379307654,True,,-0.2977976265509355,True,
193,-0.3170216178982232,True,,-0.366277588533361,True,
194,-0.2330003380579794,True,,-0.2784078938987884,True,
195,-0.3333899552686711,True,,-0.3779702923579261,True,
196,-0.2602892312339526,True,,-0.29036399335447816,True,
197,-0.14843946534288158,True,,-0.18241736126251532,True,
198,-0.02860273114997848,True,,-0.05217748562037798,True,
199,-0.27986536590496724,True,,-0.27713061084961477,True,
200,-0.18168855893387711,True,,-0.19247405188825784,True,
201,-0.24963931573041429,True,,-0.2744177525362402,True,
202,-0.13027122300265698,True,,-0.15328966406229447,True,
203,-0.28522180418234316,True,,-0.2733222504156094,True,
204,-0.1448951653577347,True,,-0.1532050820183971,True,
205,-0.1354194057323166,True,,-0.14872628467159102,True,
206,-0.25533932184503505,True,,-0.2751424633700529,True,
207,-0.2480335394274715,True,,-0.28179468186421974,True,
208,-0.21124848634431906,True,,-0.2540550546458624,True,
209,-0.5294453110585552,True,,-0.5352823764236233,True,
210,-0.2828942173558287,True,,-0.294133129787066,True,
211,-0.060269709543568466,True,,-0.055695020746887966,True,
212,-0.21048438495857233,True,,-0.21810070108349267,True,
213,-0.33701701069582035,True,,-0.3468313796687322,True,
214,-0.29269401072011186,True,,-0.33639011885341413,True,
215,-0.33452244130334197,True,,-0.3896890905562936,True,
216,-0.2949909866115736,True,,-0.2874764537886614,True,
217,-0.3719033562916803,True,,-0.41003607740242703,True,
218,-0.23349905982088792,True,,-0.21554004525607928,True,
219,-0.258642021131814,True,,-0.2794521564842996,True,
220,-0.3322021476595609,True,,-0.32167096835866554,True,
221,-0.5037246021728908,True,,-0.5202068948449526,True,
222,-0.27314665493818113,True,,-0.3208620436886087,True,
223,-0.1869360481940389,True,,-0.20219398626785573,True,
224,-0.4334970222547278,True,,-0.5052972521157664,True,
225,-0.282064674018474,True,,-0.3253398594302598,True,
226,-0.3353404036948341,True,,-0.3535408826548067,True,
227,-0.5835472989981373,True,,-0.5827082179596905,True,
228,-0.08592858099532505,True,,-0.09854394009936668,True,
229,-0.2571975654790399,True,,-0.2649251179648499,True,
230,-0.3051342323394779,True,,-0.31850797971050354,True,
231,-0.09309444406411674,True,,-0.13129455946641108,True,
232,-0.27631447016266497,True,,-0.28951894672703293,True,
233,-0.27205779538569097,True,,-0.3262060125844791,True,
234,-0.28451915559030494,True,,-0.313721657544957,True,
235,-0.2609052693322905,True,,-0.32065695571414604,True,
236,-0.3637463396985834,True,,-0.44383769177718235,True,
237,-0.632454700524605,True,,-0.6565285957967236,True,
238,-0.24831108159479698,True,,-0.2857306432775322,True,
239,-0.4059364273596444,True,,-0.4121437683294099,True,
240,-0.12525980688784236,True,,-0.1378883948538504,True,
241,-0.2531643533782588,True,,-0.2999983916882448,True,
242,-0.30420076057522166,True,,-0.3329618441505118,True,
243,-0.3415153839597716,True,,-0.36085034883296196,True,
244,-0.37963232410137027,True,,-0.41956298948593695,True,
245,-0.46063382099569566,True,,-0.46645695384116653,True,
246,-0.18253692310017988,True,,-0.2082860929288043,True,
247,-0.080408875844445,True,,-0.11739999493965539,True,
248,-0.3629466312171714,True,,-0.40866351079696517,True,
249,-0.12785777466113107,True,,-0.12113219274689022,True,
250,-0.23741465787663765,True,,-0.2694546491537081,True,
251,-0.3887909906625347,True,,-0.37303275202041686,True,
252,-0.5230428781815518,True,,-0.5545634691155267,True,
253,-0.3601777411301221,True,,-0.39819968391396965,True,
254,-0.18441318173058394,True,,-0.21452302948545,True,
255,-0.48532603382539835,True,,-0.4864209600156418,True,
256,-0.31805476788463094,True,,-0.3248804990682978,True,
257,-0.32880657822083603,True,,-0.36818934769956274,True,
258,-0.3094857096558569,True,,-0.31258482043387553,True,
259,-0.17091402641601167,True,,-0.170995057126651,True,
260,-0.16429758529670543,True,,-0.20177925505914557,True,
261,-0.10954193992049781,True,,-0.14979621274383187,True,
262,-0.17463536584588107,True,,-0.1767526992812546,True,
263,-0.31038735787242244,True,,-0.3340682212372326,True,
264,-0.1733838850479498,True,,-0.1789594418071176,True,
265,-0.31533961726101933,True,,-0.3492974897687073,True,
266,-0.2969617580355048,True,,-0.33596621568780793,True,
267,-0.2833363449098334,True,,-0.344454483032778,True,
268,-0.524761134311389,True,,-0.5607495025909002,True,
269,-0.036466209907552304,True,,-0.052536065121049934,True,
270,-0.14846029173419772,True,,-0.17021880064829822,True,
271,-0.5686964314656446,True,,-0.5946953446023892,True,
272,-0.18018664752333094,True,,-0.1829962620986707,True,
273,-0.1315837913171527,True,,-0.13076862394488417,True,
274,-0.24950120015799548,True,,-0.2803305751643254,True,
275,-0.1317884995708795,True,,-0.18238740251501923,True,
276,-0.28233049141296546,True,,-0.2966509689956408,True,
277,-0.04309419130011954,True,,-0.06929108333164495,True,
278,-0.2730159953748314,True,,-0.30839853536326844,True,
279,-0.16901647698318328,True,,-0.2318668252080856,True,
280,-0.26421227029556466,True,,-0.28429599463759503,True,
281,-0.22089000839630563,True,,-0.22727120067170445,True,
282,-0.27915869980879543,True,,-0.29371708429774246,True,
283,-0.17790523297113842,True,,-0.19540108921571206,True,
284,-0.2595460592879393,True,,-0.24587525792085912,True,
285,-0.08809867178723099,True,,-0.09184348283362681,True,
286,-0.4167509289151489,True,,-0.4923311201803009,True,
287,-0.3544995150834567,True,,-0.35225358583022814,True,
288,-0.33630743738448793,True,,-0.31965776559811354,True,
289,-0.38017030750769853,True,,-0.4490884644855354,True,
290,-0.18311026131293817,True,,-0.1798597833014659,True,
291,-0.3177638525986388,True,,-0.33858995999722524,True,
292,-0.26276133965194537,True,,-0.26491179164509576,True,
293,-0.24532722886365912,True,,-0.2650896786674991,True,
294,-0.2397217890646271,True,,-0.25724610776960966,True,
295,-0.15167451533478354,True,,-0.14732388305882915,True,
296,-0.4071831133825743,True,,-0.4006370987503063,True,
297,-0.3713343371334337,True,,-0.3844156051082272,True,
298,-0.05926803820868914,True,,-0.08661784220176051,True,
299,-0.4071318767168166,True,,-0.41215191149416597,True,
300,-0.4479586406143085,True,,-0.468004764439038,True,
301,-0.34299896714917755,True,,-0.37261249595338297,True,
302,-0.4446402884985514,True,,-0.42792601146700704,True,
303,-0.24463903022653466,True,,-0.24169394811922323,True,
304,-0.36936242386863,True,,-0.3767018734099144,True,
305,-0.2597530213852279,True,,-0.27529302118262033,True,
306,-0.10691527023837621,True,,-0.10574156880505713,True,
307,-0.37917055237419944,True,,-0.4023075322353159,True,
308,-0.24765904544838743,True,,-0.2608560522142442,True,
309,-0.5566876500746317,True,,-0.5784281913167629,True,
310,-0.09946212052146959,True,,-0.1296887187123307,True,
311,-0.4711053532596123,True,,-0.4949027591418745,True,
312,-0.2996917156787721,True,,-0.34486302118634804,True,
313,-0.06738381420793772,True,,-0.0824807343310276,True,
314,-0.2651943963789581,True,,-0.2925672835342308,True,
315,-0.23038569176826326,True,,-0.28317303052723003,True,
316,-0.21658220800422764,True,,-0.27301380592437413,True,
317,-0.30018912860745306,True,,-0.28803586438778367,True,
318,-0.3401494852630094,True,,-0.40294034691862923,True,
319,-0.28797946931854634,True,,-0.2803262911873883,True,
320,-0.2830912375343347,True,,-0.3131325629160377,True,
321,-0.14835028835919903,True,,-0.18832454642211827,True,
322,-0.4582201200898997,True,,-0.4845862265606655,True,
323,-0.2040223015646568,True,,-0.2279278515079775,True,
324,-0.21201402880382061,True,,-0.2700544735467502,True,
325,-0.10144392828992604,True,,-0.1305908199030673,True,
326,-0.2000688809878344,True,,-0.2131157504482329,True,
327,-0.36280193473456207,True,,-0.3795715944898289,True,
328,-0.39805683395426983,True,,-0.4434217254730075,True,
329,-0.5551416297489596,True,,-0.5687340582628541,True,
330,-0.2725524431286217,True,,-0.2903413547913662,True,
331,-0.2988817140453747,True,,-0.3176971226403424,True,
332,-0.15844492240801128,True,,-0.19356753548108574,True,
333,-0.2754191312869693,True,,-0.2837142557138357,True,
334,-0.24282292187488339,True,,-0.28500108206532687,True,
335,-0.13016192633610202,True,,-0.14120312106720362,True,
336,-0.19230659257917862,True,,-0.25844206593532276,True,
337,-0.5112814857602969,True,,-0.49097656181624044,True,
338,-0.4412214899242261,True,,-0.4366927679599246,True,
339,-0.39420536051340127,True,,-0.4350132125330313,True,
340,-0.4210771459015243,True,,-0.4321153073138985,True,
341,-0.26677973941870325,True,,-0.3035695011949734,True,
342,-0.391894183483127,True,,-0.4191807852991506,True,
343,-0.1844875257970183,True,,-0.15556299253380504,True,
344,-0.16907198239334184,True,,-0.21023007551131404,True,
345,-0.25367390137435814,True,,-0.25750225346121514,True,
346,-0.06934585057923093,True,,-0.1077762619372442,True,
347,-0.19288076279743782,True,,-0.23801962492195508,True,
348,-0.32446474817829396,True,,-0.3862016825647048,True,
349,0.004435990885474843,True,,0.00876347551907476,True,
350,-0.16228220020498804,True,,-0.21416188993913626,True,
351,-0.19037045007678988,True,,-0.20895653790094593,True,
352,-0.24389875710763348,True,,-0.2708364783038964,True,
353,-0.4864256517067725,True,,-0.5116115749605344,True,
354,-0.11920918367346939,True,,-0.12261479591836735,True,
355,-0.22949427066618844,True,,-0.28703301681988935,True,
356,-0.1579390437560985,True,,-0.15786251363192838,True,
357,-0.21583528359935839,True,,-0.22890425727734098,True,
358,-0.37904823577480207,True,,-0.3943430699137353,True,
359,-0.31364086718500733,True,,-0.3845740482627752,True,
360,-0.27339892853391223,True,,-0.2656955775762457,True,
361,-0.3195031244465808,True,,-0.33652946087484503,True,
362,-0.20640054696539392,True,,-0.22415062585463344,True,
363,-0.2966248484398585,True,,-0.3234973894538886,True,
364,-0.17804565984800605,True,,-0.2128532009680751,True,
365,-0.3145628689709233,True,,-0.3573426744727237,True,
366,-0.20466331739729357,True,,-0.18922696702050076,True,
367,-0.29020258179636976,True,,-0.3206074933590068,True,
368,-0.021378670355260625,True,,-0.02274438394060897,True,
369,-0.12591868550642152,True,,-0.15211204869961148,True,
370,-0.20965546300197713,True,,-0.2367678993939001,True,
371,-0.20241710471551233,True,,-0.22544742643091675,True,
372,-0.20816066305387312,True,,-0.23070986359746992,True,
373,-0.12657944908290053,True,,-0.14041154427716784,True,
374,-0.27065773359268064,True,,-0.2802151622121365,True,
375,-0.1427181018268864,True,,-0.1365627178387763,True,
376,-0.15396271421728205,True,,-0.17764026160659296,True,
377,-0.3999358269160249,True,,-0.409011734506784,True,
378,-0.15093289040307284,True,,-0.19379771802833118,True,
379,-0.4331239159761033,True,,-0.44582771246868375,True,
380,-0.2551814484592523,True,,-0.2730134522133584,True,
381,-0.1447796360272329,True,,-0.21079487142423498,True,
382,-0.2395082748066847,True,,-0.24846715920261875,True,
383,-0.17455538439994397,True,,-0.19773141016664333,True,
384,-0.06768355221049223,True,,-0.12678424084455994,True,
385,-0.18764626995187883,True,,-0.20844618580556942,True,
386,-0.17264800007829398,True,,-0.2481038178099218,True,
387,-0.3224112847112404,True,,-0.32564994623315835,True,
388,-0.07650390765039077,True,,-0.08560184189351752,True,
389,-0.5785484099799347,True,,-0.552585176027078,True,
390,-0.548553147475525,True,,-0.5293098886296395,True,
391,-0.21744840245340177,True,,-0.2631586801772896,True,
392,-0.2524423282160742,True,,-0.320839246132736,True,
393,-0.2817380524016147,True,,-0.2969676811353179,True,
394,-0.31350448123955643,True,,-0.3036811990480531,True,
395,-0.26929429356058754,True,,-0.284422857031166,True,
396,-0.21852662474855458,True,,-0.2453980744657971,True,
397,-0.41002084841286046,True,,-0.4231609163403302,True,
398,-0.24335396078679,True,,-0.28774508256243486,True,
399,-0.19639085278856042,True,,-0.1780422289353494,True,
400,-0.03487459823349277,True,,-0.06666160504137879,True,
401,-0.15771174749293196,True,,-0.18341035491793645,True,
402,-0.2411987198137911,True,,-0.26070511441980493,True,
403,-0.19705476300046018,True,,-0.19329432647426203,True,
404,-0.15702895894428154,True,,-0.17370784457478006,True,
405,-0.18104863934939006,True,,-0.21199562089458868,True,
406,-0.2521254623180748,True,,-0.23147125222152842,True,
407,-0.49477819940226336,True,,-0.525504550186373,True,
408,-0.3567512850513363,True,,-0.3579870377430423,True,
409,-0.2848206101346027,True,,-0.34277857292185965,True,
410,-0.2545177157587395,True,,-0.252807954336218,True,
411,-0.45062852023749395,True,,-0.4799054598823967,True,
412,-0.6230043825324777,True,,-0.607508999843481,True,
413,-0.3281926875758101,True,,-0.33810679010817635,True,
414,-0.19555244265452634,True,,-0.19950971808790055,True,
415,-0.28826980243600875,True,,-0.2793518006997606,True,
416,-0.3451894188264261,True,,-0.3285024462744548,True,
417,-0.1615130907223257,True,,-0.18445820931542112,True,
418,-0.19277579223254707,True,,-0.24689063616869192,True,
419,-0.1952935399491959,True,,-0.2719151628469173,True,
420,-0.23379136451593988,True,,-0.25593713961806847,True,
421,-0.29446882786708994,True,,-0.3182985289839491,True,
422,-0.32832422031978764,True,,-0.35355651083210543,True,
423,-0.25522161950838096,True,,-0.29073938327713433,True,
424,-0.3560300988342498,True,,-0.3855543739573516,True,
425,-0.2627169000474164,True,,-0.3180320390855236,True,
426,-0.10717432761228382,True,,-0.10685868350101926,True,
427,-0.21791564051444431,True,,-0.25610804894257455,True,
428,-0.2571164151478513,True,,-0.27410326452017375,True,
429,-0.36243952499633486,True,,-0.38024727557054194,True,
430,-0.2913003940588057,True,,-0.318049377980959,True,
431,-0.0941054114805247,True,,-0.12131378535243399,True,
432,-0.2562500821946633,True,,-0.24799116242980576,True,
433,-0.3054586395466805,True,,-0.3218147625763987,True,
434,-0.223690081591025,True,,-0.23280532891381947,True,
435,-0.2879451181670273,True,,-0.30636206578439756,True,
436,-0.126188897966734,True,,-0.15826794715666476,True,
437,-0.21693514463167793,True,,-0.24179100784401059,True,
438,-0.20621076973901553,True,,-0.24224833640096277,True,
439,-0.3399575696108261,True,,-0.37461722007457166,True,
440,-0.19074977937071125,True,,-0.23734908656472692,True,
441,-0.24563433620871028,True,,-0.2504207868714496,True,
442,-0.5080525778458397,True,,-0.5048238897396631,True,
443,-0.35748115860859825,True,,-0.4017264680457307,True,
444,-0.12816045380875202,True,,-0.11173014586709887,True,
445,-0.15470333033986416,True,,-0.18303588368474974,True,
446,-0.2615745491863363,True,,-0.30420759419439963,True,
447,-0.016326584310165634,True,,-0.008248806093854836,True,
448,-0.16866391081794982,True,,-0.21461296243788147,True,
449,-0.43758652147008353,True,,-0.4241003361977123,True,
450,-0.29222846658495033,True,,-0.3243599528203705,True,
451,-0.31685278322393656,True,,-0.34529999878222534,True,
452,0.018185312417421384,True,,0.011699137578975184,True,
453,-0.42743577314590403,True,,-0.5137531397347199,True,
454,-0.4515844723029769,True,,-0.4538733737618227,True,
455,-0.44296608422836464,True,,-0.4449355348432455,True,
456,-0.05598303751581683,True,,-0.071303990971581,True,
457,-0.6099197959663076,True,,-0.6240142286653915,True,
458,-0.2791942249280088,True,,-0.2771955661332527,True,
459,-0.23078090612430752,True,,-0.2735827578356227,True,
460,-0.35386610471713403,True,,-0.39328902577403146,True,
461,-0.29882469380180626,True,,-0.31566250154645553,True,
462,-0.341503247287597,True,,-0.40404360100773523,True,
463,-0.30115063886363413,True,,-0.31798496446412683,True,
464,-0.47500213136516983,True,,-0.4850134580486438,True,
465,-0.41450731621492176,True,,-0.4139794930943142,True,
466,-0.3925284077768698,True,,-0.40036078262076197,True,
467,-0.4437512577983498,True,,-0.4598846179647146,True,
468,-0.358757383726078,True,,-0.38724243919098394,True,
469,-0.14278764290926782,True,,-0.16646395848536447,True,
470,-0.4772730778129097,True,,-0.48700547543764944,True,
471,-0.3249811044181306,True,,-0.3319438400403106,True,
472,-0.28172869147659063,True,,-0.2895078031212485,True,
473,-0.48487539835954235,True,,-0.5052057289139992,True,
474,-0.3530082500503052,True,,-0.3795693876182172,True,
475,-0.37284775713638424,True,,-0.42274580879021295,True,
476,-0.3331791251921384,True,,-0.37141279529615423,True,
477,-0.3485519160237764,True,,-0.38173770077146835,True,
478,-0.29882136783878344,True,,-0.3168038154062665,True,
479,-0.15973935598152716,True,,-0.2004048839121908,True,
480,-0.10680883085914213,True,,-0.13745687675302717,True,
481,-0.3295269014071215,True,,-0.3880956200866357,True,
482,-0.22424405051402888,True,,-0.26389051939557584,True,
483,-0.20076808737312843,True,,-0.21891128080483307,True,
484,-0.14863461260337368,True,,-0.1459261888796855,True,
485,-0.4582242728966046,True,,-0.5065314520154369,True,
486,-0.22137581127766295,True,,-0.28418207311255983,True,
487,-0.08435101362982765,True,,-0.09850740223180833,True,
488,-0.5041706261218456,True,,-0.5532796020600899,True,
489,-0.20951557924048203,True,,-0.2176292668875126,True,
490,-0.2611668272045631,True,,-0.3036999263414358,True,
491,-0.3676114151681001,True,,-0.39018764659890537,True,
492,-0.2993200832916626,True,,-0.35260883518550307,True,
493,-0.11107608790823921,True,,-0.10498205060852815,True,
494,-0.16185372436655943,True,,-0.18952855005427396,True,
495,-0.03833008007011114,True,,-0.06298052025654305,True,
496,-0.2212334788174149,True,,-0.22274486821609785,True,
497,-0.19333132934076352,True,,-0.2259809929012417,True,
498,-0.30177320213492526,True,,-0.33227936154605014,True,
499,-0.4804914625483438,True,,-0.45486595280065245,True,
500,-0.3327858755902279,True,,-0.36815555620729096,True,
501,-0.22425024348903982,True,,-0.25002845975790233,True,
502,-0.23811723846772717,True,,-0.25285369486773035,True,
503,-0.12221424694945816,True,,-0.12207419337896745,True,
504,-0.35869684315611344,True,,-0.40561730724747075,True,
505,-0.2971272939498087,True,,-0.33934245509370337,True,
506,-0.519242934136282,True,,-0.5377394296703019,True,
507,-0.21829919026829359,True,,-0.27824172543751635,True,
508,-0.1886031572334691,True,,-0.17514742537540276,True,
509,-0.3376618114782327,True,,-0.3390798776411482,True,
510,-0.1706115037935283,True,,-0.21483691070617988,True,
511,-0.24243473957688977,True,,-0.278683657058023,True,
512,-0.2776944200662458,True,,-0.3156677896365918,True,
513,-0.26196984688658204,True,,-0.2786731288467021,True,
514,-0.24958868624636818,True,,-0.2489235831553891,True,
515,-0.42159182886876084,True,,-0.45167084216612063,True,
516,-0.10754072577847335,True,,-0.12823319892991233,True,
517,-0.15172448695564159,True,,-0.18687213745287076,True,
518,-0.30477820280518086,True,,-0.34551372391114693,True,
519,-0.2584583240056712,True,,-0.2970375345123498,True,
520,-0.4696863021200031,True,,-0.4728936869279512,True,
521,-0.17138834587608504,True,,-0.17949133486614874,True,
522,-0.3245479055698034,True,,-0.3512987439994739,True,
523,-0.28320821322316597,True,,-0.31138721462595,True,
524,-0.29027292521140313,True,,-0.29805053420426353,True,
525,-0.19870900686523893,True,,-0.25758777568082564,True,
526,-0.3913057332451745,True,,-0.37170898025189,True,
527,-0.21197644098393537,True,,-0.2895461424846374,True,
528,-0.23649665698183217,True,,-0.2457380894038576,True,
529,-0.5118580389789004,True,,-0.5252088155378887,True,
530,-0.3562327872914225,True,,-0.39422701239791497,True,
531,-0.2481317639149825,True,,-0.28939202045605966,True,
532,-0.4214175654853621,True,,-0.42407900266143717,True,
533,-0.1349690160713386,True,,-0.21248761482526407,True,
534,-0.16506789877336586,True,,-0.24781293242957994,True,
535,-0.3574159778622151,True,,-0.37405533245694594,True,
536,-0.20636406176883482,True,,-0.23643905955557803,True,
537,-0.33942191187903153,True,,-0.4149921908377165,True,
538,-0.41692855905570264,True,,-0.44851649303407487,True,
539,-0.15419078781776996,True,,-0.16251363369410185,True,
540,-0.40231326020446234,True,,-0.4377285277218118,True,
541,-0.32683451478856024,True,,-0.33772671718406255,True,
542,-0.32055673719168626,True,,-0.34327400276129705,True,
543,-0.31378733314311713,True,,-0.32230079351002877,True,
544,-0.15788705809404835,True,,-0.22452515341898657,True,
545,-0.34576873144016834,True,,-0.3926253115067226,True,
546,-0.059964324234630384,True,,-0.07417240521032108,True,
547,-0.35652206187097535,True,,-0.3646255389430839,True,
548,-0.24715697284850086,True,,-0.30042185332339255,True,
549,-0.17040599857269945,True,,-0.1990888738989745,True,
550,-0.3064303406568662,True,,-0.33988483932190305,True,
551,-0.019579571916169575,True,,-0.04361861622380299,True,
552,-0.44273016937782994,True,,-0.4679859131309743,True,
553,-0.31613599568267675,True,,-0.31055431346850665,True,
554,-0.10392869049499044,True,,-0.1723605481567265,True,
555,-0.29565130132550016,True,,-0.4050301498827758,True,
556,-0.2091174398711885,True,,-0.23353795578813188,True,
557,-0.5128493430982263,True,,-0.5026387496074797,True,
558,-0.24296776428094308,True,,-0.2644912298062888,True,
559,-0.2084902320491777,True,,-0.23690901483698626,True,
560,-0.3020367912928085,True,,-0.3419691011577935,True,
561,-0.2860726975895515,True,,-0.31535100355325074,True,
562,-0.16681293585860016,True,,-0.22841585746775,True,
563,-0.40104015083452493,True,,-0.4074177179951156,True,
564,-0.23316943469633133,True,,-0.241654366122836,True,
565,-0.0932858805009924,True,,-0.12093628088426528,True,
566,-0.36712769053614586,True,,-0.3817556025155959,True,
567,-0.2607033285540293,True,,-0.27536500007708553,True,
568,-0.32095535205125625,True,,-0.3497702190466606,True,
569,-0.3409056591111186,True,,-0.3713739241313357,True,
570,-0.4517344700830939,True,,-0.4877521391282859,True,
571,-0.468753188909498,True,,-0.49743386576866977,True,
572,-0.19757875034845288,True,,-0.21365138783799928,True,
573,-0.25455795776655876,True,,-0.2850505694302343,True,
574,-0.1751940753592866,True,,-0.17011654089775402,True,
575,-0.13961568460611218,True,,-0.14701026124127592,True,
576,-0.250372936817285,True,,-0.23867956306241278,True,
577,-0.41029032328006765,True,,-0.4504022029010646,True,
578,-0.2575434124581807,True,,-0.2557113270670703,True,
579,-0.19966266391026263,True,,-0.25111388078303765,True,
580,-0.278497988377291,True,,-0.27844539693391884,True,
581,-0.09856484407516455,True,,-0.12638929567911703,True,
582,-0.512905317769131,True,,-0.5377431906614786,True,
583,-0.31868179929585166,True,,-0.40020555883574976,True,
584,-0.31284786999491204,True,,-0.33529656639787847,True,
585,-0.20522190547254163,True,,-0.2006556080637241,True,
586,-0.3488954056695992,True,,-0.3709481915933529,True,
587,-0.4435945586955526,True,,-0.4525717949892365,True,
588,-0.2682894610433279,True,,-0.31935104236718226,True,
589,-0.04614899155907334,True,,-0.06431933524415577,True,
590,-0.2400036840651027,True,,-0.2741339157664829,True,
591,-0.14741745698854883,True,,-0.18640460768483633,True,
592,-0.2746397323726197,True,,-0.3279400411734431,True,
593,-0.03201798792915281,True,,-0.03967074726170596,True,
594,-0.3002262230863189,True,,-0.3695964845076938,True,
595,-0.29322400143427346,True,,-0.3352331166196439,True,
596,-0.18622430045275737,True,,-0.20715505084242558,True,
597,-0.09893559124678843,True,,-0.12758982926427967,True,
598,-0.4274837081880818,True,,-0.44920612407903676,True,
599,-0.28757841065378553,True,,-0.3184059575324545,True,
600,-0.34353547352020114,True,,-0.3971738426175894,True,
601,-0.16851337034706346,True,,-0.16923027903679336,True,
602,-0.1914999584958911,True,,-0.18360380177637586,True,
603,-0.22875182127246235,True,,-0.2556102900930487,True,
604,-0.10112596022308745,True,,-0.12475007892244554,True,
605,-0.15679980884871172,True,,-0.16468479949026324,True,
606,-0.15541557305336834,True,,-0.17291338582677165,True,
607,-0.23568306077469162,True,,-0.3127869171851978,True,
608,-0.14233765725960176,True,,-0.17058817779254928,True,
609,-0.3375539240086278,True,,-0.33849759415961506,True,
610,-0.30954557086974005,True,,-0.3453003326874566,True,
611,-0.15123785482322932,True,,-0.15181635309430835,True,
612,-0.175454198958201,True,,-0.20717727197208838,True,
613,-0.06891275937908392,True,,-0.08006884901029547,True,
614,-0.34440307269128845,True,,-0.3658381134480561,True,
615,-0.2792695920781239,True,,-0.3139522380472927,True,
616,-0.09202719258209421,True,,-0.0966874054144947,True,
617,-0.43871009706071534,True,,-0.4856143444607457,True,
618,-0.27543959232873916,True,,-0.2790239360175518,True,
619,-0.14993743645890356,True,,-0.1884726675529835,True,
620,-0.31066150384170943,True,,-0.34052344557747277,True,
621,-0.34549885915785106,True,,-0.3440157643642398,True,
622,-0.20621177764034906,True,,-0.2303534208296113,True,
623,-0.43707277844792924,True,,-0.48989143546441494,True,
624,-0.19992304031269936,True,,-0.21677316132168137,True,
625,-0.30095047650386647,True,,-0.3184159568678572,True,
626,-0.42875983080560337,True,,-0.46440001929974106,True,
627,-0.17942701036704958,True,,-0.17294760437097226,True,
628,-0.21469165225292725,True,,-0.1868737994085717,True,
629,-0.11050628764396059,True,,-0.117885133943197,True,
630,-0.32978482446206114,True,,-0.38775009437523594,True,
631,-0.1477441551333177,True,,-0.17649933536633045,True,
632,-0.11667311829010746,True,,-0.1601848267616607,True,
633,-0.1775478037247501,True,,-0.17770334729768966,True,
634,-0.36021422635353506,True,,-0.40995413832374034,True,
635,-0.3125102598158456,True,,-0.3749197868942978,True,
636,-0.1338771501278756,True,,-0.1355864101075941,True,
637,-0.021622388392404806,True,,-0.006038867610999655,True,
638,-0.18605626478334536,True,,-0.20487829427454665,True,
639,-0.45048044664446946,True,,-0.4531643646583702,True,
640,-0.27928909316102846,True,,-0.3109993583334577,True,
641,-0.32954592620263146,True,,-0.2993400572780476,True,
642,-0.2477887813728455,True,,-0.27281146053825217,True,
643,-0.33229871593037225,True,,-0.3629791012258724,True,
644,-0.44927942283783073,True,,-0.43880785192708427,True,
645,-0.34008602747328986,True,,-0.3723077871822148,True,
646,-0.22189815470291188,True,,-0.2705649157581764,True,
647,-0.32010675922639004,True,,-0.3094308365873861,True,
648,-0.3922011327108526,True,,-0.40092606765651306,True,
649,-0.2794371152154793,True,,-0.3425505716798593,True,
650,-0.27557866329486586,True,,-0.30990686658425887,True,
651,-0.4565516980989598,True,,-0.50740971474958,True,
652,-0.16435340289078204,True,,-0.17737149420886378,True,
653,-0.45246597818743367,True,,-0.4906218833445935,True,
654,-0.26469476517102525,True,,-0.294983897873713,True,
655,-0.054034888668274,True,,-0.06696112000324168,True,
656,-0.33733957500525985,True,,-0.3375499684409846,True,
657,-0.18855487680338676,True,,-0.20254253547975812,True,
658,-0.24097006068477506,True,,-0.2961909667017489,True,
659,-0.19769512398069564,True,,-0.20378598768513895,True,
660,-0.21634937891790612,True,,-0.2437217120430555,True,
661,-0.3200618524065213,True,,-0.3540319733109301,True,
662,-0.411117199391172,True,,-0.42947945205479454,True,
663,-0.20713310699660495,True,,-0.20275804137062056,True,
664,-0.30948774121375966,True,,-0.36732077934184765,True,
665,-0.36369897700800163,True,,-0.36284817178162665,True,
666,-0.07853641456582633,True,,-0.08760504201680672,True,
667,-0.33730903875369184,True,,-0.37780839238702735,True,
668,-0.2896524807442631,True,,-0.27420010036082104,True,
669,-0.17815081403144806,True,,-0.22123692299907655,True,
670,-0.0011050785566713113,True,,-0.0048527362706001055,True,
671,-0.34061486739482005,True,,-0.3303697330369733,True,
672,-0.46303519943261534,True,,-0.4898780431397339,True,
673,-0.24745958152160857,True,,-0.23458332332380427,True,
674,-0.2271769719385704,True,,-0.2803087561308997,True,
675,-0.16270874424720577,True,,-0.16491781722550952,True,
676,-0.2196652319464371,True,,-0.2300334768053563,True,
677,0.008393180242150822,True,,0.01322344351541141,True,
678,-0.3648664873691288,True,,-0.3854336759197003,True,
679,-0.34931828866948755,True,,-0.3479573404597531,True,
680,-0.2798127744615951,True,,-0.2864655920481738,True,
681,-0.17291558581244384,True,,-0.20525896212686803,True,
682,-0.23187665917908923,True,,-0.22299366959362876,True,
683,-0.34512344598143935,True,,-0.3706181054106111,True,
684,-0.3174398928294437,True,,-0.3791334696467602,True,
685,-0.3324323019742241,True,,-0.3864620038293833,True,
686,-0.03397565922920893,True,,-0.015821501014198783,True,
687,-0.056569207535959204,True,,-0.10156462753447379,True,
688,-0.39360912262023173,True,,-0.42364428505386437,True,
689,-0.34297294689098334,True,,-0.37378968700743076,True,
690,-0.27447663996272925,True,,-0.28359176397905544,True,
691,-0.28487786759459277,True,,-0.3062449294769664,True,
692,-0.3248955555212974,True,,-0.34447407772827476,True,
693,-0.15969493875664434,True,,-0.17786473068064998,True,
694,-0.1561100285952881,True,,-0.19945846091555533,True,
695,-0.2013796509451246,True,,-0.19798628314706984,True,
696,-0.5186375483968925,True,,-0.5237745780297087,True,
697,-0.23826059505958488,True,,-0.2523347275931918,True,
698,-0.21941583630034966,True,,-0.22502329804774307,True,
699,-0.30624833510921684,True,,-0.31678709376664893,True,
700,-0.35668193435736517,True,,-0.3952729205152213,True,
701,-0.32306507508663845,True,,-0.3013617110652151,True,
702,-0.20472657323440505,True,,-0.2882370807480366,True,
703,-0.20681531588774082,True,,-0.22839910458557758,True,
704,-0.3908190254180302,True,,-0.40703217226281735,True,
705,-0.34818710887086957,True,,-0.3990552024740059,True,
706,-0.19547799532685056,True,,-0.23602489261781195,True,
707,0.0011544566838231757,True,,0.014286401462311799,True,
708,-0.267225828335312,True,,-0.3020089733113369,True,
709,-0.3617697177179956,True,,-0.40086203573053286,True,
710,-0.2623754642531383,True,,-0.29673397602261675,True,
711,-0.2185768494576715,True,,-0.23630746499210853,True,
712,-0.1483891521643901,True,,-0.16678746366134364,True,
713,-0.32298827483818493,True,,-0.3486140986128737,True,
714,-0.057773364675366784,True,,-0.06685174677798493,True,
715,-0.257292226972039,True,,-0.31034547839462484,True,
716,-0.4623604274222596,True,,-0.47475087045263537,True,
717,-0.2925003161755407,True,,-0.3141520171999494,True,
718,-0.2859224311385555,True,,-0.2890523215923896,True,
719,-0.289924506387921,True,,-0.2819810851169736,True,
720,-0.2546676483358819,True,,-0.32396971928036095,True,
721,-0.19373512867965467,True,,-0.27649488107501985,True,
722,-0.31932108218478816,True,,-0.2971924451250638,True,
723,-0.09074915701510043,True,,-0.12814347847334212,True,
724,-0.3859892959382649,True,,-0.367277932207609,True,
725,-0.3941157125148625,True,,-0.40934503782033443,True,
726,-0.41964861870380965,True,,-0.4448272923185565,True,
727,-0.2599114509961763,True,,-0.29476085060709734,True,
728,-0.34463176799423273,True,,-0.3810059822682029,True,
729,-0.09355777749651943,True,,-0.12466776357423111,True,
730,-0.35195288165669303,True,,-0.37466256394767145,True,
731,-0.1900657354981819,True,,-0.1841910684803857,True,
732,-0.4240576585852411,True,,-0.5001528338615486,True,
733,-0.3329911019849418,True,,-0.34380561259411363,True,
734,-0.15825073798213204,True,,-0.1758059155865736,True,
735,-0.4119306232525917,True,,-0.4232748595887869,True,
736,-0.5601321209090551,True,,-0.548446526562356,True,
737,-0.16685085780444164,True,,-0.15232607093990105,True,
738,-0.1983476686283386,True,,-0.2684472612041648,True,
739,-0.383735525334793,True,,-0.4039316352242806,True,
740,-0.3991221860399264,True,,-0.42494690641370525,True,
741,-0.37013391085349184,True,,-0.4109392378889809,True,
742,-0.34796906240134695,True,,-0.32350310428285806,True,
743,-0.2244440553318158,True,,-0.22731570653125546,True,
744,-0.14234707272249936,True,,-0.131005513258073,True,
745,-0.23163367116525757,True,,-0.24129601428346373,True,
746,-0.32454963839579226,True,,-0.3211571334648258,True,
747,-0.1351941779514917,True,,-0.15351310092515824,True,
748,-0.2726445854177426,True,,-0.3093353271719609,True,
749,-0.24258925288463223,True,,-0.23947262444627318,True,
750,-0.39183215373691566,True,,-0.3928399642685357,True,
751,-0.2990416709816699,True,,-0.2937680732249405,True,
752,-0.19903576205664897,True,,-0.22902121029500389,True,
753,-0.108003366443413,True,,-0.1353683181389817,True,
754,-0.36837311512382714,True,,-0.4062802700631786,True,
755,-0.3042740964953867,True,,-0.35979723569527006,True,
756,-0.11950895886720214,True,,-0.12167650842204418,True,
757,-0.11841942430017573,True,,-0.16737618493676212,True,
758,-0.1036504911303328,True,,-0.1452670673899233,True,
759,-0.335019378200232,True,,-0.40646694390223204,True,
760,-0.238066888460865,True,,-0.2219926457713185,True,
761,-0.431418174616927,True,,-0.4174938733074238,True,
762,-0.4055970238427161,True,,-0.400004779695852,True,
763,-0.18811575879985815,True,,-0.20074315052652678,True,
764,-0.2648775318297834,True,,-0.3336567308983984,True,
765,-0.07205014620139023,True,,-0.07642743333391697,True,
766,-0.3262228295250386,True,,-0.36435638553607125,True,
767,-0.3164404476754773,True,,-0.39153394685604626,True,
768,-0.21350954478707782,True,,-0.20998531571218795,True,
769,-0.351795858530328,True,,-0.3719076415612974,True,
770,-0.3698935066906129,True,,-0.39908430931120836,True,
771,-0.3848864932103245,True,,-0.38975050035483333,True,
772,-0.08215347630796482,True,,-0.13294110204339848,True,
773,-0.30431963035394016,True,,-0.2891203680248052,True,
774,-0.22812764097333527,True,,-0.26628005245519454,True,
775,-0.3012408477842004,True,,-0.337849710982659,True,
776,-0.34304699680748385,True,,-0.3480832529017249,True,
777,-0.21942043155139446,True,,-0.2571796315662457,True,
778,-0.29075363795934545,True,,-0.3474133212539871,True,
779,0.013285721787533476,True,,0.01496612928635194,True,
780,-0.09012052367164106,True,,-0.11787561561115649,True,
781,-0.2609862564185665,True,,-0.25778583509727865,True,
782,-0.11656047949407712,True,,-0.180914625513238,True,
783,-0.30167190019519646,True,,-0.3555461257744208,True,
784,-0.32427704426179843,True,,-0.34016789969019673,True,
785,-0.5054533491914872,True,,-0.5273932737809044,True,
786,-0.03172541300415196,True,,-0.02573256935202378,True,
787,-0.15369360041416114,True,,-0.16780693719883716,True,
788,-0.2119073913000987,True,,-0.24656235645944705,True,
789,-0.2077312386928344,True,,-0.24908970160533125,True,
790,-0.41907979407979407,True,,-0.44732947232947234,True,
791,-0.16910004472154264,True,,-0.19353905242943203,True,
792,-0.2070987064296183,True,,-0.22132479449436054,True,
793,-0.28760301271228905,True,,-0.29286061194754737,True,
794,-0.19830487033523087,True,,-0.2349652118912081,True,
795,-0.2408068719235595,True,,-0.30450728694141493,True,
796,-0.33463081765539776,True,,-0.3087772411638915,True,
797,-0.12037027659337432,True,,-0.14038303776699718,True,
798,-0.555592683349422,True,,-0.5781168782950917,True,
799,-0.31810650887573966,True,,-0.318948060486522,True,
800,-0.418009149844973,True,,-0.47318285957951184,True,
801,-0.21526145165680913,True,,-0.2518127149892351,True,
802,-0.1524400469562301,True,,-0.1804125440214657,True,
803,-0.38656816655473475,True,,-0.4189687336765913,True,
804,-0.2626558774090145,True,,-0.2994996286306243,True,
805,-0.1968764935325224,True,,-0.2120469296825617,True,
806,-0.29182334936598164,True,,-0.34289462177525143,True,
807,-0.0476672529641768,True,,-0.08013716830956509,True,
808,-0.2724193532030545,True,,-0.2640428358466266,True,
809,-0.34025522917767875,True,,-0.38576984067054293,True,
810,-0.21431679223247613,True,,-0.2433992076759257,True,
811,-0.14328185429766635,True,,-0.13070588544818332,True,
812,-0.23639424468001158,True,,-0.22432069863482126,True,
813,-0.29060901457388283,True,,-0.33581057169513884,True,
814,-0.4451580226904376,True,,-0.43030794165316044,True,
815,-0.2606652435721796,True,,-0.26037850065313667,True,
816,-0.3949160990197707,True,,-0.41635800357690844,True,
817,-0.33596069094777364,True,,-0.3345220606858822,True,
818,-0.2488030604998511,True,,-0.29054131445719655,True,
819,-0.21470701501915399,True,,-0.22042280641303688,True,
820,-0.09199408319993516,True,,-0.1105752669652084,True,
821,-0.10677031950856977,True,,-0.0952474908909146,True,
822,-0.20192509993688196,True,,-0.2338523038081212,True,
823,-0.35446979561795844,True,,-0.3826643265583423,True,
824,-0.3805335331781906,True,,-0.37998133028306974,True,
825,-0.26436809606742256,True,,-0.2878003629321999,True,
826,-0.4762968836348783,True,,-0.4364593094500108,True,
827,-0.2399925707973685,True,,-0.2505498587473973,True,
828,-0.30324544418680627,True,,-0.3214129196248576,True,
829,-0.17977865271042398,True,,-0.2350194459115571,True,
830,-0.24163768526948967,True,,-0.2762063973013717,True,
831,-0.14620440986054234,True,,-0.2189751627832056,True,
832,-0.41699732217900354,True,,-0.4345497546959598,True,
833,-0.6355864084764341,True,,-0.6577517963707222,True,
834,-0.18845603957640092,True,,-0.20515707833040223,True,
835,-0.3778273678441045,True,,-0.37545878967613117,True,
836,-0.13465998278393843,True,,-0.14383513089270342,True,
837,-0.01601797838768289,True,,-0.020225686143253322,True,
838,-0.522066370167636,True,,-0.5009237085186452,True,
839,-0.23561508564483663,True,,-0.24128676144779654,True,
840,-0.08714522450482678,True,,-0.0756503669411053,True,
841,-0.1702492648088503,True,,-0.17452037529757736,True,
842,-0.22452451844200036,True,,-0.2342468250592453,True,
843,-0.41006403862555474,True,,-0.47647339433626784,True,
844,-0.563930465131888,True,,-0.587556211826297,True,
845,-0.2699628245256835,True,,-0.2669442165294112,True,
846,-0.22480561636596966,True,,-0.26400317052917643,True,
847,-0.38687908789746395,True,,-0.4127773635479883,True,
848,-0.2817192257883868,True,,-0.2895943439151587,True,
849,-0.20778309704973133,True,,-0.2554715264768689,True,
850,-0.2949236799337179,True,,-0.2934100251744686,True,
851,-0.22906585314538186,True,,-0.2507100778455712,True,
852,-0.40523551139351716,True,,-0.41685485717114096,True,
853,-0.3532938325559244,True,,-0.412236836576039,True,
854,-0.3191007418313608,True,,-0.3418842139041471,True,
855,-0.3163443609198907,True,,-0.36379308322876475,True,
856,-0.18291099409707562,True,,-0.18788187778317705,True,
857,-0.2376988059842371,True,,-0.2930294020482326,True,
858,-0.32958021795435666,True,,-0.3377315154180716,True,
859,-0.1868744657065825,True,,-0.1848227789833629,True,
860,-0.2590008209217779,True,,-0.2786052148078652,True,
861,-0.3442516670782909,True,,-0.42025808841689305,True,
862,-0.3277216610549944,True,,-0.33001734516886033,True,
863,-0.2945646743274869,True,,-0.29411764705882354,True,
864,-0.38190600784945156,True,,-0.4026701553117977,True,
865,-0.2340115100915944,True,,-0.2543568128394261,True,
866,-0.19263346807332987,True,,-0.2250381576961138,True,
867,-0.17387603959804698,True,,-0.2522061129111732,True,
868,-0.36403566450119673,True,,-0.36087951395281553,True,
869,-0.5309096230635754,True,,-0.5726381368511279,True,
870,-0.3367478594049341,True,,-0.36794776557062986,True,
871,-0.4522436210773292,True,,-0.4529279499462313,True,
872,-0.14576390449849985,True,,-0.1882372487124107,True,
873,-0.17827964258608484,True,,-0.17996339122282246,True,
874,-0.20828768195335734,True,,-0.26085850680857725,True,
875,-0.08515900714627875,True,,-0.09534563158049095,True,
876,-0.24713587377083215,True,,-0.2890927278561048,True,
877,0.05198787475250127,True,,0.05209300695624748,True,
878,-0.3426911229347522,True,,-0.34510641276953236,True,
879,-0.4453515619169863,True,,-0.4862016984821122,True,
880,-0.2736692615190406,True,,-0.25510204081632654,True,
881,-0.13633461351529072,True,,-0.20320585516472417,True,
882,-0.2727778832162966,True,,-0.3095970139811476,True,
883,-0.24923800731007095,True,,-0.28857074201014304,True,
884,-0.29252479897367756,True,,-0.33660168151932374,True,
885,-0.3119476790556708,True,,-0.2661509012601691,True,
886,-0.37961870841909695,True,,-0.36750001927272447,True,
887,-0.27826007660040125,True,,-0.34404523071311327,True,
888,-0.41885797543883996,True,,-0.4386086634751035,True,
889,-0.2561946527526224,True,,-0.2857131846873579,True,
890,-0.16266042499474018,True,,-0.16529034294130024,True,
891,-0.4176680740500162,True,,-0.41539460863916855,True,
892,-0.23991830672112885,True,,-0.27343730659735116,True,
893,-0.2813778349546841,True,,-0.344270825804773,True,
894,-0.3270692339710485,True,,-0.3556045446837375,True,
895,-0.2749111601997695,True,,-0.30754177871686517,True,
896,-0.22444712505026135,True,,-0.29029352633695216,True,
897,-0.1684503738454772,True,,-0.20586424277965107,True,
898,-0.027221798479787486,True,,-0.041792693511480496,True,
899,-0.24030492572322126,True,,-0.2587763878029711,True,
900,-0.39546428626489677,True,,-0.41650864129010373,True,
901,-0.12200111398045471,True,,-0.13028507772545445,True,
902,-0.27193363047108166,True,,-0.2848972508184436,True,
903,-0.26794630995464747,True,,-0.31100829172202116,True,
904,-0.2565688547671918,True,,-0.3342252919296427,True,
905,-0.4755042300640139,True,,-0.5159391385466594,True,
906,-0.12024650245928308,True,,-0.13378372343750997,True,
907,-0.2303702531260273,True,,-0.2689174874898031,True,
908,-0.22545785632192486,True,,-0.27881845455766674,True,
909,-0.06402211313190637,True,,-0.06302625615228952,True,
910,-0.3805370691139676,True,,-0.38096251050941543,True,
911,-0.1803361175405052,True,,-0.21072758377780015,True,
912,-0.22784117396679976,True,,-0.2543324482639804,True,
913,-0.15919334744603916,True,,-0.189316209016601,True,
914,-0.2623433489355277,True,,-0.3270043786803563,True,
915,-0.29203503974884804,True,,-0.3025672185933465,True,
916,-0.32836872295461406,True,,-0.3436650900674248,True,
917,-0.35914186029248013,True,,-0.3573602553633732,True,
918,-0.33985348634183987,True,,-0.36072978478434153,True,
919,-0.49061550090869616,True,,-0.5300834713800923,True,
920,-0.25554445048897434,True,,-0.30293637640271753,True,
921,-0.4079155672823219,True,,-0.4517736734095573,True,
922,-0.24820751410088907,True,,-0.23915745196137791,True,
923,-0.1260693997672986,True,,-0.15885291903360482,True,
924,-0.38381641934892907,True,,-0.3825738568026317,True,
925,-0.3209329684048785,True,,-0.3468140785556516,True,
926,-0.36676891615541923,True,,-0.3869120654396728,True,
927,-0.2677496901736521,True,,-0.33246233556806476,True,
928,-0.1658614092545154,True,,-0.20684847109179935,True,
929,-0.16745428919458422,True,,-0.1696864178162129,True,
930,-0.03161161371765201,True,,-0.052782453187460554,True,
931,-0.2616322820871163,True,,-0.2696461206180429,True,
932,-0.3661673364998173,True,,-0.39225429302155645,True,
933,-0.5197301937102018,True,,-0.5486101810478127,True,
934,-0.28913417721518986,True,,-0.2755240506329114,True,
935,-0.18681590654564129,True,,-0.23303571981017082,True,
936,-0.1962122706648254,True,,-0.18803182744788585,True,
937,-0.07013776505249181,True,,-0.08547035146686585,True,
938,-0.36716906036437685,True,,-0.3890440121561791,True,
939,-0.38615564776128036,True,,-0.4341395711951886,True,
940,-0.17961153393676021,True,,-0.19968308083839523,True,
941,-0.2210434348477284,True,,-0.22833250124812782,True,
942,-0.3872948909192616,True,,-0.4319294238299459,True,
943,-0.30795080969195177,True,,-0.3712163643004992,True,
944,-0.24408433845870545,True,,-0.23182553566496114,True,
945,-0.25825175118996885,True,,-0.2839418730980006,True,
946,-0.20213555715028086,True,,-0.2444878869614709,True,
947,-0.41059383118635184,True,,-0.4184416845903004,True,
948,-0.1886661265939057,True,,-0.19033737537395787,True,
949,-0.12818902741626745,True,,-0.15245551313084255,True,
950,-0.19176921423060872,True,,-0.23578140611364756,True,
951,-0.4308812751923782,True,,-0.4450806156101136,True,
952,-0.2674459610836825,True,,-0.2481745010994482,True,
953,-0.4295734050730208,True,,-0.46694850115295927,True,
954,-0.31928712490920985,True,,-0.3705978042294694,True,
955,-0.08963887032499196,True,,-0.1404049404717705,True,
956,-0.23396310758753072,True,,-0.23175429600704717,True,
957,-0.23242695832700389,True,,-0.23333839688085473,True,
958,-0.2351084384983771,True,,-0.24124297748330856,True,
959,-0.19322358645499335,True,,-0.22393837491202,True,
960,-0.18329981691028605,True,,-0.21456313593660895,True,
961,-0.30283529982968166,True,,-0.3283136940588947,True,
962,-0.2896834236776317,True,,-0.27811192792257616,True,
963,-0.14713955047368488,True,,-0.18852531589532134,True,
964,-0.16415255801466516,True,,-0.21445710354548048,True,
965,-0.26623579443069606,True,,-0.24932125609668196,True,
966,-0.19057165673975976,True,,-0.21916281236482216,True,
967,-0.3087472020487357,True,,-0.32841350054248486,True,
968,-0.09796732734435926,True,,-0.1026666801705541,True,
969,-0.3102282167815081,True,,-0.33812246493671505,True,
970,-0.3450981187155368,True,,-0.37058060330846576,True,
971,-0.24425073958193838,True,,-0.31094094301262465,True,
972,-0.13316117271760594,True,,-0.14598207504177427,True,
973,-0.3182275593720649,True,,-0.33251710720515226,True,
974,-0.12100665660340007,True,,-0.158075771448368,True,
975,-0.28059010336930806,True,,-0.31151232966838316,True,
976,-0.3707337591829947,True,,-0.3876177526485175,True,
977,-0.27580662234297265,True,,-0.3115041660575939,True,
978,-0.19560902076088416,True,,-0.2639811346099312,True,
979,-0.28231426692965156,True,,-0.2978566732412886,True,
980,-0.3443888519720127,True,,-0.37180940468279716,True,
981,-0.21543483785210235,True,,-0.2524190237895107,True,
982,-0.32266339504795893,True,,-0.3238902520633504,True,
983,-0.21229175158775032,True,,-0.21894518152292541,True,
984,-0.026354424895906038,True,,-0.031504970035379914,True,
985,-0.5063632654672756,True,,-0.49662424489688484,True,
986,-0.4891091804658301,True,,-0.5018316378307468,True,
987,-0.2379887923658591,True,,-0.26561476262785877,True,
988,-0.31052498022181424,True,,-0.33228844804681085,True,
989,-0.1970047685905463,True,,-0.24615793268318598,True,
990,-0.15521244745742466,True,,-0.20353295156750462,True,
991,-0.017292680365456645,True,,-0.0287394546154654,True,
992,-0.34490170614840354,True,,-0.3835176809517412,True,
993,-0.29268142207141207,True,,-0.3172977558417521,True,
994,-0.315795133491705,True,,-0.3518100321631424,True,
995,-0.019141954302382108,True,,-0.03024226219413385,True,
996,-0.2855117089376874,True,,-0.28587634713556437,True,
997,-0.40899737592267466,True,,-0.446055388797644,True,
998,-0.41439597315436244,True,,-0.4297986577181208,True,
999,-0.25865728525359133,True,,-0.33675754910583405,True,
1000,-0.02950387854150247,True,,-0.0422180279586842,True,
1001,-0.19308678333427726,True,,-0.2572350908987937,True,
1002,-0.25894132653061225,True,,-0.2572576530612245,True,
1003,-0.212584340597914,True,,-0.20750746406071208,True,
1004,-0.2768255601107363,True,,-0.2875764589605111,True,
1005,-0.2387205779538569,True,,-0.3001048706595199,True,
1006,-0.3292596420826493,True,,-0.328266553170791,True,
1007,-0.3384422971218265,True,,-0.31565908022719485,True,
1008,-0.2048584979960446,True,,-0.23198627859355583,True,
1009,-0.2347658508383118,True,,-0.23860474079784158,True,
1010,-0.16742025137926744,True,,-0.18257145227527274,True,
1011,-0.45469045067115804,True,,-0.4448144745572398,True,
1012,-0.12896757074277382,True,,-0.1254025805667524,True,
1013,-0.20604360700917682,True,,-0.22922510090595466,True,
1014,-0.36844540982749996,True,,-0.3870763075590986,True,
1015,-0.40091714215703433,True,,-0.3947211817831764,True,
1016,-0.3624386669215574,True,,-0.35593895367361245,True,
1017,-0.20628311320050743,True,,-0.2505335422729647,True,
1018,-0.22549084339229655,True,,-0.26286156745757827,True,
1019,-0.299994898479747,True,,-0.29398785838179775,True,
1020,-0.12273807079801742,True,,-0.1593786354615753,True,
1021,-0.5306533044831644,True,,-0.5344493793417606,True,
1022,-0.27645222994060203,True,,-0.29047954629349976,True,
1023,-0.30638205512933026,True,,-0.3351263105247761,True,
1024,-0.49749606023463494,True,,-0.50190859744353,True,
1025,-0.21760050482475746,True,,-0.21938842584071727,True,
1026,-0.22490238676491447,True,,-0.2891666106743712,True,
1027,-0.3090985611700029,True,,-0.34179446037299105,True,
1028,-0.2897484538626444,True,,-0.2877280648992119,True,
1029,-0.31895342203857596,True,,-0.33501904130498467,True,
1030,-0.26018359318082473,True,,-0.294465976977998,True,
1031,-0.10582811036668828,True,,-0.11898758494825061,True,
1032,-0.2779656294720312,True,,-0.299646669959348,True,
1033,-0.17131185990149322,True,,-0.2050074270971777,True,
1034,-0.36686351619734053,True,,-0.347739737738554,True,
1035,-0.22359434500408554,True,,-0.25731156437414243,True,
1036,-0.5237274207615562,True,,-0.5249171947549116,True,
1037,-0.26253889838287203,True,,-0.30344843025902407,True,
1038,-0.2043649263515077,True,,-0.2318346572067556,True,
1039,-0.32461600321672696,True,,-0.381005227181343,True,
1040,-0.1597523159243644,True,,-0.2236297651305428,True,
1041,-0.33988026467808,True,,-0.32426565836921895,True,
1042,-0.6120521585010761,True,,-0.617419926572984,True,
1043,-0.23406154606390525,True,,-0.2554855061490272,True,
1044,-0.30165249195787247,True,,-0.36047239236769046,True,
1045,-0.10929288224155216,True,,-0.12029001650582767,True,
1046,-0.24909861028459412,True,,-0.25672979311793326,True,
1047,-0.2952130918001225,True,,-0.2944779907237245,True,
1048,-0.3356313663265213,True,,-0.373184143572347,True,
1049,-0.5020529197080292,True,,-0.5298333653476758,True,
1050,-0.42439734988024036,True,,-0.48101354474528313,True,
1051,-0.1444025778492962,True,,-0.14135950482350973,True,
1052,-0.42395641342434126,True,,-0.42879711583254004,True,
1053,-0.1653097005067608,True,,-0.17674184019021544,True,
1054,-0.3829146745592067,True,,-0.4135994535933824,True,
1055,-0.30433211430884205,True,,-0.352379988725228,True,
1056,-0.4337675606641124,True,,-0.41987228607918264,True,
1057,-0.5958376935188898,True,,-0.5952509021916657,True,
1058,-0.2773918065204837,True,,-0.2848117879705301,True,
1059,-0.1432872882267257,True,,-0.16850944853408414,True,
1060,-0.38143987957417225,True,,-0.3908672828284761,True,
1061,-0.07048217179902755,True,,-0.0762965964343598,True,
1062,-0.319477286869944,True,,-0.3292781580584941,True,
1063,-0.2105060409735598,True,,-0.23589563999299598,True,
1064,-0.3520779134147155,True,,-0.4178792990079762,True,
1065,-0.25076577496426383,True,,-0.23708392893608332,True,
1066,-0.28895660397183986,True,,-0.2729851844068509,True,
1067,-0.058820618148523914,True,,-0.0956422756180248,True,
1068,-0.32196847861048566,True,,-0.33660340945641687,True,
1069,-0.3527606162508798,True,,-0.3849612888089466,True,
1070,-0.3980626989397513,True,,-0.4297556619111956,True,
1071,-0.4792260052505144,True,,-0.48224657145463573,True,
1072,-0.2349713940573461,True,,-0.2566145999362448,True,
1073,-0.334016419364224,True,,-0.368196020391383,True,
1074,-0.040732463412875786,True,,-0.030735587436618365,True,
1075,-0.5443400941783074,True,,-0.5442085602293952,True,
1076,-0.2499036341489739,True,,-0.2809874030559539,True,
1077,-0.44500928732036366,True,,-0.47349692052008996,True,
1078,-0.33108985360175497,True,,-0.36872658896566135,True,
1079,-0.2434441334536174,True,,-0.2519565435297202,True,
1080,-0.28244636095919223,True,,-0.29406815313420276,True,
1081,-0.1910516128534744,True,,-0.21717806550120686,True,
1082,-0.18076154412538128,True,,-0.1773956032397181,True,
1083,-0.05598790618034292,True,,-0.06828226111235375,True,
1084,-0.3466593647316539,True,,-0.3080503833515882,True,
1085,-0.13304721030042918,True,,-0.13631232901172766,True,
1086,-0.2576122902152884,True,,-0.30990479276463134,True,
1087,-0.22355553003770262,True,,-0.20864034500137157,True,
1088,-0.291606947969126,True,,-0.2940000788944261,True,
1089,-0.23609306619256018,True,,-0.24807679157549234,True,
1090,-0.11938364559621782,True,,-0.11434074592890912,True,
1091,-0.30290648123810204,True,,-0.3156985033493433,True,
1092,-0.32172486097182973,True,,-0.3258577202418938,True,
1093,-0.30800633975313385,True,,-0.3453484462801979,True,
1094,-0.310853640894804,True,,-0.29991188732098,True,
1095,-0.272566512665286,True,,-0.2695714513302533,True,
1096,-0.3447748169320467,True,,-0.3653897229002517,True,
1097,-0.2793774841100807,True,,-0.2975900987774405,True,
1098,-0.24975018656952402,True,,-0.2738840612706966,True,
1099,-0.041904944975731655,True,,-0.05858042193281753,True,
1100,-0.3813540845590085,True,,-0.40406191825850707,True,
1101,-0.18740566621303972,True,,-0.20598787578869232,True,
1102,-0.20607292289300658,True,,-0.21590755130504086,True,
1103,-0.3231744716781239,True,,-0.33496363679812646,True,
1104,-0.36109904605633575,True,,-0.4096166529929379,True,
1105,-0.2888693672514909,True,,-0.30732968746133477,True,
1106,-0.4443347442301489,True,,-0.472722118495782,True,
1107,-0.32343166019405656,True,,-0.3448338832008376,True,
1108,-0.18405071839297682,True,,-0.2108613156343075,True,
1109,-0.2183705744311805,True,,-0.23350933578206307,True,
1110,-0.09923316642739592,True,,-0.08855352078153997,True,
1111,-0.19183340783004232,True,,-0.19688165540451713,True,
1112,-0.30181726521989627,True,,-0.33469368158248514,True,
1113,-0.21621213551005,True,,-0.2759648957252053,True,
1114,-0.48679445018942086,True,,-0.5138181657787819,True,
1115,-0.46294610206427156,True,,-0.4940818245593086,True,
1116,-0.20729539532958335,True,,-0.2522219787177052,True,
1117,-0.29874318328414223,True,,-0.32464181700904987,True,
1118,-0.5526499790239128,True,,-0.5773085349368386,True,
1119,-0.28102930568835655,True,,-0.2972002751077785,True,
1120,-0.3324527204951951,True,,-0.3357614308676174,True,
1121,-0.2150447427293065,True,,-0.2688874906785981,True,
1122,-0.2493628287927152,True,,-0.28196372454408236,True,
1123,-0.09184359688730906,True,,-0.10447689499471612,True,
1124,-0.4908307966441458,True,,-0.5051723711238152,True,
1125,-0.25083500334001335,True,,-0.2780128157549667,True,
1126,-0.3364859125017698,True,,-0.402161498890934,True,
1127,-0.24187078200953324,True,,-0.2928595025720893,True,
1128,-0.32068611640521916,True,,-0.3365195719102771,True,
1129,-0.1337865966443731,True,,-0.15601296286029645,True,
1130,-0.2602063931537881,True,,-0.3047738904270493,True,
1131,-0.3430913760951409,True,,-0.4102717474168162,True,
1132,-0.3092173259419337,True,,-0.3845575640182424,True,
1133,-0.32028923862186304,True,,-0.3197828684855482,True,
1134,-0.5427142216889069,True,,-0.5704434067284477,True,
1135,0.02821572394914853,True,,0.020845945305714212,True,
1136,-0.3324226556373479,True,,-0.3500037944903999,True,
1137,-0.32250675706628795,True,,-0.35938430528196436,True,
1138,-0.42805700947236763,True,,-0.4086980075364674,True,
1139,-0.293359616721849,True,,-0.30098945474727756,True,
1140,-0.22986106685361035,True,,-0.2390383022114588,True,
1141,-0.5546386107634543,True,,-0.5569657384230288,True,
1142,-0.2331347495993206,True,,-0.254512831318762,True,
1143,-0.11314797451156738,True,,-0.11106858786684272,True,
1144,-0.14114329414013957,True,,-0.1446643087021636,True,
1145,-0.18614083956409128,True,,-0.2163612373552265,True,
1146,-0.08569815903925333,True,,-0.11067434699565083,True,
1147,-0.19834808689865166,True,,-0.2707697076332607,True,
1148,-0.22499499052052346,True,,-0.25076683570448693,True,
1149,-0.2816301631805544,True,,-0.3208357284469106,True,
1150,-0.28719350768241086,True,,-0.31265309152089465,True,
1151,-0.25491467228515,True,,-0.3015312768243564,True,
1152,-0.29932551497842863,True,,-0.30605011038868973,True,
1153,-0.22133994584788177,True,,-0.31060889225187116,True,
1154,-0.44682470395988627,True,,-0.4884158216372305,True,
1155,-0.3685098127005447,True,,-0.3974031788672487,True,
1156,-0.06259528350630546,True,,-0.059201755449100266,True,
1157,-0.26897385116310296,True,,-0.3204659125239166,True,
1158,-0.13373890649456793,True,,-0.1774421132983276,True,
1159,-0.10504457050243111,True,,-0.1186385737439222,True,
1160,-0.199953095684803,True,,-0.2550891181988743,True,
1161,-0.38129355762557793,True,,-0.4068245574594114,True,
1162,-0.13339227540283718,True,,-0.14412929022597115,True,
1163,-0.22352595882063944,True,,-0.2455384772441603,True,
1164,-0.24785363859362225,True,,-0.27023712183156173,True,
1165,-0.1684356367055098,True,,-0.19929983423637398,True,
1166,-0.39327237974652723,True,,-0.44757058157513485,True,
1167,-0.3034984569794547,True,,-0.330112022347845,True,
1168,-0.2960527917792875,True,,-0.3308982881632454,True,
1169,-0.2880741945762826,True,,-0.3137337112381975,True,
1170,-0.36131496658796075,True,,-0.42181218149164473,True,
1171,-0.20072807462764933,True,,-0.21619966046519767,True,
1172,-0.2702185251204859,True,,-0.3209096310700589,True,
1173,-0.2518076561367806,True,,-0.26400259007446464,True,
1174,-0.22073492232210953,True,,-0.263011872376457,True,
1175,-0.4399679075152941,True,,-0.5003965974672465,True,
1176,-0.09497064283039762,True,,-0.100451710045171,True,
1177,-0.19892738334661456,True,,-0.22419964836388015,True,
1178,-0.2747129655558667,True,,-0.27971856622794733,True,
1179,-0.27978536094575335,True,,-0.3038651798440513,True,
1180,-0.28455976180348785,True,,-0.28541046363249684,True,
1181,-0.261180484177838,True,,-0.30054453605091086,True,
1182,-0.03897025953877304,True,,-0.05330142785768755,True,
1183,-0.2626320882902081,True,,-0.2843527307207304,True,
1184,-0.10593368829201569,True,,-0.1952385797130939,True,
1185,-0.25920569150183725,True,,-0.29516847783597844,True,
1186,-0.19514817421221362,True,,-0.2168465087184299,True,
1187,-0.17814861522519088,True,,-0.20274510954042876,True,
1188,-0.2991512818269315,True,,-0.3145157056610377,True,
1189,-0.3965328701916892,True,,-0.42618680046314167,True,
1190,-0.4917600140754208,True,,-0.49660821457197035,True,
1191,-0.4348037783620606,True,,-0.4323368065699354,True,
1192,-0.12484476772182376,True,,-0.15845097194414173,True,
1193,-0.40398544108875334,True,,-0.4380455026841471,True,
1194,-0.1908664512272953,True,,-0.20563654229939318,True,
1195,-0.14869549991244965,True,,-0.15321309753108037,True,
1196,-0.3852123344573132,True,,-0.40962713189659383,True,
1197,-0.014204545454545454,True,,-0.013888888888888888,True,
1198,-0.381503568286245,True,,-0.3954834294652459,True,
1199,-0.46655452980754186,True,,-0.47760522609920203,True,
1200,-0.2611403657777023,True,,-0.31451597682275445,True,
1201,-0.09718320005763273,True,,-0.10251422808155032,True,
1202,-0.204590110802763,True,,-0.2135232037595965,True,
1203,-0.449342117682593,True,,-0.4853415891114341,True,
1204,-0.3373804004047067,True,,-0.3478804681213801,True,
1205,-0.24344878138171155,True,,-0.2538940809968847,True,
1206,-0.3270092411089331,True,,-0.3180481657798936,True,
1207,-0.2400268228804231,True,,-0.29177473841365437,True,
1208,-0.4065330607494068,True,,-0.43584080700759553,True,
1209,-0.3067148619086683,True,,-0.29874213836477986,True,
1210,-0.42048083093315824,True,,-0.45689385007984,True,
1211,-0.2696722281386818,True,,-0.2855020444654807,True,
1212,-0.12006043879800798,True,,-0.16213632649285373,True,
1213,-0.06689924888687106,True,,-0.07661672521047895,True,
1214,-0.28784635683917315,True,,-0.3100131945462542,True,
1215,-0.18228137883530354,True,,-0.17715582297586127,True,
1216,-0.1547939930689257,True,,-0.16659082157734448,True,
1217,-0.19866403959825077,True,,-0.20327742803594598,True,
1218,-0.19810830300692617,True,,-0.2153146958694595,True,
1219,-0.34015848836455564,True,,-0.3776171647112206,True,
1220,-0.2689877295244097,True,,-0.2657319399954489,True,
1221,-0.10873226497907523,True,,-0.09941818924160457,True,
1222,-0.44780836348646547,True,,-0.47528969907937524,True,
1223,-0.25790608892894396,True,,-0.266553927475621,True,
1224,-0.1992249713421995,True,,-0.1968309037605121,True,
1225,-0.3386766133879992,True,,-0.3580665546632963,True,
1226,-0.2405149051490515,True,,-0.30881990638088197,True,
1227,-0.3624210014584346,True,,-0.4143736833576406,True,
1228,-0.18530329560683576,True,,-0.22126248447083452,True,
1229,-0.28119355753586195,True,,-0.3332139178720165,True,
1230,-0.09381454125389435,True,,-0.104561206987083,True,
1231,-0.14784504444071775,True,,-0.1714573201408687,True,
1232,-0.2922042380170459,True,,-0.32330518414262255,True,
1233,-0.4095801037194,True,,-0.40652109837410677,True,
1234,-0.22189846683354192,True,,-0.24119993742177723,True,
1235,-0.1876604257889174,True,,-0.2376377774422467,True,
1236,-0.20718540825585524,True,,-0.22041476533014215,True,
1237,-0.16105608016958953,True,,-0.20383888995952978,True,
1238,-0.32363348427486205,True,,-0.3296216563976938,True,
1239,-0.44500657695031876,True,,-0.47657593848021856,True,
1240,-0.4551558994782346,True,,-0.479535200262143,True,
1241,-0.18444183408943615,True,,-0.1906391769280622,True,
1242,-0.21674289511747,True,,-0.23001446385989602,True,
1243,-0.36356719223191386,True,,-0.38346107138717983,True,
1244,-0.37650452212173063,True,,-0.37689562454167685,True,
1245,-0.3993770010768775,True,,-0.4686007097273115,True,
1246,-0.3826327689518025,True,,-0.41448090082157435,True,
1247,-0.3125322905797615,True,,-0.29524986577249196,True,
1248,-0.4687582578614841,True,,-0.45621831984048816,True,
1249,-0.3106920148243717,True,,-0.33606547009195664,True,
1250,-0.26420742720007917,True,,-0.2933645067913605,True,
1251,-0.370285602980205,True,,-0.393391931046237,True,
1252,-0.028184388768330373,True,,-0.03938975471822187,True,
1253,-0.2921774446418706,True,,-0.3779582816956087,True,
1254,-0.21729611384783798,True,,-0.27705112960760997,True,
1255,-0.3674574863635506,True,,-0.3936356944680369,True,
1256,-0.09848987719880518,True,,-0.09924701294390972,True,
1257,-0.38113171928830997,True,,-0.4280239747038558,True,
1258,-0.3053888023522411,True,,-0.3033585942559112,True,
1259,-0.3613831802206039,True,,-0.3626999159314892,True,
1260,-0.3244285916827723,True,,-0.36263441060808443,True,
1261,-0.3607644783590318,True,,-0.35022839841083714,True,
1262,-0.23447341775480954,True,,-0.24643970176338317,True,
1263,-0.3710925548665368,True,,-0.39110643473848383,True,
1264,-0.4854959415767935,True,,-0.5377015080603225,True,
1265,-0.3117871837221348,True,,-0.3392101482560128,True,
1266,-0.06851013231462039,True,,-0.10003288891137703,True,
1267,-0.3964776920496478,True,,-0.42844682992284466,True,
1268,-0.02282703006175675,True,,-0.02739498800592048,True,
1269,-0.391647323029308,True,,-0.4350525580780917,True,
1270,-0.4827519293060469,True,,-0.503664561969161,True,
1271,-0.47410843652214146,True,,-0.5074454225566473,True,
1272,-0.25253112854914966,True,,-0.2532737579523232,True,
1273,-0.19369690808316797,True,,-0.23160539203706781,True,
1274,-0.04854413839357987,True,,-0.07984304293192103,True,
1275,-0.18980009316833088,True,,-0.19425596986207036,True,
1276,-0.24204332709280557,True,,-0.2855583585725335,True,
1277,-0.25524198672518794,True,,-0.27058915531921135,True,
1278,-0.22557838367575514,True,,-0.2204333064995975,True,
1279,-0.24853140754604203,True,,-0.3016114097017741,True,
1280,-0.2766930935195046,True,,-0.2577341274536873,True,
1281,-0.17783606955852416,True,,-0.1875791243404195,True,
1282,-0.3375930693221933,True,,-0.35200628940512707,True,
1283,-0.361210189471554,True,,-0.37059522906073716,True,
1284,-0.3192758616491557,True,,-0.36096129731309123,True,
1285,-0.08573983564347276,True,,-0.10812685980357391,True,
1286,-0.14247014110766731,True,,-0.17947206131928897,True,
1287,-0.32693447787593277,True,,-0.3658763639214303,True,
1288,-0.35200222610103465,True,,-0.3704940426500721,True,
1289,-0.11675007819831092,True,,-0.16147951204253988,True,
1290,-0.26259807926500284,True,,-0.28340861093554903,True,
1291,-0.20989538765157997,True,,-0.2441854190275754,True,
1292,-0.4010345598495186,True,,-0.4291419012157235,True,
1293,-0.19717494804955676,True,,-0.20380356156456322,True,
1294,-0.18984538669258158,True,,-0.205250957869666,True,
1295,-0.15506834108096856,True,,-0.16484346693185936,True,
1296,-0.3045822102425876,True,,-0.32306507508663845,True,
1297,-0.20320841551610783,True,,-0.22077580539119002,True,
1298,-0.3012748825766048,True,,-0.3244832712776455,True,
1299,-0.11508285163776494,True,,-0.14782273603082852,True,
1300,-0.4479126113541118,True,,-0.46888955046144687,True,
1301,-0.3415107580666836,True,,-0.35774117928120286,True,
1302,-0.11368836291913215,True,,-0.12980933596318212,True,
1303,-0.22448460665806047,True,,-0.24954035128897234,True,
1304,-0.1977052989750612,True,,-0.1823000954396448,True,
1305,-0.18364872732074158,True,,-0.2331034648325201,True,
1306,-0.31974252977707307,True,,-0.3775034448911792,True,
1307,-0.14891743228820706,True,,-0.20213155007575362,True,
1308,-0.20809821825518962,True,,-0.194692383981396,True,
1309,-0.3240028994973673,True,,-0.3130899561092569,True,
1310,-0.3044437054798117,True,,-0.31329961321035404,True,
1311,-0.21885671417854463,True,,-0.27136984246061513,True,
1312,-0.2256723655887374,True,,-0.25823292179033575,True,
1313,-0.2013569906031403,True,,-0.2457293824491879,True,
1314,-0.35287793896315783,True,,-0.3747581165340787,True,
1315,-0.28307288342663334,True,,-0.3628124943017086,True,
1316,-0.2862583347039994,True,,-0.3182433543783291,True,
1317,-0.20143053995714752,True,,-0.2202442113312146,True,
1318,-0.3136618433890912,True,,-0.31955436231338763,True,
1319,-0.26587154169518035,True,,-0.3054257503177241,True,
1320,-0.028241883727903136,True,,-0.04804373759991834,True,
1321,-0.2555512118842846,True,,-0.27812744331508993,True,
1322,-0.32525551150828313,True,,-0.39222229687861615,True,
1323,-0.39829572799592333,True,,-0.42479404354103556,True,
1324,-0.3333789409902074,True,,-0.3611735501651649,True,
1325,-0.1776912758738592,True,,-0.18416138449804056,True,
1326,-0.18834604548890263,True,,-0.2232987471082709,True,
1327,-0.36201546486858216,True,,-0.3726496586658615,True,
1328,-0.1575272013513386,True,,-0.23792807330445698,True,
1329,-0.35632090761750407,True,,-0.34301053484602917,True,
1330,-0.6323517073579998,True,,-0.6470509270911989,True,
1331,-0.0007802287995622612,True,,-0.003090516673590775,True,
1332,-0.1229020979020979,True,,-0.18664335664335666,True,
1333,-0.4290480075000304,True,,-0.46299295045840283,True,
1334,-0.34648286244665444,True,,-0.3560515689489095,True,
1335,-0.36570098213046764,True,,-0.4050632911392405,True,
1336,-0.25105987254177947,True,,-0.3181441061969494,True,
1337,-0.21291753668211474,True,,-0.31827004147780963,True,
1338,-0.07641618271054536,True,,-0.10693963747286912,True,
1339,-0.1349001246541607,True,,-0.1290626615183485,True,
1340,-0.2952989648000128,True,,-0.2691121506498888,True,
1341,-0.3615323854660348,True,,-0.3560821484992101,True,
1342,-0.3565850642361509,True,,-0.36684452790436717,True,
1343,-0.3742956644232274,True,,-0.37096963531069027,True,
1344,-0.21102328151654212,True,,-0.20232574902092693,True,
1345,-0.5392156862745098,True,,-0.5817149826437752,True,
1346,-0.3326490111544515,True,,-0.3555053719291042,True,
1347,-0.45698011511983144,True,,-0.4849377884748123,True,
1348,-0.14734874343645726,True,,-0.14623860352054716,True,
1349,-0.09738654781199352,True,,-0.12242706645056727,True,
1350,-0.2335160861962424,True,,-0.2401951116896094,True,
1351,-0.2992486714311893,True,,-0.33241707898112516,True,
1352,-0.155,True,,-0.1554149377593361,True,
1353,-0.1400003502197629,True,,-0.16427057978881748,True,
1354,-0.21782231643862016,True,,-0.23219117363653882,True,
1355,-0.254407433525532,True,,-0.24979259136350437,True,
1356,-0.3193981154585961,True,,-0.3539723892771055,True,
1357,-0.16883990106380425,True,,-0.1735946017337848,True,
1358,-0.35923387196555395,True,,-0.36241369924030586,True,
1359,-0.08474885659523979,True,,-0.07691995659625389,True,
1360,-0.219444022482151,True,,-0.2300774722770773,True,
1361,-0.49444844989185294,True,,-0.5425138187935592,True,
1362,-0.2819974450108144,True,,-0.3026903277216327,True,
1363,-0.24951127168345252,True,,-0.2909851278117344,True,
1364,-0.3570811122316669,True,,-0.38069682562551027,True,
1365,-0.38161200893809166,True,,-0.44258388732812254,True,
1366,-0.32399524285957,True,,-0.36371358994204595,True,
1367,-0.49421440183609067,True,,-0.4622900130693953,True,
1368,-0.3177672936087325,True,,-0.3520952176167769,True,
1369,-0.20778293815692986,True,,-0.23269616230750428,True,
1370,-0.3178724157999949,True,,-0.3382423644322984,True,
1371,-0.14121615461755857,True,,-0.15622815814264443,True,
1372,-0.20502066166827507,True,,-0.224643060401356,True,
1373,-0.20633459165822668,True,,-0.20046825469898852,True,
1374,-0.2872617818455454,True,,-0.2975517561206097,True,
1375,-0.20875081867857945,True,,-0.21440092278516898,True,
1376,-0.15608003845083604,True,,-0.18565176696769622,True,
1377,-0.28631693185597507,True,,-0.29331862976771866,True,
1378,-0.15206249228109175,True,,-0.2427133506236878,True,
1379,0.00875900301748611,True,,0.0035278431672759055,True,
1380,-0.37140700519850495,True,,-0.409659236172829,True,
1381,-0.2639796787508883,True,,-0.2802185340678282,True,
1382,-0.24157413199874883,True,,-0.27371363778542385,True,
1383,-0.2796888437182394,True,,-0.2957743726057384,True,
1384,-0.4238749917434915,True,,-0.4539947347065873,True,
1385,-0.3195882125366825,True,,-0.3647300829425253,True,
1386,-0.13753092944483147,True,,-0.12705695822422947,True,
1387,-0.2612335608854619,True,,-0.2632568365209218,True,
1388,-0.28475444658176147,True,,-0.35641027978594414,True,
1389,-0.3082286891732489,True,,-0.33824078359936094,True,
1390,-0.23917779444861215,True,,-0.27937584396099024,True,
1391,-0.20179014161448922,True,,-0.27332576935468056,True,
1392,-0.4542038797656775,True,,-0.47606357437818114,True,
1393,-0.3204644152278052,True,,-0.35832500111925264,True,
1394,-0.292940710357043,True,,-0.3301249184301296,True,
1395,-0.4128224534271932,True,,-0.45365515606335544,True,
1396,-0.22286050434291957,True,,-0.26293421692388036,True,
1397,-0.3193907347486386,True,,-0.33683213637439824,True,
1398,-0.2724211815120906,True,,-0.2680976430976431,True,
1399,-0.19663640147369393,True,,-0.23340167409165882,True,
1400,-0.39761345852895147,True,,-0.4274452269170579,True,
1401,-0.19371111732090068,True,,-0.22960696934488353,True,
1402,-0.17124016166773026,True,,-0.17190871243200534,True,
1403,-0.19924563552563165,True,,-0.28536303790328976,True,
1404,-0.28961040963261026,True,,-0.3321616329802815,True,
1405,-0.32715541506084095,True,,-0.35475808995923314,True,
1406,-0.21916976550049327,True,,-0.24115251321747488,True,
1407,-0.1062052203853262,True,,-0.14157320438492113,True,
1408,-0.24804423935301834,True,,-0.3042871028319603,True,
1409,-0.23699580842437984,True,,-0.24533315009505485,True,
1410,-0.121563911629126,True,,-0.14576877418559117,True,
1411,-0.1853566594563141,True,,-0.23350157489279344,True,
1412,-0.3716686050827745,True,,-0.4051124693771498,True,
1413,-0.286906918481403,True,,-0.317602620928888,True,
1414,-0.22448089631344134,True,,-0.2678876924625138,True,
1415,-0.3136590687259574,True,,-0.3183543536646827,True,
1416,-0.35164090342611015,True,,-0.3935325884950915,True,
1417,-0.32763477036225647,True,,-0.32317502542837023,True,
1418,-0.34285546760480795,True,,-0.4218938727645852,True,
1419,-0.27311117410727376,True,,-0.27784240315154596,True,
1420,-0.18844591276396266,True,,-0.20520686510239616,True,
1421,-0.31827026301663985,True,,-0.33910359634997317,True,
1422,-0.1275906571855151,True,,-0.15438925019611813,True,
1423,-0.40882488327743804,True,,-0.39875057539291114,True,
1424,-0.29518875706345354,True,,-0.3041313012172653,True,
1425,-0.3090527053055507,True,,-0.3019786377166871,True,
1426,-0.30406787618632414,True,,-0.33253965592407525,True,
1427,-0.34498799891124143,True,,-0.36661470318956774,True,
1428,-0.14763225940395977,True,,-0.22269407168337013,True,
1429,-0.25399966459835654,True,,-0.2988428643300352,True,
1430,-0.5396597816509103,True,,-0.5338202129725047,True,
1431,-0.2144632444316987,True,,-0.22719306630978556,True,
1432,-0.1976001065139966,True,,-0.2225393602503079,True,
1433,-0.25657947046195434,True,,-0.30422777508728055,True,
1434,-0.14894328890871578,True,,-0.16199185858473206,True,
1435,-0.12375199261683027,True,,-0.14331739239869118,True,
1436,-0.06398406781392024,True,,-0.05897972731450748,True,
1437,-0.25011413629949364,True,,-0.27494396945297583,True,
1438,-0.4010676246616237,True,,-0.4065828421079262,True,
1439,-0.4585944886025421,True,,-0.44472845687874224,True,
1440,-0.4018699957466178,True,,-0.4450754042578594,True,
1441,-0.123846902150213,True,,-0.16567709905739492,True,
1442,-0.36378997035100585,True,,-0.3426052858099276,True,
1443,-0.331283113572083,True,,-0.32803250607497114,True,
1444,-0.24735211470567045,True,,-0.24960972212215096,True,
1445,-0.2440930223443708,True,,-0.2915643998961411,True,
1446,-0.013859303090072321,True,,-0.022748191978961208,True,
1447,-0.41508565718718365,True,,-0.421265070537346,True,
1448,-0.4139660380678652,True,,-0.4229404346423439,True,
1449,-0.2650184014343682,True,,-0.3195998867604039,True,
1450,-0.17410257573237783,True,,-0.20965181500687904,True,
1451,-0.29328100365636844,True,,-0.3268927577068867,True,
1452,-0.3445900775884772,True,,-0.361708161983672,True,
1453,-0.43062910000471943,True,,-0.4594742555099344,True,
1454,-0.12776884049003837,True,,-0.1675782700160871,True,
1455,-0.16544456707436916,True,,-0.1923257185189665,True,
1456,-0.30352455286829305,True,,-0.3014245213678205,True,
1457,-0.23030775934577072,True,,-0.259695382089764,True,
1458,-0.30468873656143086,True,,-0.36037889764163006,True,
1459,-0.25628507773408493,True,,-0.2967287159570971,True,
1460,-0.08656887663636291,True,,-0.0709522178045846,True,
1461,-0.26538177177755046,True,,-0.27830499204958625,True,
1462,-0.33084572354363206,True,,-0.346881238957245,True,
1463,-0.19245533167866558,True,,-0.2247059367629149,True,
1464,-0.026641544601795013,True,,-0.03203063271135963,True,
1465,-0.1561208581821781,True,,-0.1974709856227265,True,
1466,-0.25361225584998126,True,,-0.260052044835512,True,
1467,-0.21790334909265918,True,,-0.2834696939671036,True,
1468,-0.12775596496526728,True,,-0.15419980536259606,True,
1469,-0.11984220715181473,True,,-0.19586524295958993,True,
1470,-0.1956981194874355,True,,-0.22205857879846896,True,
1471,-0.2677749427887524,True,,-0.27214141042165346,True,
1472,-0.22705498893332568,True,,-0.21255031031337504,True,
1473,-0.3104632789062679,True,,-0.352233952412577,True,
1474,-0.35600067964280996,True,,-0.4302894145632351,True,
1475,-0.2819678889626898,True,,-0.29841277112297016,True,
1476,-0.060809959426425746,True,,-0.08555731962400141,True,
1477,-0.34221420476884296,True,,-0.3372649691250954,True,
1478,-0.11925296673367486,True,,-0.1547240775565787,True,
1479,-0.1917969406622962,True,,-0.18579353072545204,True,
1480,-0.21937621459747045,True,,-0.22977794768868076,True,
1481,-0.40587563510930874,True,,-0.4475947419941267,True,
1482,-0.24892156267087914,True,,-0.24914433845717643,True,
1483,-0.28855664756700694,True,,-0.30500006324390644,True,
1484,-0.14922400331431848,True,,-0.16252907995793364,True,
1485,-0.2651997315028491,True,,-0.3136566078226743,True,
1486,-0.2661592418476233,True,,-0.3021565554809343,True,
1487,-0.4136038655792903,True,,-0.44867394013599493,True,
1488,-0.08772818445205341,True,,-0.11428976639585064,True,
1489,-0.2834415840542744,True,,-0.2826001209603198,True,
1490,-0.11967906216969347,True,,-0.12784664168348228,True,
1491,-0.3996980838060919,True,,-0.45056122324754694,True,
1492,-0.29806658456004537,True,,-0.3364416554258792,True,
1493,-0.2898339701556713,True,,-0.3231962943780477,True,
1494,-0.33717145454367736,True,,-0.3717731924501745,True,
1495,-0.47461572853552875,True,,-0.4940721212401523,True,
1496,-0.4714838709677419,True,,-0.5522346041055719,True,
1497,-0.1912441790102344,True,,-0.1824567865505538,True,
1498,-0.46505260687605116,True,,-0.4700590605076857,True,
1499,-0.24742633109902618,True,,-0.27051979258884534,True,
1500,-0.2421365453397854,True,,-0.24040079949505574,True,
1501,-0.35463205205608106,True,,-0.3738847521298719,True,
1502,-0.2740717693424601,True,,-0.2698921385604646,True,
1503,-0.14851821770583457,True,,-0.17239295090946868,True,
1504,-0.2617673557844498,True,,-0.30238390922151603,True,
1505,-0.30293785013545144,True,,-0.30609400068383263,True,
1506,-0.2624258037728015,True,,-0.30555162358803045,True,
1507,-0.3575530649935487,True,,-0.3870265894198902,True,
1508,-0.43725934314835785,True,,-0.4814080785201963,True,
1509,-0.31909833784501734,True,,-0.35924810888759584,True,
1510,-0.13854186743293675,True,,-0.15147267534561001,True,
1511,-0.449836191944498,True,,-0.46788976681441513,True,
1512,-0.24581776670817768,True,,-0.24789331672893317,True,
1513,-0.30455291696533865,True,,-0.32878581173260574,True,
1514,-0.30702553820604733,True,,-0.316179597788444,True,
1515,-0.20198882250915398,True,,-0.23223742532279823,True,
1516,-0.37914310018057273,True,,-0.41466071721709025,True,
1517,-0.44311931984755204,True,,-0.48336558194077983,True,
1518,-0.08584664099607123,True,,-0.11915326127323547,True,
1519,-0.12376237623762376,True,,-0.1404383995100541,True,
1520,-0.24746147005072172,True,,-0.27339894256423286,True,
1521,-0.3509734704259222,True,,-0.37904456536819225,True,
1522,-0.1241673064064783,True,,-0.18493846115747506,True,
1523,-0.2281535070091466,True,,-0.28454333978832497,True,
1524,-0.30126443638212774,True,,-0.29655091483390217,True,
1525,0.04905537987513176,True,,0.03883888753750101,True,
1526,-0.16782411799678695,True,,-0.19380668665325795,True,
1527,-0.5380825292547732,True,,-0.5502243599143619,True,
1528,-0.25537416249882045,True,,-0.29381900537888084,True,
1529,-0.4268573466939067,True,,-0.46233420890488697,True,
1530,-0.44637074192213105,True,,-0.49794248703401595,True,
1531,-0.2914083569752373,True,,-0.307519876711849,True,
1532,-0.1383872322553549,True,,-0.15634187316253675,True,
1533,-0.1467924257753065,True,,-0.14714293680445467,True,
1534,-0.22981950160407014,True,,-0.27312939499011635,True,
1535,-0.24020459006492526,True,,-0.27951834516080326,True,
1536,-0.41310715690989375,True,,-0.4320814934639094,True,
1537,-0.31533742331288345,True,,-0.3887116564417178,True,
1538,-0.09356486210418795,True,,-0.0822267620020429,True,
1539,-0.13560759044873671,True,,-0.16697754004100446,True,
1540,-0.4847271147999807,True,,-0.51165371809101,True,
1541,-0.34640535210470197,True,,-0.398529869688706,True,
1542,-0.12190566385184017,True,,-0.12124799410727909,True,
1543,-0.10511655182524557,True,,-0.14956751209500074,True,
1544,-0.4117104183757178,True,,-0.40907847962811045,True,
1545,-0.21680055664494907,True,,-0.2360048073881966,True,
1546,-0.31161335279191155,True,,-0.32263111531837124,True,
1547,-0.18109629172770025,True,,-0.2064451468660859,True,
1548,-0.5068001849876832,True,,-0.5369645031287458,True,
1549,-0.24608313483409938,True,,-0.2804710302948972,True,
1550,-0.3462955824531648,True,,-0.3431038470434045,True,
1551,-0.19794319414151507,True,,-0.23181712948860106,True,
1552,-0.5330794438048003,True,,-0.5452509584118831,True,
1553,-0.08059743306893594,True,,-0.11004885223512108,True,
1554,-0.187051724792228,True,,-0.22386247201244736,True,
1555,-0.3824879814184627,True,,-0.4245005011493425,True,
1556,-0.28274797893395054,True,,-0.31951293146825,True,
1557,-0.2690656575387864,True,,-0.2970119230206013,True,
1558,-0.3991978916007792,True,,-0.4511745158702876,True,
1559,-0.3505392912172573,True,,-0.3590488863986553,True,
1560,-0.24083039304176582,True,,-0.32035046452048177,True,
1561,-0.3295340130402057,True,,-0.33921152699439877,True,
1562,-0.15052788869019915,True,,-0.18963329495627465,True,
1563,-0.3201622480297352,True,,-0.3448696000863678,True,
1564,-0.3282835051246045,True,,-0.3839520344009836,True,
1565,-0.28332532193184407,True,,-0.3194778252839831,True,
1566,-0.24993192900814376,True,,-0.30633183989702717,True,
1567,-0.26222200569994886,True,,-0.3177112513092831,True,
1568,-0.5068448088261343,True,,-0.5232672891520534,True,
1569,-0.31500324306794225,True,,-0.3197664991081563,True,
1570,-0.24341903887358432,True,,-0.23829201101928374,True,
1571,-0.1341375868891496,True,,-0.11974506679740164,True,
1572,-0.24857977909080556,True,,-0.2947353771018637,True,
1573,-0.2895276667367978,True,,-0.28432042920260886,True,
1574,-0.131611150288298,True,,-0.1418156552038827,True,
1575,-0.3251783788268481,True,,-0.33354766448187173,True,
1576,-0.18343207251000052,True,,-0.17956352220365587,True,
1577,-0.37235271467077397,True,,-0.3655966674834599,True,
1578,-0.4043973325490243,True,,-0.4351294409997539,True,
1579,-0.40773200150532285,True,,-0.39547255018274363,True,
1580,-0.37557210127490115,True,,-0.43066368466249566,True,
1581,-0.22660263229885408,True,,-0.22190137491514433,True,
1582,-0.20714346274500736,True,,-0.23906860591486115,True,
1583,-0.2053291273050657,True,,-0.23214255751128413,True,
1584,-0.1633502422486749,True,,-0.18584205133394896,True,
1585,-0.5292058587715353,True,,-0.5399417251696423,True,
1586,-0.15067716088775437,True,,-0.1626705564165679,True,
1587,-0.223998416272797,True,,-0.25641533245898396,True,
1588,-0.269164265129683,True,,-0.27684918347742554,True,
1589,-0.15015368269267257,True,,-0.17643785021313196,True,
1590,-0.28130974699756833,True,,-0.30749478712280115,True,
1591,-0.1747782852371494,True,,-0.20256063155497642,True,
1592,-0.21805180988198036,True,,-0.25573397332805503,True,
1593,-0.27329504265878546,True,,-0.2644366730130406,True,
1594,-0.059828760527375555,True,,-0.07460648188678584,True,
1595,-0.3311882621705975,True,,-0.39644132694102124,True,
1596,-0.250382169211316,True,,-0.2857304621888388,True,
1597,-0.3077593050770381,True,,-0.32109356333001904,True,
1598,-0.24465756544403255,True,,-0.2545263610713969,True,
1599,-0.15090759721461544,True,,-0.1678663641342618,True,
1600,-0.17743792139450748,True,,-0.1982087966301089,True,
1601,-0.4292618859994747,True,,-0.39591979686542333,True,
1602,-0.1991632706424066,True,,-0.19603829057212646,True,
1603,-0.27279628528410743,True,,-0.29713931449827297,True,
1604,-0.1359891001102965,True,,-0.14598066567183546,True,
1605,-0.1465605724396133,True,,-0.18349152973147342,True,
1606,-0.3604937534516471,True,,-0.4093168350821679,True,
1607,-0.10255475191960939,True,,-0.09732774164792642,True,
1608,-0.1869718895241675,True,,-0.25503263533000353,True,
1609,-0.09726087337008839,True,,-0.0847641550713223,True,
1610,-0.450928040660083,True,,-0.5051950976292341,True,
1611,-0.33614825240441004,True,,-0.3356595511767926,True,
1612,-0.2693914797560156,True,,-0.28115844579991356,True,
1613,-0.05996013065616294,True,,-0.09883274089730042,True,
1614,-0.28910886331419233,True,,-0.27714374954950627,True,
1615,-0.21969334735902585,True,,-0.20987536259602818,True,
1616,-0.32037335679030443,True,,-0.3517470556614377,True,
1617,-0.16795129375951293,True,,-0.20801217656012178,True,
1618,-0.19514376011716641,True,,-0.2283357743004702,True,
1619,-0.1911642705417947,True,,-0.26391408593230076,True,
1620,-0.43187869403478296,True,,-0.46044904356364597,True,
1621,-0.42704857026241866,True,,-0.4137955871407649,True,
1622,-0.24297275108487432,True,,-0.2755385276985027,True,
1623,-0.4434776519196765,True,,-0.437245049808295,True,
1624,-0.4540746578316741,True,,-0.4912909918458594,True,
1625,-0.2194187859611369,True,,-0.2687317059826566,True,
1626,-0.2520357031005324,True,,-0.2207563419981209,True,
1627,-0.18417579839490122,True,,-0.20304206297226757,True,
1628,-0.0737981014596305,True,,-0.08264009390629784,True,
1629,-0.20867851608089233,True,,-0.21858916716092372,True,
1630,-0.20302664575669757,True,,-0.2677078289525984,True,
1631,-0.24641910704102513,True,,-0.2881486699540438,True,
1632,-0.23723893943688124,True,,-0.25778173040274427,True,
1633,-0.3637350500769325,True,,-0.3861257162275692,True,
1634,-0.3962459841643267,True,,-0.4326477954010776,True,
1635,-0.28090616052295114,True,,-0.3275707862875391,True,
1636,-0.3352880809265504,True,,-0.35477691443092413,True,
1637,-0.3128468113083498,True,,-0.3214990138067061,True,
1638,-0.17209735741271562,True,,-0.2011060579971437,True,
1639,-0.31334071315957196,True,,-0.3317231894267217,True,
1640,-0.0996895390444117,True,,-0.1010576720690381,True,
1641,-0.2855689333559437,True,,-0.32546595341236684,True,
1642,-0.14434974700359718,True,,-0.19106825678761735,True,
1643,-0.24164881071665306,True,,-0.2853200968075103,True,
1644,0.08684993871476099,True,,0.0808614953598319,True,
1645,-0.19407398243226526,True,,-0.20899418532723,True,
1646,-0.26940836052453365,True,,-0.309918118574155,True,
1647,-0.27190218076389766,True,,-0.30163932458146503,True,
1648,-0.293905555361081,True,,-0.2987713095529807,True,
1649,-0.27232891718873026,True,,-0.2945123412413132,True,
1650,-0.5415139296187683,True,,-0.5792705278592375,True,
1651,-0.31617827259041414,True,,-0.3133424360186255,True,
1652,-0.46672790951369353,True,,-0.461369160398844,True,
1653,-0.39560708459566535,True,,-0.41809601491493825,True,
1654,-0.2774718304604134,True,,-0.3062308782926647,True,
1655,-0.01439534817863447,True,,-0.0760923945363754,True,
1656,-0.18135992970664858,True,,-0.1949253133141157,True,
1657,-0.32621743797529595,True,,-0.343523376119418,True,
1658,-0.24019056135428068,True,,-0.24982655216539987,True,
1659,-0.379713063176441,True,,-0.39642587465391393,True,
1660,-0.17699869676443614,True,,-0.23701189001335415,True,
1661,-0.37471373292268817,True,,-0.3609729132117192,True,
1662,-0.06105324074074074,True,,-0.07896675084175084,True,
1663,0.027735504792561372,True,,0.017871513142693238,True,
1664,-0.446332859956938,True,,-0.47464382243804115,True,
1665,-0.2206841269596584,True,,-0.257988931880193,True,
1666,-0.3100974683951491,True,,-0.3799659021455914,True,
1667,-0.13712646064976497,True,,-0.21558152266248845,True,
1668,-0.296989409751661,True,,-0.32393519446285707,True,
1669,-0.19997198781469938,True,,-0.19114814944500857,True,
1670,-0.428696689967606,True,,-0.4550259395474584,True,
1671,-0.40327853228496546,True,,-0.45163688348820585,True,
1672,-0.13674850105331388,True,,-0.12959812023983147,True,
1673,-0.427684876134248,True,,-0.4538166082420624,True,
1674,-0.28520937769000965,True,,-0.2819281988961466,True,
1675,-0.10213773059814828,True,,-0.1518767779088323,True,
1676,-0.10800825674805085,True,,-0.12089299096753836,True,
1677,-0.35444063646021523,True,,-0.39509870415163645,True,
1678,-0.1900451451749662,True,,-0.2023741320439077,True,
1679,-0.4768744416191327,True,,-0.47229285501569196,True,
1680,-0.36686655053876155,True,,-0.3900356091319696,True,
1681,-0.13671959010690113,True,,-0.16596875197672212,True,
1682,-0.4036308431905876,True,,-0.44082484660636345,True,
1683,-0.285500638336677,True,,-0.3268466168156119,True,
1684,-0.2757167552238093,True,,-0.2883988815511706,True,
1685,-0.3674535250362182,True,,-0.39372542335739763,True,
1686,-0.15188501864304152,True,,-0.16512635839255554,True,
1687,-0.6532512417609397,True,,-0.6737993163232544,True,
1688,-0.07272985186536163,True,,-0.07352017346545889,True,
1689,-0.07194487862451752,True,,-0.07891160802577435,True,
1690,-0.31385421014685233,True,,-0.334699401712645,True,
1691,-0.2826153807375293,True,,-0.30112671086129106,True,
1692,-0.2821180555555556,True,,-0.28303872053872053,True,
1693,-0.5650204233197178,True,,-0.5626810248793167,True,
1694,-0.43340600368941806,True,,-0.46168036223377495,True,
1695,-0.13005998735485064,True,,-0.14645241877033632,True,
1696,-0.1892879831891707,True,,-0.22023163758979622,True,
1697,-0.3149531159239897,True,,-0.3056385362210605,True,
1698,-0.2706739933166915,True,,-0.31476149840095063,True,
1699,-0.2029548716871477,True,,-0.2056156566187025,True,
1700,-0.3519665271966527,True,,-0.3703446901773262,True,
1701,-0.18936042299332523,True,,-0.21211327095312235,True,
1702,-0.31420756234915526,True,,-0.3509251810136766,True,
1703,-0.016536104492241976,True,,-0.023564945052317845,True,
1704,-0.12622514701764212,True,,-0.14008681041725007,True,
1705,-0.16675161881029243,True,,-0.23267448226388024,True,
1706,-0.2069818251662625,True,,-0.20011524333149264,True,
1707,-0.20706109076893428,True,,-0.24071690113702063,True,
1708,-0.17042124981987608,True,,-0.17969162783995388,True,
1709,-0.23934118278487806,True,,-0.27976250377377476,True,
1710,-0.23345881902342905,True,,-0.24892026871072273,True,
1711,-0.2170234355764137,True,,-0.26453625015855015,True,
1712,-0.46946443247957864,True,,-0.5105251681510927,True,
1713,-0.17849054216486368,True,,-0.1881065350793952,True,
1714,-0.2989715127442986,True,,-0.31943604177078677,True,
1715,-0.3150130510015544,True,,-0.3512039182332757,True,
1716,-0.28090456074671794,True,,-0.30187438342650447,True,
1717,-0.30877601324244813,True,,-0.3628300672965022,True,
1718,-0.2409119122309641,True,,-0.2636258408682961,True,
1719,-0.20236636678685196,True,,-0.183078377148458,True,
1720,-0.19934252479275238,True,,-0.2727752490269807,True,
1721,-0.2549240473738414,True,,-0.29393022657054585,True,
1722,-0.2565541103710085,True,,-0.3357007277286322,True,
1723,-0.3084098896980624,True,,-0.29465506588742923,True,
1724,-0.09600019118783408,True,,-0.10116226270801634,True,
1725,-0.3465897176408377,True,,-0.38973222833073495,True,
1726,-0.12464425696547393,True,,-0.13558240578506536,True,
1727,-0.34345615256492734,True,,-0.4201087483366087,True,
1728,-0.1009123233243493,True,,-0.15157726910374672,True,
1729,-0.39289344070049254,True,,-0.4134352278946134,True,
1730,-0.30018866264577365,True,,-0.32263267480620533,True,
1731,-0.3047920102620487,True,,-0.33397471137987905,True,
1732,-0.2899269387635339,True,,-0.30772766839783655,True,
1733,-0.18782804456979524,True,,-0.22334222874271187,True,
1734,-0.38472544110225343,True,,-0.4360456855030354,True,
1735,-0.16079735415753807,True,,-0.22193744335268095,True,
1736,-0.39815140992736486,True,,-0.40217737741767734,True,
1737,-0.3572008014465132,True,,-0.3806577725651175,True,
1738,-0.24002380285634276,True,,-0.2704424530943713,True,
1739,-0.17572584837008984,True,,-0.1739808420583649,True,
1740,0.004611393985973677,True,,-0.0070611970410221925,True,
1741,-0.19605654999139124,True,,-0.1942200144117028,True,
1742,-0.2828690786329793,True,,-0.3072405235004856,True,
1743,-0.1545457995471278,True,,-0.17928931955319982,True,
1744,-0.3474898413946782,True,,-0.36890965587965424,True,
1745,-0.13652934564824318,True,,-0.16383716952548502,True,
1746,-0.3221603786675712,True,,-0.32458101420003393,True,
1747,-0.0007904817885157184,True,,-0.02229564018890488,True,
1748,-0.2727621905476369,True,,-0.3198139534883721,True,
1749,-0.23872071147597057,True,,-0.2452197708226441,True,
1750,-0.42315398524165565,True,,-0.44698235840297124,True,
1751,-0.312321344608059,True,,-0.335875868554412,True,
1752,-0.26703254060646375,True,,-0.2684234663280065,True,
1753,-0.46221699863911914,True,,-0.47451441296548313,True,
1754,-0.5506134253860149,True,,-0.6055768064561272,True,
1755,-0.133471534077265,True,,-0.16910968336347285,True,
1756,-0.23525005578044816,True,,-0.25346635642112647,True,
1757,-0.27910460485452265,True,,-0.2948641440037024,True,
1758,-0.19756850787693991,True,,-0.22264571361557406,True,
1759,-0.23856996813694398,True,,-0.26176209415644985,True,
1760,-0.3425888312743435,True,,-0.3318518164512095,True,
1761,-0.2862630239592836,True,,-0.32778364622845346,True,
1762,-0.1513717617818564,True,,-0.15122837204856132,True,
1763,-0.2013404459034332,True,,-0.21187252085897962,True,
1764,-0.20853547903601152,True,,-0.2051170801614536,True,
1765,-0.31116603557644307,True,,-0.3473025458707219,True,
1766,-0.33567021199971186,True,,-0.3442654438068714,True,
1767,-0.35233116619643884,True,,-0.3853760721666022,True,
1768,-0.2737785041397493,True,,-0.30771365577637644,True,
1769,-0.38596378373162654,True,,-0.4319256376443344,True,
1770,-0.2927745869673119,True,,-0.3213804560326577,True,
1771,-0.3696788102459166,True,,-0.4452686325379715,True,
1772,-0.182451306054658,True,,-0.2646270572248226,True,
1773,-0.28288937389886665,True,,-0.2835467669410187,True,
1774,-0.25308140961513054,True,,-0.30147794409105494,True,
1775,-0.32106013653997817,True,,-0.30697596609602407,True,
1776,-0.36815356347003403,True,,-0.4015403260487118,True,
1777,-0.019580664691074785,True,,-0.03181658859892298,True,
1778,-0.3365091986843532,True,,-0.36941482632739364,True,
1779,-0.15843055756507557,True,,-0.18184329251450143,True,
1780,-0.337752350891037,True,,-0.3590583284013941,True,
1781,-0.18348238283731613,True,,-0.2186678395152226,True,
1782,-0.3432729854455094,True,,-0.33514771427444484,True,
1783,-0.36070321835821195,True,,-0.34932047880420475,True,
1784,-0.174460226913396,True,,-0.19834052187551385,True,
1785,-0.1440354596261322,True,,-0.18798997880131046,True,
1786,-0.10352589303609146,True,,-0.13748978616468557,True,
1787,-0.40318395002311996,True,,-0.42145344393171585,True,
1788,-0.46727958714601675,True,,-0.4941382251326308,True,
1789,-0.010654249861889354,True,,-0.007786809775603083,True,
1790,-0.16894808887016952,True,,-0.16581552069074446,True,
1791,-0.43026785864041195,True,,-0.44932154777679006,True,
1792,-0.3020986674271093,True,,-0.3201643172587072,True,
1793,-0.2965939308618802,True,,-0.33515172845299546,True,
1794,-0.3827553114733428,True,,-0.46726255104828485,True,
1795,-0.20302999381756412,True,,-0.26265748704989766,True,
1796,-0.32974672812196515,True,,-0.3366219111775678,True,
1797,-0.6038989974006684,True,,-0.5931922267607377,True,
1798,-0.16757613096285864,True,,-0.19755911517925248,True,
1799,-0.36357026166935796,True,,-0.38808464829031986,True,
1800,-0.4890454656991622,True,,-0.47418235355978544,True,
1801,-0.05830374753451677,True,,-0.0760026298487837,True,
1802,-0.22844831019458847,True,,-0.23534612535544458,True,
1803,-0.00962946953869798,True,,-0.02009941646855414,True,
1804,-0.20803004311743706,True,,-0.2692289860447865,True,
1805,-0.28601864701628193,True,,-0.32020484353316003,True,
1806,-0.3715118807069596,True,,-0.4597198421021221,True,
1807,-0.2720832296075015,True,,-0.2715023649489669,True,
1808,-0.11918513543765391,True,,-0.17916573390045518,True,
1809,-0.22422057824413075,True,,-0.2906129689741073,True,
1810,-0.22642265692973967,True,,-0.23234693179263083,True,
1811,-0.3283917491195707,True,,-0.34657051819553913,True,
1812,-0.45447669357985415,True,,-0.4969655131014197,True,
1813,-0.3572455054696894,True,,-0.37769696258712887,True,
1814,-0.3314611978559776,True,,-0.4113609881146586,True,
1815,0.022154940407535562,True,,0.03335255670895809,True,
1816,-0.181301775147929,True,,-0.1705982905982906,True,
1817,-0.2428752342839775,True,,-0.2420647383617851,True,
1818,-0.27959493670886076,True,,-0.26744303797468355,True,
1819,-0.06926613988431196,True,,-0.07695741736340968,True,
1820,-0.33848885381732097,True,,-0.3337015847964753,True,
1821,-0.24563472790767593,True,,-0.2641827979370476,True,
1822,-0.2460060583426698,True,,-0.25712685173658656,True,
1823,-0.27770537849361693,True,,-0.2946341586851728,True,
1824,-0.37568969093549054,True,,-0.3747355320472931,True,
1825,-0.32001473994525165,True,,-0.33085912823752367,True,
1826,-0.4688786444441018,True,,-0.47344239041613345,True,
1827,-0.19731383530387886,True,,-0.2174030284173408,True,
1828,-0.24989481434732302,True,,-0.2726938045650573,True,
1829,-0.39678042020342,True,,-0.42667475067435473,True,
1830,0.005288781478757312,True,,-0.00931666141291023,True,
1831,-0.4638466312205431,True,,-0.4816256017175156,True,
1832,-0.10929664070965954,True,,-0.14501146644489807,True,
1833,-0.34430972357381445,True,,-0.3431261671181715,True,
1834,-0.18461117695323184,True,,-0.19688820007901053,True,
1835,-0.09990925709175555,True,,-0.12344980865082392,True,
1836,-0.2543605262051864,True,,-0.3596015634850586,True,
1837,-0.3759755125788948,True,,-0.3988692275584675,True,
1838,-0.48588635702266025,True,,-0.4904664903779243,True,
1839,-0.3809720122761211,True,,-0.406761027896111,True,
1840,-0.13624447125050262,True,,-0.20479292320064335,True,
1841,-0.19025871339110634,True,,-0.21667404642924917,True,
1842,-0.24593468004214192,True,,-0.2673720855663964,True,
1843,-0.22006325533965887,True,,-0.21188945452227878,True,
1844,-0.32178433674325,True,,-0.3556934428978702,True,
1845,-0.1295769226873563,True,,-0.14764658813519838,True,
1846,-0.1735494247185451,True,,-0.2036991216132624,True,
1847,-0.3375190228433474,True,,-0.3149067382695786,True,
1848,-0.5072013889802307,True,,-0.5091743722624857,True,
1849,-0.580074378547661,True,,-0.5752201996476806,True,
1850,-0.4837003959469203,True,,-0.5083680155848755,True,
1851,-0.31915108896365063,True,,-0.3385273063010649,True,
1852,-0.20724938843149118,True,,-0.20717047636583633,True,
1853,-0.4368839309032571,True,,-0.4810133194045443,True,
1854,-0.34261640977862395,True,,-0.34605958722378627,True,
1855,-0.41912255957241484,True,,-0.4232054042016183,True,
1856,-0.32078574229373,True,,-0.3359389822790574,True,
1857,-0.42823704850263794,True,,-0.4629694298415335,True,
1858,-0.19837711638068145,True,,-0.24121788292911286,True,
1859,-0.15482170696097597,True,,-0.1861745564326545,True,
1860,-0.3193978226014688,True,,-0.37939938389109407,True,
1861,-0.07230028996590511,True,,-0.08013892871937035,True,
1862,-0.21968193769732278,True,,-0.2463467797902392,True,
1863,-0.23402056633402563,True,,-0.2551137227090826,True,
1864,-0.2852259520065632,True,,-0.28187598277158676,True,
1865,-0.2042548578206608,True,,-0.20462473454967509,True,
1866,-0.23651002012776756,True,,-0.2562877395641901,True,
1867,-0.13592368131381505,True,,-0.17863785315738198,True,
1868,-0.027530321857990443,True,,-0.040516652956928086,True,
1869,-0.3490811569275336,True,,-0.41631964875752503,True,
1870,-0.12237465930693296,True,,-0.1603948604017315,True,
1871,-0.36365683404638594,True,,-0.39206099012448936,True,
1872,-0.3144394259376301,True,,-0.34543941052242144,True,
1873,-0.13298600273702912,True,,-0.15608268709034598,True,
1874,-0.38207380240002575,True,,-0.4448734034681337,True,
1875,-0.41237685583460526,True,,-0.42945901361330807,True,
1876,-0.0804922052088634,True,,-0.11336756565049112,True,
1877,-0.4181033471723782,True,,-0.47481997513663127,True,
1878,-0.045973165057207506,True,,-0.05548650285240782,True,
1879,-0.2586242289758453,True,,-0.2634923117528031,True,
1880,-0.26493375817541504,True,,-0.3037732684890156,True,
1881,-0.09127584467977812,True,,-0.10044905506327594,True,
1882,-0.21459212323760843,True,,-0.24527046440939404,True,
1883,-0.4614204313262859,True,,-0.4559768067667492,True,
1884,-0.21568133114836757,True,,-0.2732587803809284,True,
1885,-0.5111803294162065,True,,-0.5595828023974704,True,
1886,-0.20248980756002213,True,,-0.2263141117057866,True,
1887,-0.21562229878620387,True,,-0.26687687943607785,True,
1888,-0.10036651517372819,True,,-0.13514147485705907,True,
1889,-0.4415020047537874,True,,-0.4480804782598257,True,
1890,-0.2184025233376876,True,,-0.2182591518781661,True,
1891,-0.4788971564420019,True,,-0.50893821976597,True,
1892,-0.32197073269532633,True,,-0.3149222745455466,True,
1893,-0.19867160899682998,True,,-0.23285419566931115,True,
1894,-0.3022542251255784,True,,-0.32084972657313243,True,
1895,-0.1756471361394509,True,,-0.16004057959918075,True,
1896,-0.26860856890248275,True,,-0.273355795040901,True,
1897,-0.25070582125489826,True,,-0.28569944761814836,True,
1898,-0.3446383338024205,True,,-0.3971526409606905,True,
1899,-0.43994499828119626,True,,-0.48839234559413314,True,
1900,-0.2590184521277673,True,,-0.2632111968564542,True,
1901,-0.24099105702976104,True,,-0.27904999266969654,True,
1902,-0.4673576683823297,True,,-0.5053443430484069,True,
1903,-0.39997849945759995,True,,-0.4053731810052481,True,
1904,-0.39380754831528886,True,,-0.4488804729622295,True,
1905,-0.1593378040632501,True,,-0.2086065675187449,True,
1906,-0.2784326308736233,True,,-0.32488368361944486,True,
1907,-0.22966168172271564,True,,-0.29395986740555174,True,
1908,-0.23510274739214135,True,,-0.28785685504932174,True,
1909,-0.26282759362261604,True,,-0.2813614991348889,True,
1910,-0.38692965154503617,True,,-0.39566074950690333,True,
1911,-0.0759656878223345,True,,-0.08117566571939795,True,
1912,-0.2549976063896798,True,,-0.27586988838217136,True,
1913,-0.24295808803229393,True,,-0.28507151970989186,True,
1914,-0.2364309271888851,True,,-0.2883940963154203,True,
1915,-0.33850647261206407,True,,-0.33173683819707434,True,
1916,-0.25893773645775287,True,,-0.28064052555943336,True,
1917,-0.329636842708214,True,,-0.39470729751403366,True,
1918,-0.24751578291764573,True,,-0.2980966131604526,True,
1919,-0.2857938718662953,True,,-0.29844108879440945,True,
1920,-0.16244952283004885,True,,-0.18328065054422077,True,
1921,-0.2024508593146199,True,,-0.20935087285968113,True,
1922,-0.21408036010204948,True,,-0.24233665533640097,True,
1923,-0.3358956371180799,True,,-0.346642386972551,True,
1924,-0.30727138043919805,True,,-0.3201111934176046,True,
1925,-0.3749518185602615,True,,-0.403799010160502,True,
1926,-0.014416146083613647,True,,-0.04084574723690534,True,
1927,-0.07899780941949616,True,,-0.1421921452041934,True,
1928,-0.2977404351087772,True,,-0.3444921230307577,True,
1929,-0.23419804101622282,True,,-0.23130292827262525,True,
1930,-0.02648107626225788,True,,-0.04911256990031607,True,
1931,-0.3729447076812716,True,,-0.41498499235459574,True,
1932,-0.2651263123244689,True,,-0.34791043626252793,True,
1933,-0.5063569919445751,True,,-0.5414902909359672,True,
1934,-0.01128660979553474,True,,-0.02551235792173449,True,
1935,-0.2647205785667324,True,,-0.2519921104536489,True,
1936,-0.06543892704471323,True,,-0.07652099920987054,True,
1937,-0.21051939513477974,True,,-0.2336620644312952,True,
1938,-0.3974275495663826,True,,-0.4321924336362521,True,
1939,-0.23481361426256078,True,,-0.27241491085899516,True,
1940,-0.2652009257311172,True,,-0.29105301914580267,True,
1941,-0.2301957884714724,True,,-0.23993963273202404,True,
1942,-0.23486971140375457,True,,-0.25073550014009527,True,
1943,-0.1911507366239454,True,,-0.20646000136864437,True,
1944,-0.23469945908713358,True,,-0.23820425031907783,True,
1945,-0.196607294317218,True,,-0.22040249826509367,True,
1946,-0.2202465322241664,True,,-0.23154674043734544,True,
1947,-0.21289763861825947,True,,-0.24434291174867673,True,
1948,-0.10998187916875506,True,,-0.12205729267070209,True,
1949,-0.19767441860465115,True,,-0.1716867469879518,True,
1950,-0.3813728197511699,True,,-0.4327061580601103,True,
1951,-0.5523492415834258,True,,-0.6196201751140707,True,
1952,-0.1822630234270125,True,,-0.20374139349586454,True,
1953,-0.1562385144477309,True,,-0.16817473791063584,True,
1954,-0.4995136023615444,True,,-0.5154808627687766,True,
1955,-0.4016652933778568,True,,-0.4339448082455151,True,
1956,-0.29586074870095397,True,,-0.32604044336481075,True,
1957,-0.23102414591264972,True,,-0.25664992853619356,True,
1958,-0.39818352012548386,True,,-0.3976522377109318,True,
1959,-0.34143192488262913,True,,-0.37370892018779345,True,
1960,-0.24551883489707324,True,,-0.2545861924100266,True,
1961,-0.3841155912086881,True,,-0.431942392043722,True,
1962,-0.33989580082110876,True,,-0.3456579673957408,True,
1963,-0.06601302477591138,True,,-0.056064210703385964,True,
1964,-0.3818208029986304,True,,-0.40017780340709774,True,
1965,-0.16172045951859956,True,,-0.17512308533916848,True,
1966,-0.16716899206570907,True,,-0.1914668391725598,True,
1967,-0.10113183484776024,True,,-0.09904351984696318,True,
1968,-0.2458760065671175,True,,-0.27398170588695175,True,
1969,-0.409029176927095,True,,-0.44666815909260504,True,
1970,-0.31034578685286673,True,,-0.40307489730251017,True,
1971,-0.1410731294316859,True,,-0.16434593733778832,True,
1972,-0.12342638204707171,True,,-0.15192743764172337,True,
1973,-0.24061071761632075,True,,-0.2703604652058975,True,
1974,-0.30632793427943394,True,,-0.31376302914273557,True,
1975,-0.2504996331807028,True,,-0.2840699233474158,True,
1976,-0.11261879953269553,True,,-0.1655220864513277,True,
1977,-0.3263365516905507,True,,-0.3738205106351893,True,
1978,-0.34080891028363774,True,,-0.3907027231110482,True,
1979,-0.3393917088959979,True,,-0.3773462050222235,True,
1980,-0.15523731157758364,True,,-0.15425690225669217,True,
1981,-0.08432944786794368,True,,-0.11392827975350805,True,
1982,-0.19414544824685126,True,,-0.23470170489693912,True,
1983,-0.21445990369871618,True,,-0.27639373758748875,True,
1984,-0.2632444946141925,True,,-0.26982608529282337,True,
1985,-0.06987706721694653,True,,-0.12521148937418705,True,
1986,-0.21569752156975217,True,,-0.21040765437409878,True,
1987,-0.2528436852597428,True,,-0.28065512254231323,True,
1988,-0.20224066390041492,True,,-0.23635892116182572,True,
1989,-0.3423108863052997,True,,-0.393496149781066,True,
1990,-0.33493129041456965,True,,-0.3654825856075962,True,
1991,-0.28710000911660133,True,,-0.3309326283161637,True,
1992,-0.13805646977308159,True,,-0.17215609611244462,True,
1993,-0.123636521125802,True,,-0.16044967734351315,True,
1994,-0.4367141034155952,True,,-0.4588479362402334,True,
1995,-0.27377188247088763,True,,-0.2934526104727385,True,
1996,-0.252918897229372,True,,-0.2644476849450474,True,
1997,-0.31626314112774767,True,,-0.32325581395348835,True,
1998,-0.23766798612129209,True,,-0.26282558764599523,True,
1999,-0.3233456535178292,True,,-0.3191103160719218,True,
2000,-0.17255307012810828,True,,-0.2098139269582376,True,
2001,-0.3689710962438235,True,,-0.4229306047487866,True,
2002,-0.14382642998027614,True,,-0.15602892833662063,True,
2003,-0.3494358251057828,True,,-0.354299759396001,True,
2004,-0.39473697108716005,True,,-0.43318286305243914,True,
2005,-0.37014160258834405,True,,-0.42124819170073174,True,
2006,-0.2503662242823097,True,,-0.30078492249163696,True,
2007,-0.1756206189741124,True,,-0.2307614444416327,True,
2008,-0.26862258360860813,True,,-0.29723813060729853,True,
2009,-0.227455559880628,True,,-0.253730374983781,True,
2010,-0.03089691820011312,True,,-0.02681941941678614,True,
2011,-0.11987656805527605,True,,-0.14727980143556718,True,
2012,-0.14024142780289373,True,,-0.21625626457013958,True,
2013,-0.41945381271839577,True,,-0.4493078299830762,True,
2014,-0.11628519610525143,True,,-0.10967911891952137,True,
2015,-0.2724736107820685,True,,-0.26920950801547816,True,
2016,-0.1589808380711729,True,,-0.13934512528953463,True,
2017,-0.2763324893330697,True,,-0.2826465467208358,True,
2018,-0.26848492553222697,True,,-0.32095952434504543,True,
2019,-0.334921254510838,True,,-0.32673204228437597,True,
2020,-0.2507873016820644,True,,-0.2913986358412561,True,
2021,-0.31709611148238903,True,,-0.3209078983193485,True,
2022,-0.4653647864355964,True,,-0.4622451356744219,True,
2023,-0.20480772992215313,True,,-0.19753158862418338,True,
2024,-0.12472377144059771,True,,-0.1539513837735452,True,
2025,-0.19520186251609273,True,,-0.2290139303252465,True,
2026,-0.21287839409915596,True,,-0.24405336501571742,True,
2027,-0.38251708886208285,True,,-0.4107277844792923,True,
2028,-0.1984558448187851,True,,-0.2007912200102093,True,
2029,-0.2599993625904325,True,,-0.27147273480574946,True,
2030,-0.11952744257677539,True,,-0.11810895974548365,True,
2031,-0.26151580406425584,True,,-0.2743743966733497,True,
2032,-0.3468407912425581,True,,-0.3849745534856923,True,
2033,-0.32091962173118865,True,,-0.3523803651665909,True,
2034,-0.1398719640326443,True,,-0.17038557396276205,True,
2035,-0.19455097998699736,True,,-0.2288215461065109,True,
2036,-0.23983457068056205,True,,-0.26120884819203966,True,
2037,-0.06098247399628353,True,,-0.09603448142922132,True,
2038,-0.3273647790136247,True,,-0.3492386183708974,True,
2039,-0.15357281838306125,True,,-0.1510720687961315,True,
2040,-0.1841981601688503,True,,-0.19740352833419617,True,
2041,-0.31626270523846756,True,,-0.3312548866301798,True,
2042,-0.47577428437353353,True,,-0.5020725793837009,True,
2043,-0.14804611774308743,True,,-0.19280745662207338,True,
2044,-0.18236562532870518,True,,-0.20950352371936468,True,
2045,-0.35299465292915866,True,,-0.4009130099023451,True,
2046,-0.14848126478277107,True,,-0.16501722063156146,True,
2047,-0.2556361872375455,True,,-0.30073548507225,True,
2048,-0.40206302318777665,True,,-0.45795151046139615,True,
2049,-0.19766752419453631,True,,-0.22029645963493813,True,
2050,-0.35246051365734254,True,,-0.4140555548790141,True,
2051,-0.28937900829031754,True,,-0.307035038323166,True,
2052,-0.31431001932677166,True,,-0.34560595771988867,True,
2053,-0.18935679261609462,True,,-0.22127680030766272,True,
2054,-0.26527801687037356,True,,-0.26584508825048353,True,
2055,-0.10482800857405328,True,,-0.1062697764621823,True,
2056,-0.24936413143144182,True,,-0.21702453376282702,True,
2057,-0.607643498276681,True,,-0.6139765433752694,True,
2058,-0.15645944072105386,True,,-0.1748842472685543,True,
2059,-0.3537058568086626,True,,-0.4073010492106406,True,
2060,-0.1775221464533809,True,,-0.19390096233509654,True,
2061,-0.08472198671209015,True,,-0.11646190131183426,True,
2062,-0.3310106646950991,True,,-0.34051064950322574,True,
2063,-0.3575332866152768,True,,-0.37568325157673443,True,
2064,-0.39675910058266045,True,,-0.38641309112937294,True,
2065,-0.20405984775570915,True,,-0.21679937002362412,True,
2066,-0.16449498539050778,True,,-0.1597567716970702,True,
2067,-0.44050437402676323,True,,-0.4135892339439669,True,
2068,-0.5047270932617715,True,,-0.5195021514829038,True,
2069,-0.45058557132770083,True,,-0.4996713009179226,True,
2070,-0.31923172992230536,True,,-0.3236488884798927,True,
2071,-0.2983315167267544,True,,-0.32053324390039406,True,
2072,-0.24532622066328083,True,,-0.2826190215206986,True,
2073,-0.20978337373895362,True,,-0.23320559943692812,True,
2074,-0.2535822988269895,True,,-0.2455798365308984,True,
2075,-0.3958238765320018,True,,-0.42228130471435055,True,
2076,-0.2119251026939845,True,,-0.2331745671732063,True,
2077,-0.3887385222472365,True,,-0.4089241899172843,True,
2078,-0.14667052387965496,True,,-0.16650010519671787,True,
2079,-0.26386932313678135,True,,-0.3003287046354062,True,
2080,-0.47058015344454807,True,,-0.532565387480024,True,
2081,-0.2929741957545309,True,,-0.31201830759923194,True,
2082,-0.5675200222211935,True,,-0.5723191827538848,True,
2083,-0.10253042640749496,True,,-0.12151300236406619,True,
2084,-0.1649670601590551,True,,-0.17341088385915907,True,
2085,-0.37062990972655857,True,,-0.39351048821665624,True,
2086,-0.1502112266322633,True,,-0.19455617110622042,True,
2087,-0.2844105285231075,True,,-0.36104957012481426,True,
2088,-0.31995726700917076,True,,-0.3444807221395304,True,
2089,-0.2943028075389067,True,,-0.31547665597872837,True,
2090,-0.12116504544983787,True,,-0.14667431466743147,True,
2091,-0.3299131267528559,True,,-0.32430398796087284,True,
2092,-0.1344942820198492,True,,-0.21214462039664814,True,
2093,-0.538742279618192,True,,-0.5287376856719922,True,
2094,-0.08366533864541832,True,,-0.07436918990703852,True,
2095,-0.2761954824938673,True,,-0.28342731530153875,True,
2096,-0.32354950532628224,True,,-0.3323549505326282,True,
2097,-0.21954489684918857,True,,-0.2493960206934062,True,
2098,-0.23285197208851077,True,,-0.27504757640210453,True,
2099,-0.1950290975564761,True,,-0.242792694584668,True,
2100,-0.26047635310337847,True,,-0.28547034493226575,True,
2101,-0.19411737755990288,True,,-0.22385119347597013,True,
2102,-0.0645023063544476,True,,-0.10989337836815971,True,
2103,-0.14444177671068428,True,,-0.14535414165666266,True,
2104,-0.22606507883260651,True,,-0.2593760483059376,True,
2105,-0.2113795568263045,True,,-0.2691636883488206,True,
2106,-0.32974508142278003,True,,-0.34692288312223724,True,
2107,-0.2520472031864625,True,,-0.280559610103659,True,
2108,-0.3522743647629569,True,,-0.3499207454728853,True,
2109,-0.17986345131967846,True,,-0.16965018363168502,True,
2110,-0.2182827647185337,True,,-0.21087470825799154,True,
2111,-0.27259388557912445,True,,-0.3035833997394351,True,
2112,-0.1650180802418352,True,,-0.17968635404110944,True,
2113,-0.38430041742344584,True,,-0.3836790619125004,True,
2114,-0.34691882910619165,True,,-0.37979768362410204,True,
2115,-0.3555392650966737,True,,-0.3964079538165491,True,
2116,-0.3288365381388637,True,,-0.38058324104835733,True,
2117,-0.32871149345309636,True,,-0.3639825415902334,True,
2118,-0.2863395997267414,True,,-0.3139943830174835,True,
2119,-0.2248840668474932,True,,-0.22628401434946188,True,
2120,-0.2418694199588516,True,,-0.3122935502746371,True,
2121,-0.23871335743411468,True,,-0.2549312819406011,True,
2122,-0.26249450569859656,True,,-0.25959722901486404,True,
2123,-0.27156678992958816,True,,-0.2877159211792716,True,
2124,-0.46016019558014604,True,,-0.49950139929874227,True,
2125,-0.29823360932169424,True,,-0.30364910702939424,True,
2126,-0.4533008192279494,True,,-0.4606802460871506,True,
2127,-0.16831670915526076,True,,-0.19164418483775958,True,
2128,-0.4224933315842407,True,,-0.4618479163933709,True,
2129,-0.23798489807823184,True,,-0.2697605081505007,True,
2130,-0.22795908426692646,True,,-0.234453645072252,True,
2131,-0.2377714563241518,True,,-0.27156810595373004,True,
2132,-0.32500751636254305,True,,-0.3436635136489435,True,
2133,-0.3788728100007036,True,,-0.4359828318127448,True,
2134,-0.004692698301523376,True,,0.0003502013657853266,True,
2135,-0.3938251296975832,True,,-0.40556750601037583,True,
2136,-0.28232842519865353,True,,-0.32482997091758453,True,
2137,-0.1899512533095786,True,,-0.22221809813673818,True,
2138,-0.4092910776396125,True,,-0.4249802206332383,True,
2139,-0.45425529589226765,True,,-0.49356185645891176,True,
2140,-0.2460513311015463,True,,-0.24591104734576757,True,
2141,-0.3094474641223165,True,,-0.3236030188089,True,
2142,-0.340439191102887,True,,-0.375559373878892,True,
2143,-0.15032719463522357,True,,-0.15608095788002188,True,
2144,-0.1593162335810505,True,,-0.17065642247236248,True,
2145,-0.2336102106969206,True,,-0.2463128038897893,True,
2146,-0.5380209302744472,True,,-0.5707432468943819,True,
2147,-0.3574927827836585,True,,-0.42459102440731344,True,
2148,-0.3357826764640392,True,,-0.34857369059105864,True,
2149,-0.4374391092553932,True,,-0.4285569684317075,True,
2150,-0.6180593615647874,True,,-0.6521124873640494,True,
2151,-0.09307435549069927,True,,-0.11987789127627099,True,
2152,-0.135550157301581,True,,-0.15240332921827088,True,
2153,-0.055304580353706216,True,,-0.07349634341510848,True,
2154,-0.1719312918167782,True,,-0.23523546062789502,True,
2155,-0.1499192785169515,True,,-0.17483469106249266,True,
2156,-0.29161009887952083,True,,-0.33667398891756933,True,
2157,-0.4080226598055571,True,,-0.4216205591367501,True,
2158,-0.19577478252557118,True,,-0.21299748271357105,True,
2159,-0.3282641122453736,True,,-0.3853540297394304,True,
2160,-0.360692303822094,True,,-0.40379358344374194,True,
2161,-0.3747966920944723,True,,-0.39642178086271274,True,
2162,-0.2594627701461195,True,,-0.2675474669699886,True,
2163,-0.4511902051554476,True,,-0.46264956616326425,True,
2164,-0.3470524978003715,True,,-0.3700263955420862,True,
2165,-0.4473431344287499,True,,-0.4359565676948208,True,
2166,-0.14085864741919807,True,,-0.16235271623527162,True,
2167,-0.2018653336464589,True,,-0.21810313013721608,True,
2168,-0.3699355860302814,True,,-0.3685671557175951,True,
2169,-0.1991601527914801,True,,-0.21201082694594117,True,
2170,-0.09453693340794628,True,,-0.18379266927811974,True,
2171,-0.2319854022484859,True,,-0.27663099261108876,True,
2172,-0.05772949083878096,True,,-0.06512160153629631,True,
2173,-0.3312544856089292,True,,-0.37622194174276735,True,
2174,-0.19804844691091766,True,,-0.18163646405933562,True,
2175,-0.26870126625553903,True,,-0.266912992597073,True,
2176,-0.21008091455719693,True,,-0.2373988568035038,True,
2177,-0.27738249623216854,True,,-0.2843223160772493,True,
2178,-0.20878065182409875,True,,-0.21795518409107284,True,
2179,-0.3806382250891854,True,,-0.4035478668816889,True,
2180,-0.1641366465965915,True,,-0.15261761404224922,True,
2181,-0.23069808310403034,True,,-0.25610254275826455,True,
2182,-0.4123749536865506,True,,-0.46764233666790167,True,
2183,-0.39960776871006515,True,,-0.4058834693490226,True,
2184,-0.13004202744442755,True,,-0.14130335713200667,True,
2185,-0.23648682643768762,True,,-0.27492578865279155,True,
2186,-0.11806161827038654,True,,-0.13977351806161828,True,
2187,-0.13440184794942453,True,,-0.1369144107634949,True,
2188,-0.4562855025932329,True,,-0.5150037046184243,True,
2189,-0.4322527015793849,True,,-0.43413396333727083,True,
2190,-0.3403107999394649,True,,-0.33400240547364735,True,
2191,-0.2922825901663298,True,,-0.3601052041984268,True,
2192,-0.3439528194157355,True,,-0.4026249981931455,True,
2193,-0.22504643660181836,True,,-0.2490957082803793,True,
2194,-0.3817193791782321,True,,-0.3880331521951601,True,
2195,-0.3301942199809628,True,,-0.3339003989711809,True,
2196,-0.4016773764291843,True,,-0.428641465165549,True,
2197,-0.27963390315484155,True,,-0.3351265807279801,True,
2198,-0.23884693709761065,True,,-0.25025613782112094,True,
2199,-0.17267855876662513,True,,-0.1679581851885617,True,
2200,-0.5645043988269794,True,,-0.6238123167155425,True,
2201,-0.43653340347185693,True,,-0.43845344555497107,True,
2202,-0.24090479358520955,True,,-0.24895829685913373,True,
2203,-0.1631759555082239,True,,-0.16372815840334476,True,
2204,-0.0964993030167539,True,,-0.09160726966676311,True,
2205,-0.31258737008448306,True,,-0.3023764662979396,True,
2206,-0.16795964933349344,True,,-0.16791161282574757,True,
2207,-0.3936597494501291,True,,-0.382757961174333,True,
2208,-0.23009611391879436,True,,-0.24528798727933804,True,
2209,-0.09792242785223002,True,,-0.11001711895138826,True,
2210,-0.29136663944770247,True,,-0.3110632717194962,True,
2211,-0.17544676686031827,True,,-0.25328365748926496,True,
2212,-0.25347380210703163,True,,-0.2439186587798817,True,
2213,-0.06159005721049517,True,,-0.07405799960544486,True,
2214,-0.6749145711890416,True,,-0.6811997783998706,True,
2215,-0.09589179879438732,True,,-0.11301352515070158,True,
2216,-0.24107292942391279,True,,-0.24640395744783036,True,
2217,-0.2705894731304416,True,,-0.2901859694347266,True,
2218,-0.5019135924245414,True,,-0.4987308476359571,True,
2219,-0.27717566129710736,True,,-0.309071338430703,True,
2220,-0.36294192666219643,True,,-0.3528182069183134,True,
2221,-0.13841547531410262,True,,-0.1626033863075391,True,
2222,-0.08776485582284531,True,,-0.11484785725665127,True,
2223,-0.49594770765149376,True,,-0.5313744974519331,True,
2224,-0.21472153706348177,True,,-0.2439958457743736,True,
2225,-0.12279863318119907,True,,-0.13525611922228328,True,
2226,-0.22654951175450283,True,,-0.27774476794084635,True,
2227,-0.3140116064539935,True,,-0.3311529301264634,True,
2228,-0.19834167262330235,True,,-0.2393233261853705,True,
2229,-0.2582361346155795,True,,-0.28786696527193684,True,
2230,-0.328315567079612,True,,-0.3515077307212139,True,
2231,-0.23150622891005238,True,,-0.21885066562904656,True,
2232,-0.40509599311078465,True,,-0.3819968593283015,True,
2233,-0.37927099415989796,True,,-0.39195811237161843,True,
2234,-0.23383036561630394,True,,-0.2959835287683572,True,
2235,-0.23361259046312496,True,,-0.2705916808607388,True,
2236,-0.13151694674995845,True,,-0.16682797118026024,True,
2237,-0.26619124797406807,True,,-0.280259319286872,True,
2238,-0.187364388060285,True,,-0.21819105889712062,True,
2239,-0.16478141728269183,True,,-0.1651159826663268,True,
2240,-0.33429785138213386,True,,-0.4011574216585606,True,
2241,-0.15485467200036998,True,,-0.19189770388697483,True,
2242,-0.23643126439108322,True,,-0.2725386503377951,True,
2243,-0.32012080030200074,True,,-0.3489429973574934,True,
2244,-0.2946293309876362,True,,-0.3178517323950545,True,
2245,-0.2631989185107601,True,,-0.30414449085971085,True,
2246,-0.5649522474371331,True,,-0.5301147813896434,True,
2247,-0.3189394303280657,True,,-0.32340650367452806,True,
2248,-0.14948913118014126,True,,-0.19906740725502298,True,
2249,-0.2896987784991231,True,,-0.3545967816374881,True,
2250,-0.3996164493959451,True,,-0.42589787405511487,True,
2251,-0.11242359035865288,True,,-0.1429420924525164,True,
2252,-0.31030856407591617,True,,-0.3301907801944919,True,
2253,-0.3879146809790404,True,,-0.41006184549422414,True,
2254,-0.23690953545232274,True,,-0.2801955990220049,True,
2255,-0.21659763424008358,True,,-0.2709429456322997,True,
2256,-0.2530880379971317,True,,-0.28803182876617267,True,
2257,-0.370175965962957,True,,-0.3917728397345481,True,
2258,-0.2898482098229553,True,,-0.2736432273169705,True,
2259,-0.2637560991166247,True,,-0.27194565806677934,True,
2260,-0.2554989850587335,True,,-0.28338491231572993,True,
2261,-0.4189456995640111,True,,-0.46539456051941186,True,
2262,-0.26939081592142217,True,,-0.3003573056507227,True,
2263,-0.11242849874342806,True,,-0.16216716261428638,True,
2264,-0.387967077756449,True,,-0.37484551263509425,True,
2265,-0.40494667410888446,True,,-0.43890479362850127,True,
2266,-0.21262172758315417,True,,-0.23303402048817504,True,
2267,-0.17387787272878122,True,,-0.177051356508753,True,
2268,-0.3707939707467675,True,,-0.3797115501151376,True,
2269,-0.24491085620176564,True,,-0.23317821737937022,True,
2270,-0.39420419550969915,True,,-0.39291448424709813,True,
2271,-0.0985858483644919,True,,-0.13033469098636444,True,
2272,-0.28809932894608875,True,,-0.3381771322981165,True,
2273,0.0037704551979329485,True,,-0.008376662732463555,True,
2274,-0.33559174227305505,True,,-0.3583658957889617,True,
2275,-0.33154292039264804,True,,-0.38524365733593546,True,
2276,-0.328745300452431,True,,-0.33347670936086155,True,
2277,-0.2302805820783206,True,,-0.26810199075476676,True,
2278,-0.2971237863111026,True,,-0.30645893569738825,True,
2279,-0.3703946275134654,True,,-0.40435390375272484,True,
2280,-0.15511417546966919,True,,-0.1695363400594598,True,
2281,-0.17464311475684835,True,,-0.20832704275912972,True,
2282,-0.27640319377030637,True,,-0.24325533062362706,True,
2283,-0.2510639927004039,True,,-0.2670541918441051,True,
2284,-0.35044648760148445,True,,-0.45088636383670805,True,
2285,-0.20201183720193877,True,,-0.2484838151837689,True,
2286,-0.18710037775785282,True,,-0.23219614010847678,True,
2287,-0.29984504729526584,True,,-0.3121025000578182,True,
2288,-0.16647603405969244,True,,-0.19183505880282722,True,
2289,-0.17922499413466803,True,,-0.19062328927817315,True,
2290,-0.3618337553334651,True,,-0.37391337623490845,True,
2291,-0.4219097517651098,True,,-0.4620184198349081,True,
2292,-0.2623815028901734,True,,-0.2949210019267823,True,
2293,-0.10101027787018717,True,,-0.08647768459019838,True,
2294,-0.22397864914801888,True,,-0.25594627093292666,True,
2295,-0.21692858373370594,True,,-0.21396805951674547,True,
2296,-0.28916089845375925,True,,-0.30533244947353816,True,
2297,-0.3002665194006915,True,,-0.3297997502881291,True,
2298,-0.32431802757265427,True,,-0.3009795281652333,True,
2299,-0.18422051788290683,True,,-0.2288455210469031,True,
2300,-0.1559029758110511,True,,-0.18824437212735262,True,
2301,-0.19296076600334075,True,,-0.19816916783943392,True,
2302,-0.38259920492658717,True,,-0.3871402053806872,True,
2303,-0.38720850124102263,True,,-0.4369437812025179,True,
2304,-0.202713655712909,True,,-0.18264843096835132,True,
2305,-0.14985695227372625,True,,-0.16947492616269655,True,
2306,-0.4045915181787618,True,,-0.39849190720906774,True,
2307,-0.44978623561379594,True,,-0.4953027478693116,True,
2308,-0.06633751577696934,True,,-0.10869403816170466,True,
2309,-0.345286210634009,True,,-0.3615745383454382,True,
2310,-0.1457030028151392,True,,-0.1681850172036284,True,
2311,-0.02582334430325014,True,,-0.024093780777823152,True,
2312,-0.29374489276738774,True,,-0.3320433555867343,True,
2313,-0.23022370226477346,True,,-0.2456870635030757,True,
2314,-0.2879981519687109,True,,-0.308676984841364,True,
2315,-0.01686258613700851,True,,-0.02553708958248885,True,
2316,-0.2747134145871397,True,,-0.30169522884433037,True,
2317,-0.31718569780853517,True,,-0.32283541532265947,True,
2318,-0.2622177727428406,True,,-0.2744157862844798,True,
2319,-0.14266725309094463,True,,-0.1843620192542638,True,
2320,-0.4220559465198001,True,,-0.47533216507653936,True,
2321,-0.2152526325679553,True,,-0.297731329907562,True,
2322,-0.19402818606948527,True,,-0.19659345299267864,True,
2323,-0.2117870241558113,True,,-0.23316049070443912,True,
2324,-0.2914172263246928,True,,-0.29864973004730505,True,
2325,-0.12727504542122206,True,,-0.11768080833838014,True,
2326,-0.27963746474199436,True,,-0.2839928654388585,True,
2327,-0.09007669431835968,True,,-0.11018938801064329,True,
2328,-0.23619880200744697,True,,-0.23829567442972008,True,
2329,-0.24370752261240364,True,,-0.24206666734191576,True,
2330,-0.28544767486697,True,,-0.3232513302999923,True,
2331,-0.24221663693854387,True,,-0.21568428733581968,True,
2332,-0.00995155961815197,True,,-0.01702507144449624,True,
2333,-0.2955469544139495,True,,-0.3100711548987411,True,
2334,-0.2532732717867485,True,,-0.27355641907779127,True,
2335,-0.16671445410812705,True,,-0.18496925674599382,True,
2336,0.032250318180726656,True,,0.02648704464135629,True,
2337,-0.2082255146671552,True,,-0.23098765714809133,True,
2338,-0.4864148129972348,True,,-0.49194514963052444,True,
2339,-0.20539454806312768,True,,-0.2092459748126893,True,
2340,-0.3714630750909914,True,,-0.39430737491823353,True,
2341,-0.31147997267275623,True,,-0.324232686419878,True,
2342,-0.1955152227196305,True,,-0.21253063787550389,True,
2343,-0.3544183692833196,True,,-0.3952811689543931,True,
2344,-0.1699721736181234,True,,-0.22019840749847763,True,
2345,-0.2968971269320513,True,,-0.31539240735981133,True,
2346,-0.13243822059672009,True,,-0.14311698725784527,True,
2347,-0.2184235883599923,True,,-0.2589400655232222,True,
2348,-0.069168572509049,True,,-0.1290990617853091,True,
2349,-0.2769202450761261,True,,-0.2740540114123432,True,
2350,-0.2874002698015032,True,,-0.3038658701098478,True,
2351,-0.18655570658817316,True,,-0.2082652871629881,True,
2352,-0.15984005471812274,True,,-0.15555204798358457,True,
2353,-0.22158407176457717,True,,-0.28716770594026914,True,
2354,-0.4191203666479054,True,,-0.45301921685293883,True,
2355,-0.33323896611273107,True,,-0.356075833498476,True,
2356,-0.4268512489501647,True,,-0.4495937491153073,True,
2357,-0.26946527855517,True,,-0.30480988096570766,True,
2358,-0.022222222222222223,True,,-0.03295200525969757,True,
2359,-0.20387465504923866,True,,-0.2972530012467256,True,
2360,-0.013760525775313205,True,,0.0018484288354898336,True,
2361,-0.49292546123964176,True,,-0.4928037487448399,True,
2362,-0.22886644364384973,True,,-0.2756690684508492,True,
2363,-0.2338580317639386,True,,-0.3171634556062823,True,
2364,-0.3798852045479472,True,,-0.4013331870970887,True,
2365,-0.2220937169014256,True,,-0.26876955478993436,True,
2366,-0.10004030271819443,True,,-0.13329750869493828,True,
2367,-0.38722737611007824,True,,-0.4128028236804107,True,
2368,-0.21701871621190436,True,,-0.2814725000227913,True,
2369,-0.3076211511959374,True,,-0.34858696267769157,True,
2370,-0.2775512154713735,True,,-0.2849746710421512,True,
2371,-0.40200815340480145,True,,-0.4457005888570134,True,
2372,-0.3905854530885069,True,,-0.4097194398569349,True,
2373,-0.4366552119129439,True,,-0.44581901489117987,True,
2374,-0.6014027624799018,True,,-0.610037094711788,True,
2375,-0.3875218179951401,True,,-0.39799445566241143,True,
2376,-0.21756934114970689,True,,-0.2134744947064485,True,
2377,-0.290965543926539,True,,-0.31442700616264474,True,
2378,-0.22862154304524376,True,,-0.22905403781926523,True,
2379,-0.33709519136408245,True,,-0.3961085528798973,True,
2380,-0.3523286136829025,True,,-0.35372875719761276,True,
2381,-0.2810370145323814,True,,-0.2826776039293129,True,
2382,-0.20531813506704286,True,,-0.26161336893854326,True,
2383,-0.3535818278341726,True,,-0.3981113559949164,True,
2384,-0.230100906447751,True,,-0.21669232084829826,True,
2385,-0.10767060221281652,True,,-0.1370510630924977,True,
2386,-0.2210000335356652,True,,-0.25959958415775175,True,
2387,-0.29691943675866483,True,,-0.313813593939067,True,
2388,-0.32056031828268117,True,,-0.360365203960938,True,
2389,-0.05052407716846423,True,,-0.05781558559927085,True,
2390,-0.30019643677374586,True,,-0.32779531483635155,True,
2391,-0.2463520955029765,True,,-0.2498585465760302,True,
2392,-0.2796637618570217,True,,-0.27778206215778517,True,
2393,-0.2820628109513523,True,,-0.3134194141163361,True,
2394,-0.21442226903547118,True,,-0.2850236839862158,True,
2395,-0.25798983372982215,True,,-0.26807956987875736,True,
2396,-0.16138171791401576,True,,-0.20990121551713234,True,
2397,-0.15395242671792408,True,,-0.2373017779913503,True,
2398,-0.3740267349172821,True,,-0.4140674385975732,True,
2399,-0.37647197143617384,True,,-0.41433017951399415,True,
2400,-0.1775924533460934,True,,-0.18067707977305353,True,
2401,-0.2886152101036086,True,,-0.29534014604454256,True,
2402,-0.29567138500039103,True,,-0.3245288183311175,True,
2403,-0.15847760202598912,True,,-0.17685888653630588,True,
2404,-0.2585068434234827,True,,-0.28370480937080983,True,
2405,-0.34993371608304896,True,,-0.38488525069434293,True,
2406,-0.13476968405545472,True,,-0.14145160866019518,True,
2407,-0.32200979781624944,True,,-0.32569435795242246,True,
2408,-0.4942630874256243,True,,-0.5203568833944751,True,
2409,-0.12471411537033054,True,,-0.16318392399867077,True,
2410,-0.14278576875542348,True,,-0.16592600383917536,True,
2411,-0.2205343217678394,True,,-0.2247270664965263,True,
2412,0.0121056444707897,True,,0.002436936046894553,True,
2413,-0.08042808972291453,True,,-0.11121536431608268,True,
2414,-0.039406382825444855,True,,-0.04454530173138343,True,
2415,-0.37253496447800183,True,,-0.3758960145273822,True,
2416,-0.10738802240866889,True,,-0.1176718129454775,True,
2417,-0.2593557212948713,True,,-0.2368888362732331,True,
2418,-0.10962344731878464,True,,-0.15102176441269313,True,
2419,-0.26321551454488584,True,,-0.2789724741945574,True,
2420,-0.23318462368563045,True,,-0.2436074591706476,True,
2421,-0.29340435325836783,True,,-0.3250213717367002,True,
2422,-0.34942060454114715,True,,-0.38731075444526525,True,
2423,-0.2684676583849718,True,,-0.2928631467834314,True,
2424,-0.09604362513759379,True,,-0.13063501904171465,True,
2425,-0.16061234252910223,True,,-0.15536597033965874,True,
2426,-0.14956189410887397,True,,-0.2156040268456376,True,
2427,-0.131667662881052,True,,-0.15827057182705717,True,
2428,-0.28357686586752995,True,,-0.29533642488406686,True,
2429,-0.48037605482245,True,,-0.5106567744614978,True,
2430,-0.16092105396452341,True,,-0.18578100148916557,True,
2431,-0.22460728103295577,True,,-0.287861837505244,True,
2432,-0.09927349201797152,True,,-0.09267756428639709,True,
2433,-0.41238410807022013,True,,-0.4190110555325453,True,
2434,-0.5281834090675137,True,,-0.5334480375288598,True,
2435,-0.35718465110133824,True,,-0.39412242124535213,True,
2436,-0.3404181342685674,True,,-0.3634966465611505,True,
2437,-0.5574974881760483,True,,-0.5816306025926924,True,
2438,-0.5313049528749446,True,,-0.5362641533303815,True,
2439,-0.15677662087671712,True,,-0.15740659725260303,True,
2440,-0.18215704592852627,True,,-0.22509413130255074,True,
2441,-0.35035525532882994,True,,-0.3544153162297434,True,
2442,-0.34535916660480537,True,,-0.3684457971444832,True,
2443,0.063912694338033,True,,0.07481273778023512,True,
2444,-0.35016892210709094,True,,-0.3972783723080988,True,
2445,-0.2905531983838466,True,,-0.3013680597045153,True,
2446,-0.373566434610018,True,,-0.4146352382871085,True,
2447,-0.2968780019212296,True,,-0.3153218059558117,True,
2448,-0.32179845768016013,True,,-0.3834334323482434,True,
2449,-0.40743349770219045,True,,-0.4295394317533796,True,
2450,-0.2776311931984755,True,,-0.2923678295709958,True,
2451,-0.30979850384327096,True,,-0.35267461285597407,True,
2452,-0.16368618516954891,True,,-0.15992639737452108,True,
2453,-0.28621520929213234,True,,-0.34015145980957945,True,
2454,-0.13670559764309764,True,,-0.16661405723905723,True,
2455,-0.23850484006734007,True,,-0.26778198653198654,True,
2456,-0.39625287323088487,True,,-0.42883784135428565,True,
2457,-0.2508236306224399,True,,-0.26810765365476924,True,
2458,-0.3827721008486528,True,,-0.38846277556473763,True,
2459,-0.29361445176873147,True,,-0.3396735939884936,True,
2460,-0.24178047243149142,True,,-0.2717591619893748,True,
2461,-0.19280652885696134,True,,-0.219058789033866,True,
2462,-0.17492324372523788,True,,-0.16847875649768465,True,
2463,-0.2898130742209746,True,,-0.3113430534066455,True,
2464,-0.1704573421452282,True,,-0.21413264662981038,True,
2465,-0.273899461285901,True,,-0.3011539319753913,True,
2466,-0.2025361870592602,True,,-0.221798837065446,True,
2467,-0.1647812370542685,True,,-0.15939581275293968,True,
2468,-0.11349943434449736,True,,-0.10768502196848115,True,
2469,-0.2703986932957161,True,,-0.30102457494988494,True,
2470,-0.19035013475956372,True,,-0.2480836529746148,True,
2471,-0.19821124087121578,True,,-0.28089309268732104,True,
2472,-0.3249596224625194,True,,-0.34549362665337763,True,
2473,-0.282178722995564,True,,-0.3376792542303698,True,
2474,-0.4298869391722515,True,,-0.4267150969458229,True,
2475,-0.639686019653134,True,,-0.6232823082644952,True,
2476,-0.28025622626319197,True,,-0.2790311006878205,True,
2477,-0.3323370693233707,True,,-0.3252594437525944,True,
2478,-0.2080985416961631,True,,-0.26367454811458774,True,
2479,-0.26889852909557715,True,,-0.2888562864406137,True,
2480,-0.10677043917438721,True,,-0.11292031450398707,True,
2481,-0.23487424171870713,True,,-0.21988403319533836,True,
2482,-0.2660509211748033,True,,-0.2840736939842643,True,
2483,-0.22321622071134453,True,,-0.25819376754547335,True,
2484,-0.13183481033706987,True,,-0.1852808263395739,True,
2485,-0.15967390753962227,True,,-0.15939034887842424,True,
2486,-0.3841710511586253,True,,-0.4094107989104071,True,
2487,-0.45749824564109287,True,,-0.4797689644269994,True,
2488,-0.24582873631503013,True,,-0.29901270191518853,True,
2489,-0.361009995251951,True,,-0.399262226226275,True,
2490,-0.18029104638103657,True,,-0.1896580563454324,True,
2491,-0.2189511094035155,True,,-0.2206320238209586,True,
2492,-0.20108122966967518,True,,-0.23466349017272187,True,
2493,-0.09364023734618294,True,,-0.11237306359762654,True,
2494,-0.2954565918135816,True,,-0.3522416908273457,True,
2495,-0.6315624205631234,True,,-0.6664922170551909,True,
2496,-0.404894253546116,True,,-0.4158983022055284,True,
2497,-0.3619358594679424,True,,-0.37269344673095905,True,
2498,-0.10268972855269344,True,,-0.14435948828347314,True,
2499,-0.3071233008309717,True,,-0.3174023728325088,True,
2500,-0.09905693824009076,True,,-0.12598130083771436,True,
2501,-0.2524259510803178,True,,-0.27769688559674,True,
2502,-0.31990998460262937,True,,-0.3166462684406543,True,
2503,-0.03601730360173036,True,,-0.050899038423237175,True,
2504,-0.5649678582553782,True,,-0.5711224595750305,True,
2505,-0.26636005842991917,True,,-0.2718458368682584,True,
2506,-0.2684139421777898,True,,-0.29785943738929416,True,
2507,-0.4692788221837698,True,,-0.46804704226178256,True,
2508,-0.14040036621879098,True,,-0.1679657535941405,True,
2509,-0.3652861726736811,True,,-0.38295649578389673,True,
2510,-0.5068001731255827,True,,-0.517345851644693,True,
2511,-0.4083365746142876,True,,-0.4401659535848567,True,
2512,-0.3639001538246399,True,,-0.38591339206637765,True,
2513,-0.22515777359015543,True,,-0.24223146871719636,True,
2514,-0.24580977467577136,True,,-0.29094173112091676,True,
2515,-0.6170938520699587,True,,-0.6373026982671236,True,
2516,-0.24028641678420853,True,,-0.26541340054416107,True,
2517,-0.2541681934774643,True,,-0.26855075119091243,True,
2518,-0.37134002450955567,True,,-0.37117797786037654,True,
2519,-0.37261744966442956,True,,-0.41449664429530203,True,
2520,-0.16514687858910224,True,,-0.2082507920112847,True,
2521,-0.11792260203223714,True,,-0.1251771601527781,True,
2522,-0.14237533484058232,True,,-0.19668106760981652,True,
2523,-0.30261244371243845,True,,-0.2806756259527272,True,
2524,-0.10751584984084392,True,,-0.11140925472864546,True,
2525,-0.285716785970562,True,,-0.27784097870031677,True,
2526,-0.21042133410421335,True,,-0.2830815928308159,True,
2527,-0.16723505976095618,True,,-0.18968924302788845,True,
2528,-0.186500017505164,True,,-0.214053145677975,True,
2529,-0.21360788874446604,True,,-0.240209923477615,True,
2530,-0.3777894736842105,True,,-0.3975,True,
2531,-0.2705347045054049,True,,-0.2807658925330738,True,
2532,-0.43589159644727854,True,,-0.44505174726081126,True,
2533,-0.31373632154882153,True,,-0.31605113636363635,True,
2534,-0.1534155073403974,True,,-0.16278622744419616,True,
2535,-0.3931437695461394,True,,-0.4242855342061191,True,
2536,-0.45599943716801705,True,,-0.5073813069427671,True,
2537,-0.35163471248949635,True,,-0.36657492849819223,True,
2538,-0.1559154783634494,True,,-0.18268119465323332,True,
2539,-0.2705169516350349,True,,-0.2972356269561061,True,
2540,-0.483651163149213,True,,-0.5021968026885781,True,
2541,-0.30049548946324006,True,,-0.3388441825641275,True,
2542,-0.31225628646540854,True,,-0.3383696725076474,True,
2543,-0.33306485443409684,True,,-0.3792432251027771,True,
2544,-0.4031603051503612,True,,-0.41560922535834927,True,
2545,-0.23469917404516294,True,,-0.2650765734212874,True,
2546,-0.19978570471896068,True,,-0.21636807765652805,True,
2547,-0.28482063494725546,True,,-0.3105472353128616,True,
2548,-0.2968900764491947,True,,-0.30712041366683984,True,
2549,-0.3746301020408163,True,,-0.3771811224489796,True,
2550,-0.40678295830361194,True,,-0.41748265352441477,True,
2551,-0.35152696556205326,True,,-0.34913306658459015,True,
2552,-0.23592474701153765,True,,-0.2637476974774372,True,
2553,-0.24258722383285014,True,,-0.34507647705688294,True,
2554,-0.24110973214372966,True,,-0.26778786486988304,True,
2555,-0.2441029426567795,True,,-0.28201858873267793,True,
2556,-0.16342093270545344,True,,-0.17164413388019648,True,
2557,-0.22148394241417496,True,,-0.23400114097788516,True,
2558,-0.3808835027365129,True,,-0.4062353401094605,True,
2559,-0.3892341972557758,True,,-0.39748250654782846,True,
2560,-0.16695766593284242,True,,-0.21986892380880083,True,
2561,-0.45506276150627617,True,,-0.4572145845786013,True,
2562,-0.22582167601140246,True,,-0.2506465802042627,True,
2563,-0.22501546455523938,True,,-0.24785351973277248,True,
2564,-0.44239479743920646,True,,-0.4556795465472304,True,
2565,-0.335622359401444,True,,-0.3837162581729189,True,
2566,-0.39446961117402796,True,,-0.431917704794262,True,
2567,-0.11854531234724802,True,,-0.17110176947893244,True,
2568,-0.12985079162488225,True,,-0.11755350938503459,True,
2569,-0.287639584135541,True,,-0.28462911751321457,True,
2570,-0.3011538977592916,True,,-0.33382530524620957,True,
2571,-0.07243622448979592,True,,-0.08383928571428571,True,
2572,-0.013133593269033449,True,,-0.011628702373623366,True,
2573,-0.13216237388275934,True,,-0.1754268402027314,True,
2574,-0.4517162867819932,True,,-0.46624347266562727,True,
2575,-0.2036614136076248,True,,-0.2504859865999811,True,
2576,-0.4837404029799775,True,,-0.49826083656923137,True,
2577,-0.4770510596666447,True,,-0.5127033953747997,True,
2578,-0.2526194385800297,True,,-0.2903862694503089,True,
2579,-0.2492780510002275,True,,-0.24248735495388277,True,
2580,-0.13726681655222703,True,,-0.13556541289420915,True,
2581,-0.07421565091958168,True,,-0.05156869816083664,True,
2582,-0.43466233982034463,True,,-0.43517061393648526,True,
2583,-0.11926839371634325,True,,-0.11655992097632477,True,
2584,-0.30391366025979805,True,,-0.3788397170222432,True,
2585,-0.18305547825646992,True,,-0.228996432998558,True,
2586,-0.36836100704561925,True,,-0.3773337650124108,True,
2587,-0.3600475646700201,True,,-0.3851511405139627,True,
2588,-0.6136435796253459,True,,-0.6507461332607611,True,
2589,-0.3067374980844869,True,,-0.299381927772386,True,
2590,0.01651727327825449,True,,0.01728284793773326,True,
2591,-0.41527030990321634,True,,-0.42211359859223774,True,
2592,-0.42235180886599105,True,,-0.44311083432410503,True,
2593,-0.23999189216580522,True,,-0.243680956724435,True,
2594,-0.27127516054179485,True,,-0.28447312225845495,True,
2595,-0.1396517260629198,True,,-0.19266715888422684,True,
2596,-0.2877155951365496,True,,-0.362633549711576,True,
2597,-0.32474663765072054,True,,-0.3523033515948227,True,
2598,-0.19117991460946743,True,,-0.2429186508055654,True,
2599,-0.25737434358589645,True,,-0.2993968492123031,True,
2600,-0.2010687045688613,True,,-0.23523441348120064,True,
2601,-0.22324852806136228,True,,-0.27534405252765326,True,
2602,-0.20484242384367393,True,,-0.2005000328969011,True,
2603,-0.4190698996436146,True,,-0.47075671775586503,True,
2604,-0.13688589208138346,True,,-0.1811335312568141,True,
2605,-0.07066656765921636,True,,-0.10727457241157397,True,
2606,-0.556846074040335,True,,-0.5697512588881297,True,
2607,-0.25760985431718586,True,,-0.2606103675628726,True,
2608,-0.13162185427110235,True,,-0.14859486556281332,True,
2609,0.11493890697755837,True,,0.10405069495501172,True,
2610,0.07622232168715937,True,,0.07759142729259366,True,
2611,-0.47182279396670546,True,,-0.4756742490151419,True,
2612,-0.28847073069691853,True,,-0.28233644561996113,True,
2613,-0.12816326530612246,True,,-0.13551020408163264,True,
2614,-0.3547500518564613,True,,-0.3508608172578303,True,
2615,-0.4392913859294778,True,,-0.46562543363295766,True,
2616,-0.1697538491020863,True,,-0.19757127079624595,True,
2617,-0.21089179878072278,True,,-0.2449267431733578,True,
2618,-0.1328507191376726,True,,-0.12791402238734573,True,
2619,-0.443337230232515,True,,-0.4609660598637941,True,
2620,-0.22297199531720663,True,,-0.22610262683661522,True,
2621,-0.44054087428994815,True,,-0.4949987651271919,True,
2622,-0.11208219686971484,True,,-0.14598547281774546,True,
2623,-0.31281875413369914,True,,-0.3445165715405531,True,
2624,-0.09431527635068938,True,,-0.09415597346013843,True,
2625,-0.29629123008599384,True,,-0.35582122762381563,True,
2626,-0.22215287113501056,True,,-0.22464951027463032,True,
2627,-0.37881962138799236,True,,-0.4242681614857596,True,
2628,-0.2371217027533213,True,,-0.255605538149166,True,
2629,-0.2663912771987127,True,,-0.28496805802392045,True,
2630,-0.23940827211432023,True,,-0.27613967998389854,True,
2631,-0.29819479491735473,True,,-0.3343436907410449,True,
2632,-0.2337525838209018,True,,-0.23550432680517114,True,
2633,-0.22111782702783375,True,,-0.2684426535333184,True,
2634,-0.39731830275871727,True,,-0.3826494888671054,True,
2635,-0.21748381409769293,True,,-0.2072910017528395,True,
2636,-0.27084852905421836,True,,-0.26665451008995866,True,
2637,-0.345529124308448,True,,-0.4059679195837395,True,
2638,-0.1783916289340667,True,,-0.18955440078605362,True,
2639,-0.16518103841810625,True,,-0.14379760217198048,True,
2640,-0.2292903285487427,True,,-0.23630532985923744,True,
2641,-0.39432739059967586,True,,-0.3986628849270665,True,
2642,-0.3796142324570619,True,,-0.41930758748206537,True,
2643,-0.4527017861180194,True,,-0.5099932172733439,True,
2644,-0.26135952695108244,True,,-0.2793822997605434,True,
2645,-0.15131009228789866,True,,-0.188781948190118,True,
2646,-0.2111679382912719,True,,-0.2496352812945418,True,
2647,-0.2947770662606541,True,,-0.3490364664964996,True,
2648,-0.5865646087219256,True,,-0.5830060093329305,True,
2649,-0.30323110215655547,True,,-0.3552719946272666,True,
2650,-0.3159425630766396,True,,-0.2898827307545506,True,
2651,-0.24374675276478883,True,,-0.27113486231722705,True,
2652,-0.1771523595958578,True,,-0.2013404217793343,True,
2653,-0.27206841909023116,True,,-0.328392990305742,True,
2654,-0.3138839927875362,True,,-0.32622216819627625,True,
2655,-0.16097432074064985,True,,-0.23519030586725304,True,
2656,-0.3531512903557727,True,,-0.39943456595342275,True,
2657,-0.4250188774226026,True,,-0.4666331068042621,True,
2658,0.012084664345858791,True,,0.005743601182178108,True,
2659,-0.29551796974976485,True,,-0.3114756625911593,True,
2660,-0.209274702432506,True,,-0.23157061196208953,True,
2661,-0.32463395579748494,True,,-0.3547239232882236,True,
2662,-0.21344818426744583,True,,-0.24959840119404494,True,
2663,-0.249388431491175,True,,-0.2759817976168556,True,
2664,-0.3546435944300535,True,,-0.3489105994661477,True,
2665,-0.3068523500553885,True,,-0.3549125348460686,True,
2666,-0.31399877635682627,True,,-0.3518123349200901,True,
2667,-0.46633285479183445,True,,-0.47305577926397985,True,
2668,-0.15227763089920077,True,,-0.1703285015346279,True,
2669,-0.19426986014381972,True,,-0.253741766226903,True,
2670,-0.22591332217000668,True,,-0.2614919245935289,True,
2671,-0.19065728008421606,True,,-0.18076189222975195,True,
2672,-0.35009089637812896,True,,-0.38068102363305834,True,
2673,-0.1292208493374674,True,,-0.16945100035479044,True,
2674,-0.16782820097244733,True,,-0.19546191247974068,True,
2675,-0.21809592979633977,True,,-0.2652985276198822,True,
2676,-0.1011677232892038,True,,-0.20082043632295357,True,
2677,-0.3747430041423175,True,,-0.3768496105816462,True,
2678,-0.11834484516781785,True,,-0.13064537973120463,True,
2679,-0.19156952307645564,True,,-0.20289253268784752,True,
2680,-0.22910445257188874,True,,-0.2560480488541422,True,
2681,-0.26274261500621,True,,-0.31100991159924996,True,
2682,-0.29646527711074827,True,,-0.35400057631351456,True,
2683,-0.12941043212323725,True,,-0.19582413018444053,True,
2684,-0.20249729859526955,True,,-0.22012246368111418,True,
2685,-0.3917785502439647,True,,-0.3828363682750263,True,
2686,-0.2881702755740427,True,,-0.32513711611680446,True,
2687,-0.12110209147605942,True,,-0.1501036872576455,True,
2688,-0.3886336789604935,True,,-0.4259526622041388,True,
2689,-0.3203361344537815,True,,-0.31956782713085236,True,
2690,-0.49907978065746134,True,,-0.5297348824478778,True,
2691,-0.40313069251906514,True,,-0.450276328383093,True,
2692,-0.3654923655227616,True,,-0.34893664447754236,True,
2693,-0.5380922343706196,True,,-0.5301373703392206,True,
2694,-0.19895340646070242,True,,-0.23390694710006374,True,
2695,-0.11355019594099468,True,,-0.12334724567496097,True,
2696,-0.30707315148486203,True,,-0.2901333613909567,True,
2697,-0.3414716525934861,True,,-0.365243264977885,True,
2698,-0.4635022430511662,True,,-0.4877826938196618,True,
2699,-0.2740798461032715,True,,-0.30761082634263937,True,
2700,-0.32856612643820365,True,,-0.35198564889273787,True,
2701,-0.43004225737477325,True,,-0.4401353857378827,True,
2702,-0.34375597300569,True,,-0.38092460902848907,True,
2703,-0.29279372541377924,True,,-0.31646957093619454,True,
2704,-0.12906633357235933,True,,-0.18900788785824987,True,
2705,0.03662468580151868,True,,0.03517706976193296,True,
2706,-0.3438990146848636,True,,-0.3777715940855795,True,
2707,-0.5148887263608818,True,,-0.5199934325417556,True,
2708,-0.2658766287070342,True,,-0.3268607931224907,True,
2709,-0.14414201183431952,True,,-0.13985535831689677,True,
2710,-0.2767805240193023,True,,-0.34180318109552393,True,
2711,-0.20895405669599218,True,,-0.26207233626588466,True,
2712,-0.1586580197109738,True,,-0.1458918449675739,True,
2713,-0.2896264066016504,True,,-0.32582745686421605,True,
2714,-0.39904342929977293,True,,-0.42467160420495115,True,
2715,-0.22290539001874332,True,,-0.23215443095625973,True,
2716,-0.24145740735498117,True,,-0.3024563787522766,True,
2717,-0.3237778813233119,True,,-0.33731083243856486,True,
2718,-0.4893535115367033,True,,-0.49815942063854873,True,
2719,-0.3373989397370852,True,,-0.3563267836582866,True,
2720,-0.3380331421753053,True,,-0.3754611535230303,True,
2721,-0.36975154810451594,True,,-0.41942304787796403,True,
2722,-0.41538772979743666,True,,-0.4317851133013652,True,
2723,0.01778030364536819,True,,0.0002435658033612081,True,
2724,-0.470577939580635,True,,-0.4600413064024924,True,
2725,-0.17607440828775237,True,,-0.21815844529024778,True,
2726,-0.3999512551791372,True,,-0.3864651880737672,True,
2727,-0.4246395316711842,True,,-0.4325993294654391,True,
2728,-0.4668026101141925,True,,-0.4997319972034491,True,
2729,-0.21914315429261583,True,,-0.2457476431710672,True,
2730,-0.19236144366369243,True,,-0.22656685202740343,True,
2731,-0.2834337061466399,True,,-0.2894720071376223,True,
2732,-0.2587158593992688,True,,-0.258078647837065,True,
2733,-0.23533820877985537,True,,-0.2386402771306444,True,
2734,-0.32121464418696083,True,,-0.3491369673982593,True,
2735,-0.3269039852503191,True,,-0.32418907145896225,True,
2736,-0.23493725756302095,True,,-0.2418039843219867,True,
2737,-0.32806549592192297,True,,-0.34764643303165327,True,
2738,-0.23580662231629876,True,,-0.27757408527366195,True,
2739,-0.1967219387755102,True,,-0.19431122448979593,True,
2740,-0.28201955203563916,True,,-0.31157035020418267,True,
2741,-0.3820269962709431,True,,-0.39421208354487997,True,
2742,-0.18330765999159782,True,,-0.18981935303178826,True,
2743,-0.22941472413214825,True,,-0.26111017943987924,True,
2744,-0.7345070730959576,True,,-0.7410327158060701,True,
2745,-0.47525748985137717,True,,-0.5107860569664844,True,
2746,-0.3054434735252618,True,,-0.3291952372700943,True,
2747,-0.11213699494949494,True,,-0.12426346801346802,True,
2748,-0.25560643419044266,True,,-0.26868951173283684,True,
2749,-0.4092609052945813,True,,-0.4424673386217653,True,
2750,-0.2734185628274298,True,,-0.2914223160528579,True,
2751,-0.346187524079717,True,,-0.30818535252705687,True,
2752,-0.45848073679339635,True,,-0.4976490081053244,True,
2753,-0.2553709958512624,True,,-0.2664291552923395,True,
2754,-0.12964039663892318,True,,-0.1359483891521644,True,
2755,-0.3257404908612246,True,,-0.36482444303952744,True,
2756,-0.10503470524978004,True,,-0.14441294359174894,True,
2757,-0.11107505070993914,True,,-0.09137931034482759,True,
2758,-0.4582569250072387,True,,-0.5054853135154265,True,
2759,-0.08305647840531562,True,,-0.08901223563730654,True,
2760,-0.2596436485325374,True,,-0.3159679826346493,True,
2761,-0.11164343786295006,True,,-0.12166085946573751,True,
2762,-0.2701136829265969,True,,-0.3344069524780591,True,
2763,-0.3227410439649391,True,,-0.35922045684066084,True,
2764,-0.21229450955967008,True,,-0.26919955457410866,True,
2765,-0.317192371978457,True,,-0.3309353221187211,True,
2766,-0.11726735833998404,True,,-0.12684437350359137,True,
2767,-0.4003061447627378,True,,-0.4575114804286027,True,
2768,-0.257930849117882,True,,-0.27135487050075036,True,
2769,-0.19528828270303783,True,,-0.2137100345407847,True,
2770,-0.4970320153102598,True,,-0.47977553602127865,True,
2771,-0.46611238403725735,True,,-0.5209684521632696,True,
2772,-0.21828953364727327,True,,-0.23951592485695478,True,
2773,-0.4105447817999425,True,,-0.4125611852419432,True,
2774,-0.4228758046552017,True,,-0.47858342929416875,True,
2775,-0.4460164594641919,True,,-0.4420241638942392,True,
2776,-0.06620138912190048,True,,-0.08874945475287722,True,
2777,-0.2752938115269526,True,,-0.35834164534455093,True,
2778,-0.17837759953892704,True,,-0.16425724028624947,True,
2779,-0.20121194350779456,True,,-0.24574109368127842,True,
2780,-0.1617369414726243,True,,-0.15303789502194676,True,
2781,-0.36707773344335304,True,,-0.4393064237190428,True,
2782,-0.38733757930757334,True,,-0.42301837621929683,True,
2783,-0.3440301455617346,True,,-0.3349540624588487,True,
2784,-0.2954779622209502,True,,-0.329547796222095,True,
2785,-0.27275390248602815,True,,-0.2879244555791097,True,
2786,-0.18455296363938237,True,,-0.22210692346006974,True,
2787,-0.15753245686726838,True,,-0.20269957520511844,True,
2788,-0.19299260856985034,True,,-0.2005418628508299,True,
2789,-0.49390005474309845,True,,-0.5088957534996481,True,
2790,-0.3549517789123916,True,,-0.3674325309992706,True,
2791,-0.2575765547721772,True,,-0.24437019888456277,True,
2792,-0.2830716009811299,True,,-0.31649255846224505,True,
2793,-0.4467227479845776,True,,-0.43569767071344356,True,
2794,-0.09316423831563518,True,,-0.11046673729994981,True,
2795,-0.3842033235581623,True,,-0.39454545454545453,True,
2796,-0.36068906717967775,True,,-0.41376822683252085,True,
2797,-0.3826399890473117,True,,-0.41295546558704455,True,
2798,-0.055745337685670186,True,,-0.10182443887750196,True,
2799,-0.49592367397212067,True,,-0.5053471231109112,True,
2800,-0.10247712212054276,True,,-0.10203008309666561,True,
2801,-0.35557765085824833,True,,-0.3777911377282432,True,
2802,-0.23089716903630306,True,,-0.2635563193943945,True,
2803,-0.31732357020863017,True,,-0.35721901922115173,True,
2804,-0.23578667701538875,True,,-0.2747287191963819,True,
2805,-0.2614824495892457,True,,-0.26947971122728404,True,
2806,-0.06874773475635618,True,,-0.096416480948819,True,
2807,-0.3990617794386579,True,,-0.4720087894930862,True,
2808,-0.3005733221123501,True,,-0.29518199032190195,True,
2809,-0.49131869016010943,True,,-0.5550728135811409,True,
2810,0.02013980346469456,True,,0.005936581906595077,True,
2811,-0.14520051659650124,True,,-0.19266701330068264,True,
2812,-0.2702159393035471,True,,-0.3035471110822904,True,
2813,-0.20216727614318783,True,,-0.23679001576810815,True,
2814,-0.1737617763183613,True,,-0.19977717837457487,True,
2815,-0.11805515665588041,True,,-0.10948998283135798,True,
2816,-0.2194544545861062,True,,-0.22292658547491911,True,
2817,-0.2573014018691589,True,,-0.3151600783026017,True,
2818,-0.02530193429145024,True,,-0.04445365029795099,True,
2819,-0.47942202599648026,True,,-0.5394424032850659,True,
2820,-0.20956126146965842,True,,-0.24953350296861748,True,
2821,-0.4148677773596524,True,,-0.42369402346823576,True,
2822,-0.12364353830976653,True,,-0.1518478233374649,True,
2823,-0.04908976112806482,True,,-0.05585078396295907,True,
2824,0.044086700336700334,True,,0.03490635521885522,True,
2825,-0.09066639285347572,True,,-0.09052948625800047,True,
2826,-0.26955705852457096,True,,-0.2981938308768912,True,
2827,-0.31523760134579626,True,,-0.33704354865230646,True,
2828,-0.25739901849754626,True,,-0.2941864854662137,True,
2829,-0.21834022705271494,True,,-0.260602149275915,True,
2830,-0.18560142160747303,True,,-0.20692553370314337,True,
2831,-0.29236291174493423,True,,-0.31825602612119464,True,
2832,-0.3200825431389181,True,,-0.33871804934864347,True,
2833,-0.4166129063789025,True,,-0.42189118917756535,True,
2834,-0.3979852249832102,True,,-0.4246548765017536,True,
2835,-0.24576549809432194,True,,-0.27598845633988045,True,
2836,-0.2395640912867126,True,,-0.2705468406392025,True,
2837,-0.22968957299026876,True,,-0.24329289157566772,True,
2838,-0.46220686415942563,True,,-0.4686818532559466,True,
2839,-0.04241532695877553,True,,-0.04707365766523064,True,
2840,-0.3224808476165568,True,,-0.3088939777634609,True,
2841,-0.37228396461782715,True,,-0.38517678485925255,True,
2842,-0.20683893963020716,True,,-0.23180119303977625,True,
2843,-0.2265223162435706,True,,-0.2267919362867098,True,
2844,-0.2540732535905893,True,,-0.3053594302085976,True,
2845,-0.28822337311416346,True,,-0.35896033711840963,True,
2846,-0.4623464532720431,True,,-0.5314661303772011,True,
2847,-0.1959147771696638,True,,-0.22316262705238468,True,
2848,-0.26492230995417704,True,,-0.32823857784676924,True,
2849,-0.4107185772650805,True,,-0.4251381879355924,True,
2850,-0.10091649499658786,True,,-0.11089143010210915,True,
2851,-0.197241428983002,True,,-0.24566647459905888,True,
2852,-0.4404061803703839,True,,-0.504157991501382,True,
2853,-0.2590642294147241,True,,-0.27566661076639276,True,
2854,-0.25964866302328626,True,,-0.3032458973430045,True,
2855,-0.38381389095623364,True,,-0.38842340287614335,True,
2856,-0.39151433842025823,True,,-0.42240482978366595,True,
2857,-0.16114583596932966,True,,-0.18475592782852948,True,
2858,-0.33832117644299553,True,,-0.40422637615216833,True,
2859,-0.2470702315107207,True,,-0.2398486791321378,True,
2860,-0.23344347804069024,True,,-0.25737146619063894,True,
2861,-0.033669148012731145,True,,-0.05150327485072467,True,
2862,-0.4415224060057653,True,,-0.4532687949931402,True,
2863,-0.23329067669868483,True,,-0.2505589047009667,True,
2864,-0.05198913208028237,True,,-0.05178197232026899,True,
2865,-0.2029101031188714,True,,-0.2487125956854558,True,
2866,-0.11890504704875962,True,,-0.16191147117529647,True,
2867,-0.27152589754366757,True,,-0.2865395329742833,True,
2868,-0.1799458543126787,True,,-0.20656326695847987,True,
2869,-0.4300330420489425,True,,-0.4469398366347428,True,
2870,-0.2176218292148196,True,,-0.24770050349523468,True,
2871,-0.33500266205244245,True,,-0.35414448289631306,True,
2872,-0.24181205101891218,True,,-0.27994917656257634,True,
2873,-0.14316668259885926,True,,-0.16400599050441322,True,
2874,-0.42762084556938423,True,,-0.47460728103295574,True,
2875,-0.43079687512049913,True,,-0.40960445441855803,True,
2876,-0.20470643546900422,True,,-0.2387303511886719,True,
2877,-0.11180739840777568,True,,-0.11001694535920964,True,
2878,-0.3674938763391642,True,,-0.3857535195586016,True,
2879,-0.25029201919434274,True,,-0.3024213915898472,True,
2880,-0.545646181287498,True,,-0.5477541754499756,True,
2881,-0.1416817712231907,True,,-0.17323122034506436,True,
2882,-0.29702815616668937,True,,-0.33990495340902793,True,
2883,-0.16700365561578218,True,,-0.17944787596117484,True,
2884,-0.24780248642969707,True,,-0.24549115741551392,True,
2885,-0.26930567851271026,True,,-0.2961679524471987,True,
2886,-0.22099359485038716,True,,-0.23487141901150377,True,
2887,-0.24376319933135826,True,,-0.29507548338470035,True,
2888,-0.4162882154554199,True,,-0.4452169042893843,True,
2889,-0.32151878749605306,True,,-0.3055994105883591,True,
2890,-0.3510304469510644,True,,-0.3620095450304932,True,
2891,-0.18539522874987874,True,,-0.23355545440299677,True,
2892,-0.2302883824515672,True,,-0.25911397370518935,True,
2893,-0.008341100834110084,True,,-0.026536969320363597,True,
2894,-0.25640614623646063,True,,-0.2946025784881724,True,
2895,-0.12385104656210483,True,,-0.1899288451012589,True,
2896,-0.3610885736908474,True,,-0.37467619429319937,True,
2897,-0.30315692906360736,True,,-0.3309306463564008,True,
2898,-0.6173252206536639,True,,-0.6197301652196917,True,
2899,-0.42976967338242944,True,,-0.43815738705943535,True,
2900,-0.2066197317702526,True,,-0.2193781657162881,True,
2901,-0.28907586018195497,True,,-0.2864080990491826,True,
2902,-0.4242681614857596,True,,-0.4671309665364362,True,
2903,-0.22676137014549202,True,,-0.2827127964257074,True,
2904,-0.033022690437601296,True,,-0.05526742301458671,True,
2905,-0.237248024667566,True,,-0.2812025438427443,True,
2906,-0.22489585573530232,True,,-0.22873505539758018,True,
2907,-0.15632687857751795,True,,-0.19451954694921447,True,
2908,-0.3005117879016696,True,,-0.31601644433257825,True,
2909,-0.24332483729677562,True,,-0.2662517631338002,True,
2910,-0.48350475564989975,True,,-0.5192747487304584,True,
2911,-0.09809157765132608,True,,-0.1342550996639047,True,
2912,-0.3021635412090241,True,,-0.32994196129211273,True,
2913,-0.025914901068114164,True,,-0.031308002101208196,True,
2914,-0.2852019427153062,True,,-0.31883788881179703,True,
2915,-0.41942733278611444,True,,-0.4016878780392563,True,
2916,-0.19372735705409805,True,,-0.18644661077760472,True,
2917,-0.23266454547845067,True,,-0.24888900575876305,True,
2918,-0.31784116436675286,True,,-0.36210899892398013,True,
2919,-0.29841122981510126,True,,-0.38032180185910686,True,
2920,-0.07138298842191632,True,,-0.06986355486674568,True,
2921,-0.250540934936849,True,,-0.2675489357419615,True,
2922,-0.4430769542447909,True,,-0.44935727960616284,True,
2923,-0.47105885510139045,True,,-0.48501366968014625,True,
2924,-0.18040927105340263,True,,-0.21492127623482968,True,
2925,-0.4343931708524063,True,,-0.45385376716565634,True,
2926,-0.13330526638089407,True,,-0.1457057562767912,True,
2927,-0.19367813089970226,True,,-0.2488228578251039,True,
2928,-0.23361814996427557,True,,-0.22457448786837753,True,
2929,-0.2510360466025491,True,,-0.26954804910469937,True,
2930,-0.1243390729293521,True,,-0.1545374666646113,True,
2931,-0.2567106028790447,True,,-0.2946593467756217,True,
2932,-0.48751742034696527,True,,-0.5162429717910519,True,
2933,-0.24747899159663866,True,,-0.28270108043217285,True,
2934,-0.2728697560211065,True,,-0.30358915417167337,True,
2935,-0.22410720914693,True,,-0.23802806444427946,True,
2936,-0.15598946538506703,True,,-0.19900021807323906,True,
2937,-0.3976258327514296,True,,-0.4439390793968332,True,
2938,-0.18901164987162783,True,,-0.22346011210399302,True,
2939,-0.36334345661121986,True,,-0.38515732190482066,True,
2940,-0.20700955272980326,True,,-0.2147023470614285,True,
2941,-0.09656681101834903,True,,-0.10312322616443337,True,
2942,-0.2713354868295731,True,,-0.3017733587990143,True,
2943,-0.3841930832089458,True,,-0.3877349659726263,True,
2944,-0.3045256128045368,True,,-0.34765511323359327,True,
2945,-0.28285770132916344,True,,-0.29732212666145424,True,
2946,-0.14250700280112044,True,,-0.15703781512605042,True,
2947,-0.1335203667680036,True,,-0.1658569487482771,True,
2948,-0.27747544976644517,True,,-0.29497279047898006,True,
2949,-0.36510487041838613,True,,-0.4050810113330655,True,
2950,-0.26997306547317684,True,,-0.27700034427590675,True,
2951,-0.11432212840528914,True,,-0.11873506452126813,True,
2952,-0.09105251834675973,True,,-0.10235141315867059,True,
2953,-0.45583868749056383,True,,-0.45801949304658535,True,
2954,-0.3514687763439466,True,,-0.36022307243369434,True,
2955,-0.27560763464714677,True,,-0.29695180946610245,True,
2956,-0.08051599668625982,True,,-0.08422422975265297,True,
2957,-0.5012252171975942,True,,-0.5147149823024183,True,
2958,-0.3953328600545034,True,,-0.42382119220463965,True,
2959,-0.1262514310769006,True,,-0.14849097508099288,True,
2960,-0.5352631333613015,True,,-0.5768657064280054,True,
2961,-0.2640181183353779,True,,-0.3173917146362178,True,
2962,-0.2655350130238412,True,,-0.2576330861325962,True,
2963,-0.25450140611874705,True,,-0.30105550212439586,True,
2964,-0.14412254359203117,True,,-0.14158946622165225,True,
2965,-0.5588242456712856,True,,-0.5892165696612522,True,
2966,-0.17289458163836255,True,,-0.18814805853383137,True,
2967,-0.3158604740797842,True,,-0.326035845056851,True,
2968,-0.2914642039912117,True,,-0.3526360412431284,True,
2969,-0.34404390552806247,True,,-0.3974247719117199,True,
2970,-0.12018909486919288,True,,-0.15053337623443805,True,
2971,-0.3751698012130025,True,,-0.37539939158551283,True,
2972,-0.25073814534717886,True,,-0.2891448306698428,True,
2973,-0.2870715939425376,True,,-0.3160937717444935,True,
2974,-0.3335093018936172,True,,-0.3717922397864915,True,
2975,-0.2968609514874321,True,,-0.3302451037879676,True,
2976,-0.3237306708876172,True,,-0.35154024108121273,True,
2977,-0.13113808177915132,True,,-0.139979071109329,True,
2978,-0.08864711674712396,True,,-0.1031054110526695,True,
2979,-0.15151223965214886,True,,-0.1437288298460134,True,
2980,-0.1749732109129875,True,,-0.2108821511444144,True,
2981,-0.47151747247486836,True,,-0.4635847637283731,True,
2982,-0.2918926843571324,True,,-0.31359038264184136,True,
2983,-0.32273169705100885,True,,-0.3242311840686081,True,
2984,-0.12367416949627193,True,,-0.13711625301921798,True,
2985,-0.20102917437207374,True,,-0.22576894293153887,True,
2986,-0.2071025555924328,True,,-0.22180965814802522,True,
2987,-0.16471680594243268,True,,-0.19728290084542832,True,
2988,-0.2360626531066736,True,,-0.2607453047286764,True,
2989,-0.24789325180005473,True,,-0.2989647915899933,True,
2990,0.008458103493564486,True,,0.00411522633744856,True,
2991,-0.2529045256128045,True,,-0.2944670372719472,True,
2992,-0.22506166417772708,True,,-0.26778193533231537,True,
2993,-0.2186747954436066,True,,-0.26301186285520145,True,
2994,-0.3425918899091852,True,,-0.3893400116364372,True,
2995,-0.2642454851789598,True,,-0.2648827779592292,True,
2996,-0.4120660216277746,True,,-0.4142683922694316,True,
2997,-0.2296109477831336,True,,-0.2817830440687072,True,
2998,-0.17707648476879245,True,,-0.22509557552292594,True,
2999,-0.5387069673485184,True,,-0.5587377403551167,True,
3000,-0.31940969725207385,True,,-0.31831579373841523,True,
3001,-0.33547222180770897,True,,-0.3837464372584424,True,
3002,-0.26264044943820225,True,,-0.30201430903678095,True,
3003,-0.18932125913142447,True,,-0.2260510803070509,True,
3004,-0.2177261668432915,True,,-0.2867889606997328,True,
3005,-0.18979682258370784,True,,-0.21111462750807014,True,
3006,-0.37980060260147464,True,,-0.4055311956495113,True,
3007,-0.5041087729749619,True,,-0.48543093932332276,True,
3008,-0.14382622501262898,True,,-0.14089148685381636,True,
3009,-0.181790664330094,True,,-0.19608093038075514,True,
3010,-0.15476284429011128,True,,-0.1634440849183174,True,
3011,-0.5133187491957277,True,,-0.5513125723845065,True,
3012,-0.5594262948207172,True,,-0.5422470119521913,True,
3013,-0.29951332966936683,True,,-0.2864345623551339,True,
3014,-0.20418228447425527,True,,-0.22120076280660222,True,
3015,-0.20372976776917665,True,,-0.23037375869888185,True,
3016,-0.27345907978849343,True,,-0.2680661878830926,True,
3017,-0.3205973000604464,True,,-0.3479548965321672,True,
3018,-0.35035682862449896,True,,-0.39008700752761755,True,
3019,-0.4284026775167345,True,,-0.4586778667366671,True,
3020,-0.19055206345315429,True,,-0.19275821616794775,True,
3021,-0.11577651644669357,True,,-0.1403952677289202,True,
3022,-0.18432793264231323,True,,-0.2052933480929858,True,
3023,-0.15746034103001955,True,,-0.18162694582621822,True,
3024,-0.2958161169804785,True,,-0.3228097087859069,True,
3025,-0.1762870914809244,True,,-0.17814166552714344,True,
3026,-0.19979659492074048,True,,-0.21757498117525106,True,
3027,-0.3177523620089508,True,,-0.3919499093016578,True,
3028,-0.3783151496600127,True,,-0.3997857314646785,True,
3029,-0.2463415869157932,True,,-0.24753658413084206,True,
3030,0.08764721993974253,True,,0.07018625034237196,True,
3031,-0.11857704989126344,True,,-0.12540098596309973,True,
3032,-0.29368154447407707,True,,-0.32685888726748186,True,
3033,-0.27302756955914115,True,,-0.29691271757082965,True,
3034,-0.5878554778554779,True,,-0.6275990675990676,True,
3035,-0.3493899617660668,True,,-0.3803180478776514,True,
3036,-0.1705861347752895,True,,-0.18099270519818395,True,
3037,-0.317499282685625,True,,-0.33127171868524247,True,
3038,-0.1816578819447754,True,,-0.2648093254667976,True,
3039,-0.2023861369091627,True,,-0.20789572298125322,True,
3040,-0.2612872238232469,True,,-0.25710854947166184,True,
3041,-0.12501294500959922,True,,-0.1480988759748588,True,
3042,-0.18303398676771776,True,,-0.22765754627051618,True,
3043,-0.4678037007240547,True,,-0.514818986323411,True,
3044,-0.30000097729738184,True,,-0.31446497854832245,True,
3045,-0.11597755403844985,True,,-0.10742864088487329,True,
3046,-0.4258718172504079,True,,-0.4391783351674066,True,
3047,-0.33754760326246164,True,,-0.3562651289720779,True,
3048,-0.1586843769765971,True,,-0.20387096774193547,True,
3049,-0.3214282960529867,True,,-0.3261779741389281,True,
3050,-0.41824667362511525,True,,-0.4277317822073145,True,
3051,-0.3238676591591879,True,,-0.34054102323682683,True,
3052,-0.2798701713118715,True,,-0.33679786293226843,True,
3053,-0.3209200121434664,True,,-0.36355225304670896,True,
3054,-0.36953259915635706,True,,-0.39567231926318075,True,
3055,-0.16608929946112394,True,,-0.24374518860662048,True,
3056,-0.2474225499993675,True,,-0.2946578790907136,True,
3057,-0.4510742095881415,True,,-0.5075992119335773,True,
3058,-0.35795245420484895,True,,-0.38103641905984276,True,
3059,-0.3663165783850026,True,,-0.36773448656532,True,
3060,-0.4287520526717498,True,,-0.42187512046195713,True,
3061,-0.17904598030780997,True,,-0.20788324889271262,True,
3062,-0.3742501005227181,True,,-0.40439083232810613,True,
3063,-0.41461119595230383,True,,-0.4186681475311213,True,
3064,-0.1676929013640253,True,,-0.20131537003170982,True,
3065,-0.11908263305322128,True,,-0.12027310924369748,True,
3066,-0.2808607292289301,True,,-0.29616258218768676,True,
3067,-0.27789393401449103,True,,-0.28880823701132197,True,
3068,-0.2259355613368021,True,,-0.2698857409683906,True,
3069,-0.2797832928335259,True,,-0.28322511253635024,True,
3070,-0.38899219510961003,True,,-0.40437428054596286,True,
3071,-0.365222973679103,True,,-0.4333169107657395,True,
3072,-0.3214531420421176,True,,-0.36991358335430824,True,
3073,-0.307406822488945,True,,-0.33675510633817646,True,
3074,-0.2601575926586465,True,,-0.30127436038782063,True,
3075,-0.35041147839005415,True,,-0.3551811091346248,True,
3076,-0.3418973111564,True,,-0.35365196239563473,True,
3077,-0.22790024493431307,True,,-0.2546945743338529,True,
3078,-0.16964346814480258,True,,-0.18673197055459426,True,
3079,-0.12198967198082399,True,,-0.17546371519119705,True,
3080,-0.11414045007893489,True,,-0.17655603776869377,True,
3081,-0.4243627884538072,True,,-0.4646297338586476,True,
3082,-0.3528421495646684,True,,-0.356498408606676,True,
3083,-0.46574659396162077,True,,-0.49785262751532117,True,
3084,-0.21261129312006166,True,,-0.24586625554056657,True,
3085,-0.2599729076200484,True,,-0.2612895466457355,True,
3086,-0.2612401337090254,True,,-0.26134514079700377,True,
3087,-0.20506591765985982,True,,-0.2213365722816873,True,
3088,-0.21683561379841973,True,,-0.23960686066679515,True,
3089,-0.25333254949221795,True,,-0.28726307177535115,True,
3090,-0.49368396699313644,True,,-0.5259504897046349,True,
3091,-0.21241837381991865,True,,-0.24843464308369714,True,
3092,-0.250127644055434,True,,-0.3176331145149526,True,
3093,-0.23654961136288832,True,,-0.3003012887054713,True,
3094,-0.3249753824723203,True,,-0.32545572447582677,True,
3095,-0.21608849371652605,True,,-0.22778030594742185,True,
3096,-0.298847056422814,True,,-0.34527689251396915,True,
3097,-0.4160479270896402,True,,-0.40878238424524393,True,
3098,-0.008093516070542235,True,,-0.024868062519626016,True,
3099,-0.273818248442653,True,,-0.29919384389886405,True,
3100,-0.3542806880375293,True,,-0.3832877247849883,True,
3101,-0.22380013149243919,True,,-0.2183300460223537,True,
3102,-0.39224143382957466,True,,-0.4014495136666624,True,
3103,-0.4870919186936339,True,,-0.49609785097205883,True,
3104,-0.10006574621959237,True,,-0.11600262984878369,True,
3105,-0.3290118371417422,True,,-0.3767650927170504,True,
3106,-0.01975066535929402,True,,-0.02108138394733156,True,
3107,-0.05299200713178609,True,,-0.06354786097069282,True,
3108,-0.20733962581357926,True,,-0.19806902514590388,True,
3109,-0.527495887637606,True,,-0.5351891686701252,True,
3110,-0.2942122584316928,True,,-0.32164155098606884,True,
3111,-0.3137729536378914,True,,-0.35310442652523166,True,
3112,-0.1677320916528556,True,,-0.17299344960934418,True,
3113,-0.20490373649963103,True,,-0.23982021868920642,True,
3114,-0.3586875466070097,True,,-0.41702787099179717,True,
3115,-0.08741267097370371,True,,-0.09058320255554404,True,
3116,-0.5384925162762602,True,,-0.5294986240687295,True,
3117,-0.3936529274444758,True,,-0.4530040545521563,True,
3118,-0.23889411438175567,True,,-0.28213035634434797,True,
3119,-0.3453960595094491,True,,-0.36155628314856303,True,
3120,-0.31623889315149867,True,,-0.32996312155037993,True,
3121,-0.055123004709801325,True,,-0.06207215320003506,True,
3122,-0.2963228730944922,True,,-0.29394262911948477,True,
3123,-0.36090411704998393,True,,-0.3854133141881019,True,
3124,-0.1455993661502632,True,,-0.18448268617835428,True,
3125,-0.20619063453281095,True,,-0.30113201000448175,True,
3126,-0.05641483560289569,True,,-0.07207959945147814,True,
3127,-0.03448834688895867,True,,-0.04725055454830901,True,
3128,-0.3371442181731571,True,,-0.38775052714905184,True,
3129,-0.28466353296475805,True,,-0.3216347207676758,True,
3130,-0.23848760318242204,True,,-0.2567283148985715,True,
3131,-0.33873113835178215,True,,-0.3907652237918637,True,
3132,-0.17061212913159307,True,,-0.15521520243919734,True,
3133,-0.31529743033961655,True,,-0.308997356399842,True,
3134,-0.3008043217286915,True,,-0.3271668667466987,True,
3135,-0.11710217745079234,True,,-0.13836310647171293,True,
3136,-0.2959403764948913,True,,-0.2999301287049507,True,
3137,-0.22425069115444105,True,,-0.2877760050664361,True,
3138,-0.3157227072606522,True,,-0.3844190732034923,True,
3139,-0.16838921761998685,True,,-0.18403681788297174,True,
3140,-0.321077060308725,True,,-0.333575233458819,True,
3141,-0.12490352046641874,True,,-0.1342293438115954,True,
3142,-0.33180708566802847,True,,-0.3617839389838226,True,
3143,-0.4805470855422144,True,,-0.48654427673115125,True,
3144,-0.12867576300888361,True,,-0.13459142431701462,True,
3145,-0.1752629195390731,True,,-0.20122779650782469,True,
3146,-0.243337830025053,True,,-0.2582617074580844,True,
3147,-0.09590739452210766,True,,-0.14175469669175786,True,
3148,-0.3277396664205933,True,,-0.37484170282744256,True,
3149,-0.10874395803266672,True,,-0.1650058415229194,True,
3150,-0.19751757620170837,True,,-0.22605170952893489,True,
3151,-0.36520034843205573,True,,-0.36095901775344286,True,
3152,-0.33737289638212414,True,,-0.3610243838509987,True,
3153,-0.1572924472890041,True,,-0.16703461406031636,True,
3154,-0.2245075700035445,True,,-0.24121727682414298,True,
3155,-0.24640315896473533,True,,-0.2828407224958949,True,
3156,-0.2765000759532128,True,,-0.2878019140209631,True,
3157,-0.5269458890012058,True,,-0.582944622392186,True,
3158,-0.4397380766223612,True,,-0.45168100078186085,True,
3159,-0.18194164614581002,True,,-0.22968435191403627,True,
3160,-0.2574502137314884,True,,-0.26640465144547315,True,
3161,-0.1787846117436693,True,,-0.17888979463041363,True,
3162,-0.34346677554858546,True,,-0.35263512802905167,True,
3163,-0.18551967517929646,True,,-0.22207465310717311,True,
3164,-0.23159136029137373,True,,-0.27579000791127434,True,
3165,-0.20030808833216787,True,,-0.21147629037325308,True,
3166,-0.1641138076157355,True,,-0.20714699730349537,True,
3167,-0.38236763893637726,True,,-0.37673917045843086,True,
3168,-0.10430916552667578,True,,-0.11326949384404925,True,
3169,-0.3912287760521445,True,,-0.4106381266596926,True,
3170,-0.27304121797252134,True,,-0.309568015843545,True,
3171,-0.35897335652989815,True,,-0.3889399300193522,True,
3172,-0.03159095623314665,True,,-0.0592823065753993,True,
3173,-0.5552514539856312,True,,-0.5391036606226479,True,
3174,-0.20000990025493157,True,,-0.22003316585402075,True,
3175,-0.3339233702911028,True,,-0.36803823439486344,True,
3176,-0.28574160849191926,True,,-0.2885148704217271,True,
3177,0.04984843971755471,True,,0.029874020990661082,True,
3178,-0.1793405369840828,True,,-0.21198471543892503,True,
3179,-0.3563801105640581,True,,-0.35945413405766063,True,
3180,-0.2570904353323003,True,,-0.2923826483807057,True,
3181,-0.3647720996291523,True,,-0.363825254464638,True,
3182,-0.3905865738147995,True,,-0.40943290559789625,True,
3183,-0.25417008476893627,True,,-0.2604593929450369,True,
3184,-0.2592906838622094,True,,-0.32115144316060656,True,
3185,-0.2700180350545429,True,,-0.24595962248953793,True,
3186,-0.34626865671641793,True,,-0.35743753144390406,True,
3187,-0.29495236916986267,True,,-0.3170604973400965,True,
3188,-0.33542609471604307,True,,-0.32669386194148764,True,
3189,-0.35330018677820746,True,,-0.333017651855944,True,
3190,-0.12992369351749578,True,,-0.11705394148822976,True,
3191,-0.44039781050034693,True,,-0.4586230822604271,True,
3192,-0.07047253411869889,True,,-0.0787819821715007,True,
3193,-0.19078947368421054,True,,-0.19616788321167883,True,
3194,-0.46451120698726717,True,,-0.45504051352204566,True,
3195,-0.1800694402144119,True,,-0.24868124505086192,True,
3196,-0.0026611576035575476,True,,-0.017577646276130118,True,
3197,-0.09063257505127727,True,,-0.168445832556405,True,
3198,-0.29471623059251606,True,,-0.31492930819161563,True,
3199,-0.3192108522735752,True,,-0.3692936769687654,True,
3200,-0.1712629791108543,True,,-0.1736443067009858,True,
3201,-0.3920763862670353,True,,-0.42020972122422634,True,
3202,-0.2490615321467219,True,,-0.2994216202097093,True,
3203,-0.27305775892056616,True,,-0.32365866922741504,True,
3204,-0.12140793275545049,True,,-0.09447508974695736,True,
3205,-0.4289825728541471,True,,-0.4956974473931593,True,
3206,-0.25944074644232923,True,,-0.3296618315590151,True,
3207,-0.19695750866154274,True,,-0.19745131615626618,True,
3208,-0.20611402567165082,True,,-0.24060495189715214,True,
3209,-0.1464632651614145,True,,-0.15033275594858236,True,
3210,-0.383231643172733,True,,-0.3839680201977698,True,
3211,-0.2737689243027888,True,,-0.256605577689243,True,
3212,-0.27692352808922865,True,,-0.2887320501666683,True,
3213,-0.12023650842475819,True,,-0.14548514986841657,True,
3214,-0.25467406452970104,True,,-0.26211575376686214,True,
3215,-0.3177242622485974,True,,-0.3270208413505357,True,
3216,0.0072992700729927005,True,,0.0024067863483921877,True,
3217,-0.21313602075625812,True,,-0.2115024263681353,True,
3218,-0.2870010640667145,True,,-0.3071440944297345,True,
3219,-0.2514299810363701,True,,-0.29654183561770553,True,
3220,-0.1911001778015929,True,,-0.270477628662591,True,
3221,-0.32428863927744506,True,,-0.34240354133578266,True,
3222,-0.4221884882985452,True,,-0.4262871600253004,True,
3223,-0.22156780510931604,True,,-0.2753049725570285,True,
3224,-0.46387122318180696,True,,-0.4868600133626983,True,
3225,-0.5332411184844081,True,,-0.5223854463957418,True,
3226,-0.23527716399269863,True,,-0.2645787299452397,True,
3227,-0.09540160883659503,True,,-0.10327770440629128,True,
3228,-0.018608800943185802,True,,-0.027005066437243094,True,
3229,-0.3075050525923201,True,,-0.3178370368877039,True,
3230,-0.28061462180959035,True,,-0.29260257562144354,True,
3231,-0.2826404084609774,True,,-0.32724288840262583,True,
3232,-0.23641915243431869,True,,-0.24463980136227897,True,
3233,-0.002948207171314741,True,,-0.0005099601593625498,True,
3234,-0.28564717446138055,True,,-0.3267708852800243,True,
3235,-0.19124259360423582,True,,-0.27489459455673687,True,
3236,-0.13898305084745763,True,,-0.14361470045309616,True,
3237,-0.22068677341849602,True,,-0.2648599441866018,True,
3238,-0.3102511111740226,True,,-0.36487085845860584,True,
3239,-0.3191960540885146,True,,-0.3274838103546623,True,
3240,-0.13516962400066357,True,,-0.14042710666181754,True,
3241,-0.1746310773927927,True,,-0.21188570723658848,True,
3242,-0.4728465238303454,True,,-0.5128989943156974,True,
3243,-0.40082333499564865,True,,-0.4170553550998856,True,
3244,-0.265991554582421,True,,-0.30401548326556144,True,
3245,-0.1184864842966669,True,,-0.14429241317844374,True,
3246,-0.13599757844175914,True,,-0.14605023140219375,True,
3247,-0.1673706708805624,True,,-0.15134571165202945,True,
3248,-0.4038641814485202,True,,-0.4430660222306091,True,
3249,-0.19671031821344973,True,,-0.22444486619851964,True,
3250,-0.270552058809398,True,,-0.30332004035939075,True,
3251,-0.3399812294697325,True,,-0.3785194744251525,True,
3252,-0.2986120654115707,True,,-0.31661398928129725,True,
3253,-0.23032278226706548,True,,-0.22996562346533328,True,
3254,-0.3178154902485939,True,,-0.35947505539188235,True,
3255,-0.21177467797490435,True,,-0.25146130064331523,True,
3256,-0.1272513624668247,True,,-0.14066330355153062,True,
3257,-0.12929029744438897,True,,-0.20986692316121414,True,
3258,-0.06272761934813763,True,,-0.06916998645788139,True,
3259,-0.30825009541105713,True,,-0.34117678023872505,True,
3260,-0.3687600644122383,True,,-0.3908346752549651,True,
3261,-0.15423996350912572,True,,-0.20535119465600749,True,
3262,-0.5537771947086476,True,,-0.5918661856346343,True,
3263,-0.28571247897406066,True,,-0.2997002617966586,True,
3264,-0.27097852527272454,True,,-0.32152397439149966,True,
3265,-0.2571252265802769,True,,-0.2677233985113194,True,
3266,-0.3497250225727739,True,,-0.4019446164867063,True,
3267,-0.30336145556121774,True,,-0.33427703225562916,True,
3268,-0.29655244865442193,True,,-0.32369162887608777,True,
3269,-0.18707217393949843,True,,-0.19415063533754526,True,
3270,-0.46695250507029,True,,-0.488128195439438,True,
3271,-0.13580738710602633,True,,-0.13139360718952164,True,
3272,-0.23709247748319168,True,,-0.2856556551327876,True,
3273,-0.3707375165635116,True,,-0.39988929703617976,True,
3274,-0.23799271661207944,True,,-0.2670346533519617,True,
3275,-0.2224048706240487,True,,-0.26521765601217656,True,
3276,-0.14543022475268386,True,,-0.21489923612506187,True,
3277,-0.05584929444308274,True,,-0.06127665534507511,True,
3278,-0.40373322041929416,True,,-0.40324930310866464,True,
3279,-0.3825907380689694,True,,-0.4561317151828906,True,
3280,-0.35223661696406744,True,,-0.3960205328770472,True,
3281,-0.17939895019395127,True,,-0.19786215520880626,True,
3282,-0.2716417910447761,True,,-0.29122924702331043,True,
3283,-0.27677568549719195,True,,-0.30731983576383975,True,
3284,-0.5108546119518169,True,,-0.5203167466362447,True,
3285,-0.16005133722137288,True,,-0.20884057150406735,True,
3286,-0.1763899843056651,True,,-0.19028385236171858,True,
3287,-0.28536676367435265,True,,-0.3227221849115738,True,
3288,-0.25597108588360745,True,,-0.3030792024082515,True,
3289,-0.3683813190650096,True,,-0.42743632571789864,True,
3290,-0.2211857866657719,True,,-0.2560816025232359,True,
3291,-0.25137630100718616,True,,-0.3097062490369395,True,
3292,-0.26487053344231454,True,,-0.28322255293555204,True,
3293,-0.24317108235777368,True,,-0.203943314849045,True,
3294,-0.19540634315594,True,,-0.23164736353418364,True,
3295,-0.2991513199825568,True,,-0.31421287444231993,True,
3296,-0.2625395832518863,True,,-0.3015364165917354,True,
3297,-0.3705057731253781,True,,-0.37923778964256594,True,
3298,-0.22094727994213892,True,,-0.2365463181969232,True,
3299,-0.27850259383860765,True,,-0.31533601378518095,True,
3300,-0.31827266989269937,True,,-0.3195613296865138,True,
3301,-0.5405980201027926,True,,-0.5411550244322354,True,
3302,-0.1369967548734709,True,,-0.17142130375463452,True,
3303,-0.2097664758624183,True,,-0.19489387569018793,True,
3304,-0.11872953618265544,True,,-0.11543781625899532,True,
3305,-0.43340863008734937,True,,-0.4363228457547279,True,
3306,-0.36950636709244256,True,,-0.37976798960155583,True,
3307,-0.29682499286645225,True,,-0.3185109779515536,True,
3308,-0.4228331290492033,True,,-0.4433199089476449,True,
3309,-0.23122652129368462,True,,-0.26360658225926814,True,
3310,-0.5512010949077352,True,,-0.5702487139553541,True,
3311,-0.20702606146658728,True,,-0.23643109055100078,True,
3312,-0.2997028653337912,True,,-0.32115927313992204,True,
3313,-0.20896247138529842,True,,-0.23903777525994097,True,
3314,-0.36370714709714225,True,,-0.4092678677428556,True,
3315,0.005641706084331858,True,,-0.006310202676012114,True,
3316,-0.6147186147186147,True,,-0.6176717339508038,True,
3317,-0.1176767000261518,True,,-0.1123060142750531,True,
3318,-0.4135903944028722,True,,-0.4082510290771841,True,
3319,-0.10131301669638515,True,,-0.08329956232776788,True,
3320,-0.1193266416149257,True,,-0.13881433013602892,True,
3321,-0.21368707787604016,True,,-0.25298705175566255,True,
3322,-0.030867100670808684,True,,-0.047996237530631945,True,
3323,-0.2588972406580195,True,,-0.2759048745442638,True,
3324,-0.3256414556431326,True,,-0.34442394767734363,True,
3325,-0.33390730926460926,True,,-0.3442006109654913,True,
3326,-0.30177382918156676,True,,-0.2958576884503561,True,
3327,-0.39201585146357637,True,,-0.4278553159240898,True,
3328,-0.19033590235947076,True,,-0.21619275587237288,True,
3329,-0.4842007525778234,True,,-0.5020085031520305,True,
3330,-0.1443734365030333,True,,-0.16187447461437962,True,
3331,-0.18141173995371346,True,,-0.19043235851041448,True,
3332,-0.11880713761916402,True,,-0.14737716939623563,True,
3333,-0.1680238210986874,True,,-0.16889483065953653,True,
3334,-0.1514540279668358,True,,-0.18157406261601286,True,
3335,-0.40344892383746983,True,,-0.44821555051242395,True,
3336,-0.1830991595960818,True,,-0.2150214008076347,True,
3337,-0.16512644307465757,True,,-0.24911975985727366,True,
3338,-0.37670658481768476,True,,-0.3987789742041528,True,
3339,-0.1430919673258525,True,,-0.17066706922289873,True,
3340,-0.3130185784232284,True,,-0.35607830106623145,True,
3341,-0.34976596238418395,True,,-0.39230590725658104,True,
3342,-0.1891026663010414,True,,-0.2066399250043046,True,
3343,-0.38220239072363416,True,,-0.41792893491919,True,
3344,-0.5395842664067234,True,,-0.5407434728772031,True,
3345,-0.22224611376026107,True,,-0.237398970415249,True,
3346,-0.10474126143281103,True,,-0.10814451680863779,True,
3347,-0.2798219096646893,True,,-0.30011004161343774,True,
3348,-0.13926580414431472,True,,-0.14115914589250025,True,
3349,-0.22319969556555413,True,,-0.26793962050157066,True,
3350,-0.31834114010770165,True,,-0.29296115731446964,True,
3351,-0.17934215452756688,True,,-0.18877408767555426,True,
3352,-0.25233330732433423,True,,-0.2861610117100517,True,
3353,-0.25347428851471976,True,,-0.2510939195575314,True,
3354,-0.10742631722992421,True,,-0.16846764375572146,True,
3355,-0.2638645650904845,True,,-0.30797171953038854,True,
3356,-0.3473817268116724,True,,-0.3691171710009095,True,
3357,-0.3141973730660142,True,,-0.3697062654444972,True,
3358,-0.21694919323857087,True,,-0.26094890510948904,True,
3359,-0.17427902877807153,True,,-0.18428703112812878,True,
3360,-0.3336575549220191,True,,-0.3608586282072782,True,
3361,-0.3392759402611619,True,,-0.3528422863398233,True,
3362,-0.3637476500677655,True,,-0.41039653740217724,True,
3363,-0.3861476817401259,True,,-0.4117458500286205,True,
3364,-0.26774123211620066,True,,-0.2913906173999094,True,
3365,-0.08187449256059624,True,,-0.20032111221594798,True,
3366,-0.30241932271709776,True,,-0.312281428491767,True,
3367,-0.4434711607158939,True,,-0.4738624287798464,True,
3368,-0.17353968104180428,True,,-0.22102481834481458,True,
3369,-0.2628667009778693,True,,-0.32022002058672155,True,
3370,-0.1951130561633844,True,,-0.29686360320933625,True,
3371,-0.3140312868385,True,,-0.32436996208621405,True,
3372,-0.33501056656938716,True,,-0.3585924658683036,True,
3373,-0.409140221166732,True,,-0.460940277689145,True,
3374,-0.21645651266615235,True,,-0.24736622443688425,True,
3375,-0.41343853931406466,True,,-0.46187712627576544,True,
3376,-0.1570546772330851,True,,-0.1639361236111664,True,
3377,-0.3294350084446002,True,,-0.3085147063509767,True,
3378,-0.2459763595296215,True,,-0.24415318700685715,True,
3379,-0.16132625779794216,True,,-0.1732763509681601,True,
3380,-0.38702914037415553,True,,-0.38232940675991856,True,
3381,-0.30559860617295204,True,,-0.3187265120896263,True,
3382,-0.3907944706061066,True,,-0.39146285887893056,True,
3383,-0.33665416354088523,True,,-0.36649362340585145,True,
3384,-0.2511244969355815,True,,-0.25299208248941263,True,
3385,-0.2524930096751045,True,,-0.2892014945685794,True,
3386,-0.13749969988715757,True,,-0.13437852632589853,True,
3387,-0.25764343640227244,True,,-0.31454096014571314,True,
3388,-0.19317465996764716,True,,-0.219792679792579,True,
3389,-0.32647581409801846,True,,-0.30861226863840263,True,
3390,-0.21568748362033083,True,,-0.2466277151710423,True,
3391,-0.18463128457657,True,,-0.1917239143210327,True,
3392,-0.1837110854550242,True,,-0.18095643191347147,True,
3393,-0.1637950307207228,True,,-0.20377437036009158,True,
3394,-0.3200316375412258,True,,-0.3540718410959722,True,
3395,-0.13575027215878882,True,,-0.1554216562444619,True,
3396,-0.3446710054193165,True,,-0.3537898097052783,True,
3397,-0.11171515822678614,True,,-0.14295781737642202,True,
3398,-0.37902473927278246,True,,-0.4507202069917536,True,
3399,-0.07838638753465252,True,,-0.1001019660325654,True,
3400,-0.1399627198314288,True,,-0.14869519410000812,True,
3401,-0.2102213788741303,True,,-0.2533839342188488,True,
3402,-0.39046475853067314,True,,-0.4299366026477718,True,
3403,-0.22716739588397342,True,,-0.2629395559876843,True,
3404,-0.13312465475971277,True,,-0.11613225662203751,True,
3405,-0.25229367088607596,True,,-0.2563645569620253,True,
3406,-0.302774544992225,True,,-0.35038288134101375,True,
3407,-0.24681643541432477,True,,-0.2621176786403369,True,
3408,-0.4645398545975992,True,,-0.4722802581162448,True,
3409,0.23834281072298943,True,,0.2521527213647441,True,
3410,-0.15869119619404307,True,,-0.1964217931523142,True,
3411,-0.239889735173205,True,,-0.22798687019981517,True,
3412,-0.2723170080356232,True,,-0.3119370112762778,True,
3413,-0.3981477640421472,True,,-0.3929415913050693,True,
3414,-0.19798579874961103,True,,-0.27732043339274093,True,
3415,-0.3934571285370427,True,,-0.4117232119100804,True,
3416,-0.29469010037687976,True,,-0.34455763274749057,True,
3417,-0.33398137050424215,True,,-0.35381885788167344,True,
3418,-0.21815094273559638,True,,-0.2306157105092698,True,
3419,-0.33962147642718205,True,,-0.41795053876316035,True,
3420,-0.1611159466764396,True,,-0.19835997984332768,True,
3421,-0.25154213412949983,True,,-0.2535413186726467,True,
3422,-0.1553979572171902,True,,-0.1907342455193679,True,
3423,-0.15152497403852502,True,,-0.20601705954031682,True,
3424,-0.44945818096420304,True,,-0.4555305800650854,True,
3425,-0.2822097181320993,True,,-0.2789230122002524,True,
3426,-0.4039875941515286,True,,-0.42317868219507565,True,
3427,-0.26992392086148737,True,,-0.24265294338131757,True,
3428,-0.2809415155518194,True,,-0.27296745526600213,True,
3429,-0.24860564823129166,True,,-0.284144228458688,True,
3430,-0.1380120543467157,True,,-0.13249565839207272,True,
3431,-0.2627913560441634,True,,-0.30521845805416625,True,
3432,-0.0154796879748759,True,,-0.02962212541789079,True,
3433,-0.4307034497168143,True,,-0.4498063591794703,True,
3434,-0.39593060352248904,True,,-0.39965767645360906,True,
3435,-0.21702925457445124,True,,-0.28208811677481405,True,
3436,-0.2220185715876986,True,,-0.23238787682399523,True,
3437,-0.3019990598480912,True,,-0.32331329325317304,True,
3438,-0.11845908386708905,True,,-0.16154492411805058,True,
3439,-0.30440012027663627,True,,-0.319234238749123,True,
3440,-0.26040903443662194,True,,-0.2626230448217642,True,
3441,-0.22111500801029277,True,,-0.24298712786159204,True,
3442,-0.25877979355962766,True,,-0.26216306560914093,True,
3443,-0.4556610719882191,True,,-0.46034323257877546,True,
3444,-0.08599010942760943,True,,-0.0971696127946128,True,
3445,-0.1783916289340667,True,,-0.18313226162619908,True,
3446,-0.09828778832750322,True,,-0.0863470187527945,True,
3447,-0.22249832366978267,True,,-0.2147937785140483,True,
3448,-0.3635348825341745,True,,-0.3734347989717355,True,
3449,-0.14069731318554393,True,,-0.17122169206382082,True,
3450,-0.0639962397329573,True,,-0.06638623997195733,True,
3451,-0.21374629576522322,True,,-0.21401714303922506,True,
3452,-0.46312015072017504,True,,-0.4608512448595102,True,
3453,-0.17686378690648424,True,,-0.18005978636205533,True,
3454,-0.33395234278788827,True,,-0.35301131809918485,True,
3455,-0.19818731117824773,True,,-0.22114803625377644,True,
3456,-0.30169104838833993,True,,-0.32738820119930323,True,
3457,-0.13826974594225483,True,,-0.15819515696951658,True,
3458,-0.30798159105851414,True,,-0.3034319526627219,True,
3459,-0.26311688944075184,True,,-0.3110072310276824,True,
3460,-0.26757723421109486,True,,-0.2749705945894044,True,
3461,-0.15284729270939065,True,,-0.1462671940079101,True,
3462,-0.0632313248147622,True,,-0.16641120922338445,True,
3463,-0.23052770181302543,True,,-0.21778588068469562,True,
3464,-0.20793904885412656,True,,-0.22344025450345484,True,
3465,-0.23191419851951012,True,,-0.204886094709918,True,
3466,-0.23716440132558475,True,,-0.21843331252101245,True,
3467,-0.23378214861000857,True,,-0.2559634370977811,True,
3468,-0.058300957660043055,True,,-0.0840488975773923,True,
3469,-0.2703790409553621,True,,-0.2772969987111029,True,
3470,-0.34252089075556724,True,,-0.38058362864767903,True,
3471,-0.3102124021832051,True,,-0.3065824949036628,True,
3472,-0.18298193932476828,True,,-0.20190631892283728,True,
3473,-0.3020421817255002,True,,-0.3174461577672996,True,
3474,-0.19300020961784498,True,,-0.27803277266583304,True,
3475,-0.4168556459180482,True,,-0.43194791992492965,True,
3476,-0.1802751302427196,True,,-0.19564016997575204,True,
3477,-0.3555512118842846,True,,-0.3784597341673182,True,
3478,-0.07021603028878276,True,,-0.08978990868822845,True,
3479,-0.2155121260264533,True,,-0.22246680576026134,True,
3480,-0.4821011673151751,True,,-0.4885214007782101,True,
3481,-0.24366657586488696,True,,-0.2493499418043139,True,
3482,-0.319365689572321,True,,-0.33849111004324844,True,
3483,-0.06835372764914066,True,,-0.10010563407431396,True,
3484,-0.17472235257312685,True,,-0.2164281245111841,True,
3485,-0.07024985807142994,True,,-0.07808303937640733,True,
3486,-0.413754284774662,True,,-0.4285786564464514,True,
3487,-0.12616923875595829,True,,-0.19078767284911982,True,
3488,-0.09708893520533199,True,,-0.12887932021712742,True,
3489,-0.2603709471895795,True,,-0.3113596677521355,True,
3490,-0.3419261225938904,True,,-0.40225059043267525,True,
3491,-0.2958118641828511,True,,-0.33846705547062267,True,
3492,-0.07732404486718873,True,,-0.11671071380725621,True,
3493,-0.5050461992903501,True,,-0.529193508684506,True,
3494,-0.16326075174546498,True,,-0.14469027959320305,True,
3495,0.014360267591327799,True,,-0.0010857763300760044,True,
3496,-0.3097629691602869,True,,-0.3370494876847787,True,
3497,-0.40537655926889465,True,,-0.4577794295624994,True,
3498,-0.34777076180643923,True,,-0.32678687186382077,True,
3499,-0.18365498102012823,True,,-0.2060352802322243,True,
3500,-0.328309132996633,True,,-0.3241003787878788,True,
3501,-0.2659904111489663,True,,-0.3054403625880648,True,
3502,-0.12571424017596008,True,,-0.12542734872452843,True,
3503,-0.2354186717998075,True,,-0.23552366786245515,True,
3504,-0.27472263580039386,True,,-0.2837039527400221,True,
3505,-0.30788106695560724,True,,-0.29565951751171166,True,
3506,-0.3357936055289026,True,,-0.3707518368168551,True,
3507,-0.16698979591836735,True,,-0.1824234693877551,True,
3508,-0.16628931138507458,True,,-0.1781648415426709,True,
3509,-0.028376439072615365,True,,-0.03102975412188666,True,
3510,-0.39463233248172414,True,,-0.40768471909543924,True,
3511,-0.09557182627646792,True,,-0.15975907391236202,True,
3512,-0.22733893444481965,True,,-0.259352965783492,True,
3513,-0.329086808406232,True,,-0.38925534826222763,True,
3514,-0.15185779273712166,True,,-0.14502090509874044,True,
3515,-0.09834634411731215,True,,-0.1276743803535053,True,
3516,-0.3783741521862356,True,,-0.40962842790406756,True,
3517,-0.15754658086822898,True,,-0.22400835574337302,True,
3518,-0.1845463345947373,True,,-0.25704283884341966,True,
3519,-0.42344983970599737,True,,-0.43111267495503947,True,
3520,-0.3842248789831756,True,,-0.418873906602376,True,
3521,-0.0543577430972389,True,,-0.07394957983193277,True,
3522,-0.45046978921068376,True,,-0.47076280630139233,True,
3523,-0.24851667104226832,True,,-0.26521396692045157,True,
3524,-0.24557937999808838,True,,-0.2579252556791028,True,
3525,-0.29204870762975566,True,,-0.3095776459361905,True,
3526,-0.32345732299486674,True,,-0.33623653096144657,True,
3527,-0.21372515764967082,True,,-0.24315823555713162,True,
3528,-0.45824046920821115,True,,-0.47851417399804497,True,
3529,-0.20263047190121503,True,,-0.2222043503006607,True,
3530,-0.169000575484366,True,,-0.18211914382777547,True,
3531,-0.4580971710021533,True,,-0.46892557483355196,True,
3532,-0.3792582852411912,True,,-0.4224072856551489,True,
3533,-0.31192167087545924,True,,-0.36096853889562497,True,
3534,-0.28828935431704333,True,,-0.30519728105812594,True,
3535,-0.4216292739974764,True,,-0.4654540978056812,True,
3536,-0.4388512275558813,True,,-0.45850128252107,True,
3537,-0.19245191571858578,True,,-0.2077062394775777,True,
3538,-0.24363658788523504,True,,-0.26505095354824787,True,
3539,-0.28096154314523003,True,,-0.327699164616771,True,
3540,-0.3072695995667548,True,,-0.3103278009620592,True,
3541,-0.3519812680115274,True,,-0.3716018251681076,True,
3542,-0.26691754142734536,True,,-0.29176494595389424,True,
3543,-0.6038045559831476,True,,-0.6637728209524157,True,
3544,-0.19681522357773873,True,,-0.20641656974586128,True,
3545,-0.23567811697970698,True,,-0.26800206552651656,True,
3546,-0.2516529680365297,True,,-0.2822648401826484,True,
3547,-0.19026200185519015,True,,-0.18060101160368938,True,
3548,-0.2072649781522791,True,,-0.22900517111604218,True,
3549,-0.2944775988590278,True,,-0.3077836295983491,True,
3550,-0.4389523169912693,True,,-0.4689202298335945,True,
3551,-0.41783340232292,True,,-0.4512162458301882,True,
3552,-0.25349656328010123,True,,-0.25725814724891427,True,
3553,-0.26670983775837026,True,,-0.27063023959955895,True,
3554,-0.5176732535485666,True,,-0.5132707537383295,True,
3555,-0.21482271988786594,True,,-0.22546271224236247,True,
3556,-0.19098824042542484,True,,-0.2488634647967657,True,
3557,-0.3106526666358296,True,,-0.3388685878162727,True,
3558,-0.23843426993544536,True,,-0.2753311690734729,True,
3559,-0.16292809452903598,True,,-0.18660838656996012,True,
3560,-0.3178154902485939,True,,-0.35947505539188235,True,
3561,-0.19995307872022208,True,,-0.2269914661922404,True,
3562,-0.13758354510041346,True,,-0.16063761142665955,True,
3563,-0.10826678748749316,True,,-0.16586434086575674,True,
3564,-0.30062701039578577,True,,-0.375786676611813,True,
3565,-0.07725813150190942,True,,-0.08021596215597492,True,
3566,-0.33142763182858803,True,,-0.3594819190245507,True,
3567,-0.2624532118878454,True,,-0.29018891158390586,True,
3568,-0.2746957849442465,True,,-0.3255139653603541,True,
3569,-0.2618622733501163,True,,-0.2737643797202129,True,
3570,-0.20499711629634698,True,,-0.23326718736253532,True,
3571,-0.28780630318080563,True,,-0.33742346224543207,True,
3572,-0.21478932147893215,True,,-0.22527345586067893,True,
3573,-0.19954229163445183,True,,-0.2275614659038194,True,
3574,-0.2427581811167581,True,,-0.2655026082289203,True,
3575,-0.39970833080148266,True,,-0.40039699418687086,True,
3576,-0.3337693042909603,True,,-0.3609671848013817,True,
3577,-0.2014457950635011,True,,-0.21527244819646968,True,
3578,-0.14689087129286071,True,,-0.14144364621983632,True,
3579,-0.25143829511384813,True,,-0.2564621991734867,True,
3580,-0.4175064430006636,True,,-0.4524452537847806,True,
3581,-0.48941874162232424,True,,-0.5406258039183828,True,
3582,-0.3580192076830732,True,,-0.39021608643457384,True,
3583,-0.38736411219970474,True,,-0.3878002952623809,True,
3584,-0.3540623145589934,True,,-0.3444145966398887,True,
3585,0.014314224063699817,True,,0.001570208584482287,True,
3586,-0.2876535482356623,True,,-0.3415225725686566,True,
3587,-0.12776718348395655,True,,-0.12905550630449064,True,
3588,-0.27171832754447967,True,,-0.27544479661377375,True,
3589,-0.18729196829708794,True,,-0.26263862561010193,True,
3590,-0.2446147813658154,True,,-0.28000607141501915,True,
3591,0.04035843764963404,True,,0.03399685340994596,True,
3592,-0.2511449029678921,True,,-0.2661741264580118,True,
3593,-0.1323198340626818,True,,-0.16606379480434066,True,
3594,-0.2460581886438292,True,,-0.3436414828718911,True,
3595,-0.11032148087680968,True,,-0.12006914599889558,True,
3596,-0.20642894261463463,True,,-0.2423473806636807,True,
3597,-0.3015863368382666,True,,-0.28851881115905914,True,
3598,-0.257646285338593,True,,-0.28273504273504274,True,
3599,-0.2578598900887152,True,,-0.29183527181076147,True,
3600,-0.4840406746635816,True,,-0.5273701516166353,True,
3601,-0.3228830637131911,True,,-0.32546377054011644,True,
3602,-0.1557237991542805,True,,-0.22049477122528044,True,
3603,-0.044243932794026136,True,,-0.05137938187098112,True,
3604,-0.24012114950213226,True,,-0.2271755756120785,True,
3605,-0.226690097964406,True,,-0.2547459939417763,True,
3606,-0.315327507171516,True,,-0.3834878822823052,True,
3607,-0.4079810974008926,True,,-0.41581342434584756,True,
3608,-0.2271207798799377,True,,-0.22705077270420218,True,
3609,-0.1056684423745574,True,,-0.11363041883313663,True,
3610,-0.46523934067270845,True,,-0.4443971372382053,True,
3611,-0.22380532089269953,True,,-0.31303324507208,True,
3612,-0.028351562562235623,True,,-0.05354055970238427,True,
3613,-0.47187183500598473,True,,-0.4580609520301998,True,
3614,-0.14612247755394928,True,,-0.16897982043159424,True,
3615,-0.1292287866898879,True,,-0.14438639132903358,True,
3616,-0.10400918572385418,True,,-0.08145950945683028,True,
3617,-0.29387010130153746,True,,-0.3005650888281381,True,
3618,-0.44770247197683916,True,,-0.44838294608170637,True,
3619,0.03221224038828311,True,,0.02037434069475318,True,
3620,-0.1603125265130772,True,,-0.18658264752840273,True,
3621,-0.354504292748101,True,,-0.3871638172056313,True,
3622,-0.19327509677942398,True,,-0.16846713553172946,True,
3623,-0.17838838095469983,True,,-0.24605251944826578,True,
3624,-0.2596359404450179,True,,-0.27046411900876627,True,
3625,-0.42235004108463436,True,,-0.4365242399342646,True,
3626,-0.047278143468024794,True,,-0.0588574448661894,True,
3627,-0.3749067194445346,True,,-0.400019467246358,True,
3628,-0.4838931009640125,True,,-0.5063393500389624,True,
3629,-0.3539343572480539,True,,-0.3657689880075742,True,
3630,-0.24254038123426808,True,,-0.2690016316927864,True,
3631,-0.19904413181730585,True,,-0.2229100019271536,True,
3632,-0.5806517869368752,True,,-0.5699712446939614,True,
3633,-0.1368786956629308,True,,-0.1730374328904723,True,
3634,-0.2614253161338275,True,,-0.25143030386010895,True,
3635,-0.21492910346192867,True,,-0.22940535992675262,True,
3636,-0.2658907425978262,True,,-0.2793427943396035,True,
3637,-0.4201257394618945,True,,-0.4333184822157867,True,
3638,-0.32178991048116373,True,,-0.3614672696754942,True,
3639,-0.2299225169100392,True,,-0.2745278092871676,True,
3640,-0.13186111820270616,True,,-0.12780188920091906,True,
3641,-0.31438175270108043,True,,-0.3277310924369748,True,
3642,-0.1537902361883385,True,,-0.1685456307708004,True,
3643,-0.22871676300578034,True,,-0.25324084778420036,True,
3644,-0.3684587760099747,True,,-0.4391178073600669,True,
3645,-0.34246198937534345,True,,-0.38038102216523173,True,
3646,-0.3111971278624129,True,,-0.31405396098637267,True,
3647,-0.3912405620407492,True,,-0.41519432394490885,True,
3648,-0.24907575281832087,True,,-0.2457737848048699,True,
3649,-0.3593746047005844,True,,-0.37968983226655195,True,
3650,-0.26298468314651224,True,,-0.2860465691732858,True,
3651,-0.3811977511610853,True,,-0.39054509899780004,True,
3652,-0.2387604550228397,True,,-0.261486289842969,True,
3653,-0.25290176465037273,True,,-0.30387845616683967,True,
3654,-0.23033890059996756,True,,-0.25241203178206584,True,
3655,-0.15669833079238496,True,,-0.1986239787342168,True,
3656,-0.20741315585252607,True,,-0.22082944217185999,True,
3657,-0.2313036196465803,True,,-0.2275780155176539,True,
3658,-0.18802964761832486,True,,-0.22809946624168373,True,
3659,-0.41449187300622814,True,,-0.4144716188161426,True,
3660,-0.48956021558947416,True,,-0.5268807464106164,True,
3661,-0.17736423465504633,True,,-0.2231640525899506,True,
3662,-0.287745689077721,True,,-0.2874139569896589,True,
3663,-0.33714012690606737,True,,-0.3765171334844397,True,
3664,-0.01533583486691682,True,,-0.028703902870390288,True,
3665,-0.3629076584829608,True,,-0.3716104800293148,True,
3666,-0.4192899690254944,True,,-0.4769120800571837,True,
3667,-0.27926274158644876,True,,-0.33876576374897394,True,
3668,-0.343576065002544,True,,-0.3626019519264867,True,
3669,-0.3536754336046713,True,,-0.36755573149912163,True,
3670,-0.2477411706879852,True,,-0.3009989446749454,True,
3671,-0.1707027737207656,True,,-0.1933185792733094,True,
3672,-0.1916844224641789,True,,-0.21187716246066032,True,
3673,-0.4512103833757107,True,,-0.4521383542745433,True,
3674,-0.2677964914737911,True,,-0.27234847158513953,True,
3675,-0.343206566416674,True,,-0.3691332886466251,True,
3676,-0.4470542934154794,True,,-0.4405432842090524,True,
3677,-0.2605971753897278,True,,-0.3022528466011826,True,
3678,-0.26452508233730443,True,,-0.29413719300645996,True,
3679,-0.2592129063798582,True,,-0.3052847714495233,True,
3680,-0.27439986141881606,True,,-0.3344091609456342,True,
3681,-0.17194923066014323,True,,-0.16342014363711874,True,
3682,-0.05421204599564358,True,,-0.061384934907046246,True,
3683,-0.3302892703102668,True,,-0.3765826387219995,True,
3684,-0.3405033340503334,True,,-0.3406786007345267,True,
3685,-0.37607359989706307,True,,-0.40946376298774406,True,
3686,-0.25309892246617516,True,,-0.24927084177266468,True,
3687,-0.5205257602267305,True,,-0.5818499934930665,True,
3688,-0.2186873630727637,True,,-0.28262946907192465,True,
3689,-0.2286687129941797,True,,-0.2660058035190124,True,
3690,-0.3528618230873001,True,,-0.36826363461167855,True,
3691,-0.11692322728827641,True,,-0.1560377266285491,True,
3692,-0.48878231490503243,True,,-0.49214825312867755,True,
3693,-0.20023520764424843,True,,-0.24309200049001592,True,
3694,-0.12311589815493451,True,,-0.13302635352601894,True,
3695,-0.18336493192829814,True,,-0.22333103080005684,True,
3696,-0.286785028714346,True,,-0.29543517567126254,True,
3697,-0.30799663342085765,True,,-0.3337297967453042,True,
3698,-0.22475105295560485,True,,-0.25033469818530063,True,
3699,-0.3173754763615112,True,,-0.3469616353962475,True,
3700,-0.5016827101531761,True,,-0.519202692336245,True,
3701,-0.30541723722976055,True,,-0.3270156438026474,True,
3702,-0.34634747162728863,True,,-0.3534052141272153,True,
3703,-0.25434863293331683,True,,-0.28488185079797107,True,
3704,-0.2745008660771264,True,,-0.27713455090608885,True,
3705,-0.483677762653137,True,,-0.49384977106793715,True,
3706,-0.30437574361201863,True,,-0.3461502143491152,True,
3707,-0.10430868844260785,True,,-0.0990972021161793,True,
3708,-0.4721592242120904,True,,-0.49863142253851567,True,
3709,-0.2968919297305852,True,,-0.33726153808694803,True,
3710,-0.26331456774890105,True,,-0.2855556412431557,True,
3711,-0.22357519183263014,True,,-0.29182607174868286,True,
3712,-0.3613250283125708,True,,-0.3903359758399396,True,
3713,-0.3464057958439981,True,,-0.3785085245759403,True,
3714,-0.14795045022232575,True,,-0.14989516757994106,True,
3715,-0.32619727963150547,True,,-0.3441886014645037,True,
3716,-0.38504961411245864,True,,-0.401700355261546,True,
3717,-0.2050698224389481,True,,-0.23123980025603189,True,
3718,-0.4178440890737327,True,,-0.4217861949747718,True,
3719,-0.19598609623195554,True,,-0.22692275084971752,True,
3720,-0.10173739367813876,True,,-0.12709269955350602,True,
3721,-0.213744896696771,True,,-0.23619943090436718,True,
3722,-0.42342603067694495,True,,-0.4191901917966797,True,
3723,-0.4178992056970693,True,,-0.41557107641741986,True,
3724,-0.10796593806470778,True,,-0.12835111518182044,True,
3725,-0.48474781514144816,True,,-0.48340941500760815,True,
3726,-0.23967418727023715,True,,-0.2654316538119609,True,
3727,-0.18236371285046152,True,,-0.22241468906980771,True,
3728,-0.2404397705544933,True,,-0.24456660293180368,True,
3729,-0.35447312834393696,True,,-0.3861448754758984,True,
3730,-0.36639105838162206,True,,-0.37129245779986714,True,
3731,-0.2846857179266622,True,,-0.277533530854758,True,
3732,-0.1257819381615682,True,,-0.17843866171003717,True,
3733,-0.2402071931196247,True,,-0.2818412822517592,True,
3734,-0.39857959466481896,True,,-0.40894805869688944,True,
3735,-0.4783180857659846,True,,-0.48135494565286163,True,
3736,-0.22227511673368514,True,,-0.2233487627748686,True,
3737,-0.2112493094232004,True,,-0.25123557254415957,True,
3738,-0.24322134327299982,True,,-0.2607440569640126,True,
3739,-0.1180421746411914,True,,-0.17515141692628142,True,
3740,-0.3559588891318609,True,,-0.3865296304395364,True,
3741,-0.2886901915782092,True,,-0.26248764782761147,True,
3742,-0.3051330656596564,True,,-0.3558517545561742,True,
3743,-0.10494526974198592,True,,-0.1362978889757623,True,
3744,-0.12925707571061001,True,,-0.14945602625660973,True,
3745,-0.2512956970803935,True,,-0.3330150106159081,True,
3746,-0.4771125578897913,True,,-0.4657359554332506,True,
3747,-0.2196294854473425,True,,-0.254345187661728,True,
3748,-0.16570337960712292,True,,-0.22137597003907164,True,
3749,-0.24353322528363047,True,,-0.2776823338735818,True,
3750,-0.24858964143426296,True,,-0.24223107569721117,True,
3751,-0.23373922377645837,True,,-0.26282244808963134,True,
3752,-0.20460878993929935,True,,-0.23547592748350746,True,
3753,-0.3257419484445664,True,,-0.3471049678819742,True,
3754,-0.28161796346281737,True,,-0.274576536400266,True,
3755,-0.023047897027307748,True,,-0.04358458565061334,True,
3756,-0.41651275737054516,True,,-0.4268417812435871,True,
3757,-0.38065898740959014,True,,-0.39853396001266345,True,
3758,-0.048648320149094995,True,,-0.06057997143696381,True,
3759,-0.22692379154891013,True,,-0.22389227354071525,True,
3760,-0.23098765714809133,True,,-0.26377979802605966,True,
3761,-0.23381933770090585,True,,-0.2857675834589384,True,
3762,-0.31279496060440337,True,,-0.3191144599056126,True,
3763,-0.22403933567288048,True,,-0.2486730075562811,True,
3764,-0.21309680887455407,True,,-0.24912280701754386,True,
3765,-0.32171387073347857,True,,-0.37086851881860794,True,
3766,-0.39049120042027846,True,,-0.37199894930391386,True,
3767,-0.04138788787192652,True,,-0.038925917657939214,True,
3768,-0.30560631675640815,True,,-0.325717524503816,True,
3769,-0.35641442728435,True,,-0.3916723188936441,True,
3770,-0.39737571274817374,True,,-0.41528315280862854,True,
3771,-0.23257108916771846,True,,-0.28168386665676737,True,
3772,-0.2562975770237495,True,,-0.2454434118579353,True,
3773,-0.08344556633169434,True,,-0.0869201405768112,True,
3774,-0.28676837074753475,True,,-0.30109555036502056,True,
3775,-0.2518958459163815,True,,-0.2781021407959197,True,
3776,-0.16728794127004135,True,,-0.20634120281164275,True,
3777,-0.1435880363744678,True,,-0.1153785502777145,True,
3778,-0.2950414531111138,True,,-0.34843744293349244,True,
3779,-0.28761439117358506,True,,-0.32309374849220773,True,
3780,-0.351612184801168,True,,-0.3675979312563411,True,
3781,-0.18861937667465803,True,,-0.29510999858976167,True,
3782,-0.29455462480573175,True,,-0.3414526865219389,True,
3783,-0.23223677107913449,True,,-0.24713521183238482,True,
3784,-0.3000169562067424,True,,-0.328688360334808,True,
3785,-0.3421850061298605,True,,-0.3627720848465222,True,
3786,-0.16209099904405722,True,,-0.19764536200043603,True,
3787,-0.5542688850168843,True,,-0.5684085547314697,True,
3788,-0.3754905858118608,True,,-0.42222543457048894,True,
3789,-0.24270141965136144,True,,-0.26586335666661626,True,
3790,-0.3361136692540455,True,,-0.3602683857387186,True,
3791,-0.25371617329437174,True,,-0.2794386403838824,True,
3792,-0.2669611561914822,True,,-0.3048566764296346,True,
3793,-0.18310846329069563,True,,-0.1864377080777992,True,
3794,-0.16734957314270626,True,,-0.18761184834586686,True,
3795,-0.3978559565151744,True,,-0.4241469122754039,True,
3796,-0.2440495709256498,True,,-0.2629078062452437,True,
3797,-0.24350949728512272,True,,-0.25604068168622274,True,
3798,-0.18039353254456741,True,,-0.18483273272315592,True,
3799,-0.22520973050558044,True,,-0.24640550372441783,True,
3800,-0.2713703125497818,True,,-0.2745085544970848,True,
3801,-0.44052274338972747,True,,-0.4248809644412927,True,
3802,-0.2959665795700665,True,,-0.32232678952682653,True,
3803,-0.49003218523322284,True,,-0.49565259163183933,True,
3804,-0.20936720754580607,True,,-0.2751400383072531,True,
3805,-0.30047114108666806,True,,-0.3416442458699066,True,
3806,-0.32629411018498483,True,,-0.3578437590944027,True,
3807,-0.3562023299055136,True,,-0.37024247713732783,True,
3808,-0.24503537032302053,True,,-0.31190415312123315,True,
3809,-0.5014714940798028,True,,-0.49455889398398467,True,
3810,-0.261318071615069,True,,-0.3251002424468482,True,
3811,-0.26399953082389277,True,,-0.2960794471541537,True,
3812,-0.33563654049340064,True,,-0.363677528636356,True,
3813,-0.2452097902097902,True,,-0.3183682983682984,True,
3814,-0.2669896793905446,True,,-0.30139507212326244,True,
3815,-0.17319655421845204,True,,-0.16367462352863812,True,
3816,-0.3231987251640972,True,,-0.3521101822458865,True,
3817,-0.27040816326530615,True,,-0.2914614121510673,True,
3818,-0.2766840306282371,True,,-0.3032673104765885,True,
3819,-0.21391680841193753,True,,-0.24017937219730942,True,
3820,-0.05285723679884264,True,,-0.05661866245807852,True,
3821,-0.49752540125503014,True,,-0.5178464052791439,True,
3822,-0.24683352842919334,True,,-0.244360852810038,True,
3823,-0.24292856423849948,True,,-0.2514511961883032,True,
3824,-0.28053201450075627,True,,-0.28811850286894103,True,
3825,-0.47405331946378537,True,,-0.47878462493498647,True,
3826,-0.4472783939419764,True,,-0.4862123960603367,True,
3827,-0.3263291634089132,True,,-0.3462275215011728,True,
3828,-0.3401490802160979,True,,-0.3623743417903303,True,
3829,-0.17329900245147165,True,,-0.20697204705592132,True,
3830,-0.29238219645075986,True,,-0.29935960748080415,True,
3831,-0.3175107847088502,True,,-0.3440956517845148,True,
3832,-0.3115972763096,True,,-0.3371376574103349,True,
3833,-0.22992555031831965,True,,-0.3007192833780405,True,
3834,0.05725475120732323,True,,0.05081569400062468,True,
3835,-0.18370488914098188,True,,-0.1784176888249653,True,
3836,-0.2923549750288129,True,,-0.3284791586630811,True,
3837,-0.18102790055829135,True,,-0.2905566802328432,True,
3838,-0.22823727700772664,True,,-0.2632888941151108,True,
3839,-0.06752551655464277,True,,-0.0772757447514729,True,
3840,-0.23178971858525357,True,,-0.27838279335692895,True,
3841,-0.2952415114643609,True,,-0.34595089534345885,True,
3842,-0.1383301077160675,True,,-0.1605966414482044,True,
3843,-0.36396393672295885,True,,-0.3778429564227003,True,
3844,-0.21052170380224805,True,,-0.21001186957803253,True,
3845,-0.2538493421011933,True,,-0.2719500652640565,True,
3846,-0.2474694270141529,True,,-0.26189712820043054,True,
3847,-0.40808142398161396,True,,-0.4555474777796018,True,
3848,-0.32861069061301273,True,,-0.36668577279385467,True,
3849,-0.43748837153471737,True,,-0.4686736647520961,True,
3850,-0.18516419077404223,True,,-0.2026192337763878,True,
3851,-0.2867977637906095,True,,-0.324054888775949,True,
3852,-0.1938805394990366,True,,-0.22836223506743739,True,
3853,-0.27865924135757064,True,,-0.2654898252250359,True,
3854,-0.4643824625985181,True,,-0.5018169805087546,True,
3855,-0.380261302056269,True,,-0.38415856283869054,True,
3856,-0.16971505963103706,True,,-0.18131254026903,True,
3857,-0.20926212244798578,True,,-0.273079217443177,True,
3858,-0.4354387816941333,True,,-0.45537896115574844,True,
3859,-0.24296370159642589,True,,-0.24120401599358693,True,
3860,-0.29301951462546444,True,,-0.35082506467858793,True,
3861,-0.3277744650485342,True,,-0.36865463005503474,True,
3862,-0.2127652788497726,True,,-0.2281509737256728,True,
3863,-0.09538540038906783,True,,-0.09490066013968174,True,
3864,-0.3919272185049216,True,,-0.42388237181604554,True,
3865,-0.14279481112285825,True,,-0.18676265753746496,True,
3866,-0.4302181476117241,True,,-0.43644453735087274,True,
3867,-0.27757683065638045,True,,-0.2997850006323511,True,
3868,-0.4220892592557639,True,,-0.4487216994932098,True,
3869,-0.35406837758186716,True,,-0.3652496173840452,True,
3870,-0.48605283535322613,True,,-0.5224649294988385,True,
3871,-0.20702218868111272,True,,-0.2518201894110442,True,
3872,-0.3018803418803419,True,,-0.2890729783037475,True,
3873,-0.17116058586390617,True,,-0.17563762332111096,True,
3874,-0.20901175789778256,True,,-0.20488202646184603,True,
3875,-0.24060486522024985,True,,-0.2309007232084155,True,
3876,-0.26397764709213967,True,,-0.29358014669095783,True,
3877,-0.21116868769234817,True,,-0.22658284451692665,True,
3878,-0.23494212157631728,True,,-0.2778543867417294,True,
3879,-0.2603777918125969,True,,-0.2634271752374755,True,
3880,-0.4294805536977362,True,,-0.4194483289759024,True,
3881,-0.33857205688315495,True,,-0.3735424913258076,True,
3882,-0.20706809730792222,True,,-0.20903370923128362,True,
3883,-0.4082462677479847,True,,-0.44446068045103626,True,
3884,-0.23160305610434115,True,,-0.28485759742643846,True,
3885,-0.3133917511584163,True,,-0.3416066431160251,True,
3886,-0.2850092751391271,True,,-0.2799341990129852,True,
3887,-0.30322531941797043,True,,-0.3465944476947176,True,
3888,-0.11349936805262988,True,,-0.16975078588326797,True,
3889,-0.2630201781311327,True,,-0.30901222764554925,True,
3890,-0.2494854400857397,True,,-0.287167058422341,True,
3891,-0.28260848304662056,True,,-0.30584541960469824,True,
3892,-0.46614275845512404,True,,-0.49398109814950003,True,
3893,-0.18196746950265874,True,,-0.22108617453862997,True,
3894,-0.2194423438932956,True,,-0.25857158946470804,True,
3895,-0.3953296762862904,True,,-0.43460318148638005,True,
3896,-0.28627379125535374,True,,-0.3160944550056114,True,
3897,-0.2775239749301518,True,,-0.3322132447330665,True,
3898,-0.2557879181407013,True,,-0.27904407923215857,True,
3899,-0.22190142916309025,True,,-0.2668111235826916,True,
3900,-0.3553667971662938,True,,-0.3964974832214765,True,
3901,-0.29806221573930575,True,,-0.3104405344354291,True,
3902,-0.3132595098513024,True,,-0.38383307768275515,True,
3903,-0.43218949557584224,True,,-0.41435251637927184,True,
3904,-0.4105813074261623,True,,-0.4294159429920033,True,
3905,-0.356553084735855,True,,-0.4353216260321017,True,
3906,-0.2304750979829844,True,,-0.23646560239620176,True,
3907,-0.29172649021928687,True,,-0.3795953243078561,True,
3908,-0.3425277062576962,True,,-0.3814545318855181,True,
3909,-0.2981150717075505,True,,-0.36851042808404216,True,
3910,-0.38668472406045123,True,,-0.44732063159838714,True,
3911,-0.3654026643506521,True,,-0.44702817039517,True,
3912,-0.20499108734402852,True,,-0.25169700570770087,True,
3913,-0.2857156338174372,True,,-0.33990129188725005,True,
3914,-0.13025456586062648,True,,-0.14479389858177738,True,
3915,-0.2869000128683567,True,,-0.33010552052502895,True,
3916,-0.30282666270636865,True,,-0.3346699339125269,True,
3917,-0.3331056379897031,True,,-0.3599736885380694,True,
3918,-0.20116199589883801,True,,-0.2121496924128503,True,
3919,-0.12547528517110265,True,,-0.18457098355398782,True,
3920,-0.143930918752622,True,,-0.21808138721857082,True,
3921,-0.26013956595976345,True,,-0.2832025933532949,True,
3922,-0.3804534556644202,True,,-0.4059013422438693,True,
3923,-0.2934049588050775,True,,-0.33226460319540035,True,
3924,-0.3863300841782114,True,,-0.37297498117966815,True,
3925,-0.16567989905852665,True,,-0.19908316472424015,True,
3926,-0.0750195073013042,True,,-0.07358052715315005,True,
3927,-0.17725510149016704,True,,-0.19771502578690534,True,
3928,-0.18256174191441746,True,,-0.18549254159266662,True,
3929,-0.15405572379148647,True,,-0.14504187893089723,True,
3930,0.02945840205898055,True,,0.03116359492904326,True,
3931,-0.1794346625628027,True,,-0.2511428959398905,True,
3932,-0.20978782089401166,True,,-0.2706706985335982,True,
3933,-0.18991341333738418,True,,-0.1867942680642058,True,
3934,-0.34581705348193764,True,,-0.3803633482777868,True,
3935,-0.31962533065437043,True,,-0.3676876599066218,True,
3936,-0.2126865671641791,True,,-0.27441456510550694,True,
3937,-0.21946438202713356,True,,-0.24001161681118532,True,
3938,-0.21654344665449934,True,,-0.2516472298697683,True,
3939,-0.1750944843412694,True,,-0.20645524442217644,True,
3940,-0.2918459630953249,True,,-0.3604769892786813,True,
3941,-0.1269599000971278,True,,-0.16061545102755037,True,
3942,-0.3595689495461002,True,,-0.41774223429877105,True,
3943,-0.2407003137243563,True,,-0.2932238430510778,True,
3944,-0.18307081437850062,True,,-0.1967445896552631,True,
3945,-0.38020983985905493,True,,-0.37384627521102315,True,
3946,-0.1469494838990691,True,,-0.16206278299449964,True,
3947,-0.13699259637477662,True,,-0.15261679857033444,True,
3948,-0.22406549348186205,True,,-0.226706359685977,True,
3949,-0.20494692488453123,True,,-0.22435378008265133,True,
3950,-0.23320853576281292,True,,-0.24880986128896665,True,
3951,-0.13467400063062748,True,,-0.14462390078127738,True,
3952,-0.21709012641943545,True,,-0.24779198931248608,True,
3953,-0.2500050641116535,True,,-0.24398889946725547,True,
3954,-0.31219828517904746,True,,-0.2959627254605279,True,
3955,-0.19414227578650806,True,,-0.19752699953044295,True,
3956,-0.22367714821003595,True,,-0.23066484378955895,True,
3957,-0.275333669181275,True,,-0.26741360949386866,True,
3958,-0.21654624497116973,True,,-0.25916843161297515,True,
3959,-0.0819581596560203,True,,-0.07998579900330041,True,
3960,-0.2061750146824398,True,,-0.2337947814413961,True,
3961,-0.3625567542273204,True,,-0.37525452452920866,True,
3962,-0.35200038422746266,True,,-0.3372076269151338,True,
3963,-0.18628296056577998,True,,-0.21225318956956563,True,
3964,-0.2181300493066969,True,,-0.28347106800311733,True,
3965,-0.09149742186677891,True,,-0.09681153320004209,True,
3966,-0.2335042735042735,True,,-0.23794871794871794,True,
3967,-0.4932342198838313,True,,-0.5146337146626764,True,
3968,-0.21054031813991475,True,,-0.24032494570832844,True,
3969,-0.20327760602695322,True,,-0.2389590899540775,True,
3970,-0.34679815910585143,True,,-0.3487442472057857,True,
3971,-0.5257217745090369,True,,-0.5474532509193334,True,
3972,-0.3684463501941588,True,,-0.37449246765074184,True,
3973,-0.2060812323675608,True,,-0.24224919021390295,True,
3974,-0.2520349340656622,True,,-0.26849996288874045,True,
3975,-0.22478088606075158,True,,-0.235538480009605,True,
3976,-0.12470019782566832,True,,-0.14868437177220287,True,
3977,-0.2834032642427953,True,,-0.3131884292857443,True,
3978,-0.33734056589942824,True,,-0.3592923813712554,True,
3979,-0.16139470013947002,True,,-0.16553895198246663,True,
3980,-0.2798386911990468,True,,-0.2754393602639599,True,
3981,-0.28047857637865525,True,,-0.28995770238730595,True,
3982,-0.32553783674969805,True,,-0.3258529241864617,True,
3983,-0.4444668075542585,True,,-0.4642246150749723,True,
3984,-0.37720796859330036,True,,-0.39818272530728877,True,
3985,-0.2130081696760133,True,,-0.26166096453313525,True,
3986,-0.3481661875659887,True,,-0.3670476351950184,True,
3987,-0.17136666348022814,True,,-0.1827900455660708,True,
3988,-0.5220345416587587,True,,-0.5527551084962359,True,
3989,-0.2528889941825265,True,,-0.28171312748427174,True,
3990,-0.15931796349663785,True,,-0.1803073967339097,True,
3991,-0.3484747001156914,True,,-0.3847896243073738,True,
3992,-0.3973327388070289,True,,-0.40094043251788647,True,
3993,-0.2817753766481856,True,,-0.3345620881867906,True,
3994,-0.2794443941314979,True,,-0.32286949827929723,True,
3995,-0.18312385152517457,True,,-0.2176699742741639,True,
3996,-0.09998008840747083,True,,-0.11302616383258333,True,
3997,-0.18557027030445616,True,,-0.21919073097307074,True,
3998,-0.1650365311210507,True,,-0.1952388906417228,True,
3999,-0.4251840979831465,True,,-0.4251334868537591,True,
4000,-0.3905906159099532,True,,-0.40361704818515237,True,
4001,0.01832694428398887,True,,0.016646536785170404,True,
4002,-0.39412459367657265,True,,-0.423586846686714,True,
4003,-0.2013231356214012,True,,-0.18833680452246354,True,
4004,-0.19606032625423206,True,,-0.20850860093704046,True,
4005,-0.3205172627150105,True,,-0.33301571587674794,True,
4006,-0.40644799943991317,True,,-0.40949347148808063,True,
4007,-0.17146455118750703,True,,-0.20555852275789752,True,
4008,-0.16498011377938882,True,,-0.22129923307993085,True,
4009,-0.24216366887556537,True,,-0.25581150731040286,True,
4010,-0.22073386416722013,True,,-0.2647030290366634,True,
4011,-0.32845207352271,True,,-0.33785001772241635,True,
4012,-0.4086879817216896,True,,-0.4902896475930184,True,
4013,-0.074037292257803,True,,-0.07588163761653831,True,
4014,-0.16504436886751886,True,,-0.2053086274969704,True,
4015,-0.2515718174747213,True,,-0.2838507907700285,True,
4016,-0.2389012127312349,True,,-0.26710381018459706,True,
4017,-0.4495156788704646,True,,-0.4871867584065909,True,
4018,-0.20522198694503263,True,,-0.2017919955200112,True,
4019,-0.2943239524093671,True,,-0.3729678385717939,True,
4020,-0.2447418738049713,True,,-0.30471973432625543,True,
4021,-0.3445171129424876,True,,-0.3792806796296839,True,
4022,-0.14363376936014857,True,,-0.15302388980558146,True,
4023,-0.37233132641253125,True,,-0.3851778556694115,True,
4024,-0.21157583291024,True,,-0.2252315341655141,True,
4025,-0.3313551092133862,True,,-0.3520570961725217,True,
4026,-0.2613194411100975,True,,-0.29892687376962596,True,
4027,-0.3589424842080918,True,,-0.41196282216215435,True,
4028,-0.21041003655874385,True,,-0.22563846295468293,True,
4029,-0.25993894051732813,True,,-0.29670882678565436,True,
4030,-0.22224623067319696,True,,-0.28638480745222317,True,
4031,-0.31868955390146336,True,,-0.3231859841004608,True,
4032,-0.23831357839459866,True,,-0.27259414853713426,True,
4033,-0.24736736613268784,True,,-0.28395442421252254,True,
4034,-0.24956065443924655,True,,-0.3045221652929383,True,
4035,-0.11099929556204086,True,,-0.13562107946731072,True,
4036,-0.17920358215809717,True,,-0.19622138451431012,True,
4037,-0.4690768441409796,True,,-0.4832853139677152,True,
4038,-0.22486931581625572,True,,-0.25455274398235955,True,
4039,-0.12253598217658442,True,,-0.14017437961099932,True,
4040,-0.29944050080238255,True,,-0.34629675143489136,True,
4041,-0.20259754282320822,True,,-0.21843885208351008,True,
4042,-0.1613557123165491,True,,-0.15450417578853481,True,
4043,-0.3702748133380243,True,,-0.402114850865877,True,
4044,-0.2900537082147155,True,,-0.33814652853187765,True,
4045,-0.4208042909008109,True,,-0.4539474516451405,True,
4046,-0.43045917469749984,True,,-0.45440506675528275,True,
4047,-0.08320920319912001,True,,-0.10429222907165937,True,
4048,-0.3212432744043044,True,,-0.3458877786318217,True,
4049,-0.3501793761424843,True,,-0.3591921719664904,True,
4050,-0.3220488062312481,True,,-0.3552769172131388,True,
4051,-0.11578200112656929,True,,-0.12936256240499394,True,
4052,-0.0953760152309967,True,,-0.110303202155024,True,
4053,-0.27074372409478376,True,,-0.3114295769140533,True,
4054,-0.330004596164292,True,,-0.3732921071324113,True,
4055,-0.30807270431649,True,,-0.2994186811163427,True,
4056,-0.28393749604605556,True,,-0.28507623204909216,True,
4057,-0.27593633450648736,True,,-0.27390520215019876,True,
4058,-0.2487870490464524,True,,-0.25013210356919824,True,
4059,-0.29007945347887426,True,,-0.3295586742902403,True,
4060,-0.18255607445898836,True,,-0.17016378346379005,True,
4061,-0.41904798046879943,True,,-0.4370106131329614,True,
4062,-0.10139845966761249,True,,-0.08532630725577625,True,
4063,-0.26920723060618273,True,,-0.31724209992088725,True,
4064,-0.1578671517318987,True,,-0.1917497803332768,True,
4065,-0.2566287648218938,True,,-0.30483796352657594,True,
4066,-0.21410592089452182,True,,-0.24385585448842004,True,
4067,-0.4110052167682904,True,,-0.4419923726220418,True,
4068,-0.4462115954212651,True,,-0.46515606213159466,True,
4069,-0.19606875877509203,True,,-0.24028889816466184,True,
4070,-0.34770752144333206,True,,-0.38688583371863705,True,
4071,-0.30301138421932927,True,,-0.33017319120401417,True,
4072,-0.24956772334293947,True,,-0.24399615754082613,True,
4073,-0.28781322330683307,True,,-0.29931904330616216,True,
4074,-0.19669230844419247,True,,-0.22505791392573332,True,
4075,-0.1799528832148897,True,,-0.2229836068778776,True,
4076,-0.23260336689423253,True,,-0.22644490812957074,True,
4077,-0.4313785508081408,True,,-0.4528769573332853,True,
4078,-0.3608298929764127,True,,-0.34187067764074786,True,
4079,-0.2621476791100096,True,,-0.3787948234788169,True,
4080,-0.3996702009862106,True,,-0.3887406298045901,True,
4081,-0.14263089977710866,True,,-0.1605208618464787,True,
4082,-0.3464801049409707,True,,-0.3726716222125055,True,
4083,-0.2755790625569943,True,,-0.34993616633229985,True,
4084,-0.393303534784458,True,,-0.431166098305363,True,
4085,-0.2754121751707827,True,,-0.29857412311992415,True,
4086,-0.12652202498356344,True,,-0.13522682445759368,True,
4087,-0.12353068748644545,True,,-0.19720957131497144,True,
4088,-0.2663061419251061,True,,-0.2953081766291137,True,
4089,-0.2549107107282594,True,,-0.2553728952673897,True,
4090,-0.23333253307084723,True,,-0.22776270616762298,True,
4091,-0.35183219122993276,True,,-0.4255380754753402,True,
4092,-0.11680041937448446,True,,-0.16037219485495346,True,
4093,-0.311625003001705,True,,-0.33535047907211296,True,
4094,-0.4997594303310239,True,,-0.5120284834488068,True,
4095,-0.30843172082332043,True,,-0.35201576189978656,True,
4096,-0.19200708233211078,True,,-0.22051346907803213,True,
4097,-0.40926427650787806,True,,-0.3957966173027856,True,
4098,-0.31151281557140104,True,,-0.3562844478704953,True,
4099,-0.3707723769073462,True,,-0.43929992600749246,True,
4100,-0.2789969302248403,True,,-0.29452211067783957,True,
4101,-0.21951219512195122,True,,-0.2239120038259206,True,
4102,-0.21073733620183846,True,,-0.22665753960492863,True,
4103,-0.347468746131947,True,,-0.3919915831167224,True,
4104,-0.32615021862734855,True,,-0.36438388873136446,True,
4105,-0.20931148900871008,True,,-0.2226254666113646,True,
4106,-0.204506888057659,True,,-0.24775111759875923,True,
4107,-0.12230177950931873,True,,-0.12738233126250395,True,
4108,-0.36688452586036846,True,,-0.37514301119103666,True,
4109,-0.2135095148206724,True,,-0.21284628335289016,True,
4110,-0.10441648672982383,True,,-0.10400216720979706,True,
4111,-0.17200870930173678,True,,-0.18879943288267761,True,
4112,-0.3009829018366905,True,,-0.3409557358330037,True,
4113,-0.3388783966082097,True,,-0.350749662748121,True,
4114,-0.37854014047277396,True,,-0.3927573446114342,True,
4115,-0.24734998688494236,True,,-0.26381324157936153,True,
4116,-0.2164962760790119,True,,-0.27385853726233983,True,
4117,-0.3023929366583096,True,,-0.3046640255688886,True,
4118,-0.23844614585906038,True,,-0.256500854347596,True,
4119,-0.44340654887339925,True,,-0.44541254660398766,True,
4120,-0.14517643376887568,True,,-0.15284406540959236,True,
4121,-0.3425203122510754,True,,-0.34436832881949975,True,
4122,-0.20837670498793304,True,,-0.23550230158913743,True,
4123,-0.19766890533378947,True,,-0.24811993974204313,True,
4124,-0.17340254837187352,True,,-0.21814063237376122,True,
4125,-0.23003961780470752,True,,-0.3199603821952925,True,
4126,-0.21779145137327602,True,,-0.21902733404330849,True,
4127,-0.2708040043797904,True,,-0.31968559361801974,True,
4128,-0.33638273957875187,True,,-0.3639055856912476,True,
4129,-0.22010775313894607,True,,-0.25750533755713306,True,
4130,-0.04198747561851966,True,,-0.037059850118057694,True,
4131,-0.11234501449521705,True,,-0.22226314248751144,True,
4132,-0.3764548046285427,True,,-0.3988596344122086,True,
4133,-0.21421599586610782,True,,-0.22910566304951102,True,
4134,-0.21233033983059496,True,,-0.19383355444433106,True,
4135,-0.2639992081755871,True,,-0.2832999282409126,True,
4136,-0.2345478732033354,True,,-0.29074332435676975,True,
4137,-0.24760063756909825,True,,-0.3596726240942336,True,
4138,-0.38179012736033996,True,,-0.41024700570402317,True,
4139,-0.23492713553825684,True,,-0.24584286135434677,True,
4140,-0.018081259306530525,True,,-0.023814588588041044,True,
4141,-0.33993672853033285,True,,-0.32988023045477366,True,
4142,-0.2935926191412121,True,,-0.3219414063403242,True,
4143,-0.12586333392364712,True,,-0.1640144711210059,True,
4144,-0.38337213381382146,True,,-0.38031061644927766,True,
4145,-0.2973869060010949,True,,-0.3104022576391941,True,
4146,-0.3239159320715582,True,,-0.36616055224267563,True,
4147,-0.2523479163717023,True,,-0.2919156165935155,True,
4148,-0.26097385061809153,True,,-0.27043392207182276,True,
4149,-0.1773900635620703,True,,-0.22648851991179142,True,
4150,-0.29148629148629146,True,,-0.35624644715553805,True,
4151,-0.15607175859541791,True,,-0.18232801198100881,True,
4152,-0.2418769338734888,True,,-0.27056046444862675,True,
4153,-0.3099983795170961,True,,-0.3152041808458921,True,
4154,-0.36471470102612413,True,,-0.35701623767992624,True,
4155,-0.044012925314775984,True,,-0.06459618520882082,True,
4156,-0.167240971144488,True,,-0.16818791593234605,True,
4157,-0.28257102347319224,True,,-0.290798018519491,True,
4158,-0.18470496307312279,True,,-0.19719708617951756,True,
4159,-0.1644970811246058,True,,-0.19308192981278938,True,
4160,-0.25255576427499365,True,,-0.3083436382000623,True,
4161,-0.30553462029236406,True,,-0.330562416518047,True,
4162,-0.3500728903617433,True,,-0.35260612916331424,True,
4163,-0.19045052388026346,True,,-0.1859019022703669,True,
4164,-0.32754121751707826,True,,-0.35785698230114443,True,
4165,-0.17097300837805868,True,,-0.21963809132768278,True,
4166,-0.3952114457205953,True,,-0.42331612574437766,True,
4167,-0.461281086124248,True,,-0.48277193321108003,True,
4168,-0.42946176935591046,True,,-0.46034873862933345,True,
4169,-0.19019199467945463,True,,-0.18522148520223322,True,
4170,-0.4436504755667211,True,,-0.4578637132327784,True,
4171,-0.333064696664428,True,,-0.37425565256324156,True,
4172,-0.23470753861762994,True,,-0.27164118173249524,True,
4173,-0.4006258913408286,True,,-0.42128736072405853,True,
4174,-0.2892990156306513,True,,-0.30357090489643107,True,
4175,-0.42397222239952004,True,,-0.4250189885940781,True,
4176,-0.13887224053541106,True,,-0.1703293044317917,True,
4177,0.005674030155238915,True,,0.0170699053265755,True,
4178,-0.14908025551126267,True,,-0.1514816771528745,True,
4179,-0.2459562765114436,True,,-0.31055097189204306,True,
4180,-0.2119556699876861,True,,-0.2692413896040897,True,
4181,-0.3580657069029162,True,,-0.3574616597872412,True,
4182,-0.2909361640808876,True,,-0.29871751765214466,True,
4183,-0.16461121775487128,True,,-0.15690657130084934,True,
4184,-0.21023212994015913,True,,-0.23080160452423226,True,
4185,-0.41396364401652064,True,,-0.4278536290216505,True,
4186,-0.35845737169841896,True,,-0.3456484332199048,True,
4187,-0.09474943413043733,True,,-0.1743816482343697,True,
4188,-0.42867261242248594,True,,-0.4626270218701667,True,
4189,-0.26295520190292804,True,,-0.30301485718600746,True,
4190,-0.16937513940668514,True,,-0.18698021221680527,True,
4191,-0.23104373939572564,True,,-0.23386358024199652,True,
4192,-0.09669863930403748,True,,-0.10405978139638634,True,
4193,-0.24515168860904407,True,,-0.2881053234115627,True,
4194,-0.24124380492477931,True,,-0.2703154478538402,True,
4195,-0.34106508875739644,True,,-0.3446153846153846,True,
4196,-0.25287592239652057,True,,-0.2825685383374872,True,
4197,-0.32742858023834853,True,,-0.3537455868522887,True,
4198,-0.1641524622869343,True,,-0.1732875993139897,True,
4199,-0.17249622674000467,True,,-0.17602131258800052,True,
4200,0.11209227504535031,True,,0.12270253619468117,True,
4201,-0.15256660788332302,True,,-0.23430723035127018,True,
4202,-0.2545490518952521,True,,-0.2501196699025408,True,
4203,-0.23322862639101954,True,,-0.28565514890301213,True,
4204,-0.15773802377236162,True,,-0.17617961339896746,True,
4205,-0.5052277819268111,True,,-0.5016181229773463,True,
4206,-0.3796871945259042,True,,-0.40021505376344085,True,
4207,-0.23432733775113074,True,,-0.2362732723256548,True,
4208,-0.23858260113932606,True,,-0.26864278587750634,True,
4209,-0.18666316618535048,True,,-0.1960444561127155,True,
4210,-0.3928322483067009,True,,-0.37405142368646016,True,
4211,-0.09741404256438586,True,,-0.10804198563649278,True,
4212,-0.21152652146918105,True,,-0.27807063464043535,True,
4213,-0.27712486088694405,True,,-0.33893475816178487,True,
4214,-0.4593630407991179,True,,-0.5046377375624311,True,
4215,-0.3573188714647541,True,,-0.391739294445016,True,
4216,-0.29162855065324983,True,,-0.3534585884174231,True,
4217,-0.06998510955115933,True,,-0.07430030084784392,True,
4218,-0.28972747635639623,True,,-0.2922473867595819,True,
4219,-0.30468394385535513,True,,-0.35135175470670316,True,
4220,-0.18377699145061943,True,,-0.2071509516871343,True,
4221,-0.2546230440967283,True,,-0.3322026479921217,True,
4222,-0.48203949465630924,True,,-0.48321393218462155,True,
4223,-0.13307984790874525,True,,-0.17237334688730976,True,
4224,-0.2332672839839323,True,,-0.23710688429541793,True,
4225,-0.3045648173820987,True,,-0.3378065686991153,True,
4226,-0.14773944991580343,True,,-0.15918252793794968,True,
4227,-0.30404201050262564,True,,-0.3352738184546136,True,
4228,-0.1945392491467577,True,,-0.19303404218079986,True,
4229,-0.22931576731631212,True,,-0.23527153859488373,True,
4230,-0.2541779070174824,True,,-0.2791577619731633,True,
4231,-0.1461621052205093,True,,-0.1720519417377388,True,
4232,-0.4365356942048736,True,,-0.47577025339978846,True,
4233,-0.3756764674139287,True,,-0.38466519681154504,True,
4234,-0.27565079262164877,True,,-0.3073556585729568,True,
4235,-0.4151260929532197,True,,-0.4407622518316061,True,
4236,-0.33870205353547733,True,,-0.3210903170462702,True,
4237,-0.354985375317848,True,,-0.3845385018642183,True,
4238,-0.48569864771772875,True,,-0.5120082288216365,True,
4239,-0.2634331683748857,True,,-0.33438093674508057,True,
4240,-0.33965973316372994,True,,-0.3929113484916379,True,
4241,-0.4531461804189077,True,,-0.502077047531593,True,
4242,-0.21720213423710183,True,,-0.2551695710916211,True,
4243,-0.3053718823230891,True,,-0.33497022254727826,True,
4244,-0.4877888908595973,True,,-0.5082242803272747,True,
4245,-0.3794529081950501,True,,-0.40529723811141943,True,
4246,-0.2791691524722097,True,,-0.34099570209294683,True,
4247,-0.37757248498254287,True,,-0.4245006831045475,True,
4248,-0.44519939497250965,True,,-0.43338695349451395,True,
4249,-0.3459430711956899,True,,-0.36430272620066134,True,
4250,-0.18932512029201926,True,,-0.1920628007300481,True,
4251,-0.4030751999610426,True,,-0.4395734164424587,True,
4252,-0.09549533461315238,True,,-0.10563609344804933,True,
4253,-0.2742280967556554,True,,-0.31918768238709727,True,
4254,-0.26426738129387783,True,,-0.30714501396542615,True,
4255,-0.25042226143408475,True,,-0.29648886079054887,True,
4256,-0.14503841127155653,True,,-0.15268878900895733,True,
4257,-0.2974571978522946,True,,-0.29747745922398944,True,
4258,-0.10739932135623537,True,,-0.13254596627824394,True,
4259,-0.11773408998783948,True,,-0.15573571139035267,True,
4260,-0.33280105335406424,True,,-0.3927105657575885,True,
4261,-0.01639908915210777,True,,-0.029398444924957103,True,
4262,-0.08023174971031286,True,,-0.09589803012746234,True,
4263,-0.304871632996633,True,,-0.3029250841750842,True,
4264,-0.22838434837488167,True,,-0.22422951509414116,True,
4265,-0.22044578153862737,True,,-0.2785571142284569,True,
4266,-0.005463715326421967,True,,-0.004097786494816475,True,
4267,-0.3366483505003865,True,,-0.4259030984267597,True,
4268,-0.269597143724433,True,,-0.33783842384469726,True,
4269,-0.33452009519616666,True,,-0.3327718546025305,True,
4270,-0.30757922806057914,True,,-0.3069638644832655,True,
4271,-0.19617740471869327,True,,-0.23451678765880218,True,
4272,-0.27715659266461407,True,,-0.3160001680500789,True,
4273,-0.23231336063250688,True,,-0.27077978558095445,True,
4274,-0.45955123044071833,True,,-0.4497497112052368,True,
4275,-0.39721905630271254,True,,-0.42907681787098245,True,
4276,-0.230704371513815,True,,-0.2855753015955377,True,
4277,-0.49052678564311847,True,,-0.49105285392040426,True,
4278,-0.10871206401932659,True,,-0.1642193869847501,True,
4279,-0.3498090203121443,True,,-0.3854754255938077,True,
4280,-0.2903824730783513,True,,-0.31196930313157567,True,
4281,-0.2214163122155063,True,,-0.26930826057756885,True,
4282,-0.2908791069389826,True,,-0.3235779152457634,True,
4283,-0.3718920780272547,True,,-0.37318020367689725,True,
4284,-0.06026380348551948,True,,-0.06760760824545194,True,
4285,-0.5570391835223683,True,,-0.5328614375163557,True,
4286,-0.13099834797994114,True,,-0.15445898786889412,True,
4287,-0.35095151945404995,True,,-0.3727986809260998,True,
4288,-0.14210478341452545,True,,-0.16246189371765396,True,
4289,-0.2687085199690439,True,,-0.35236040430571514,True,
4290,-0.1305282705370669,True,,-0.16229291892684358,True,
4291,-0.14761788077151958,True,,-0.1640354254909511,True,
4292,-0.15848234638569475,True,,-0.16306164834608175,True,
4293,-0.13572124115061715,True,,-0.13266836855541228,True,
4294,-0.17113187852532846,True,,-0.23250628494700062,True,
4295,-0.2895885942760943,True,,-0.28708964646464646,True,
4296,-0.02672463591864036,True,,-0.022893800735763584,True,
4297,-0.4073689935619332,True,,-0.4201186425671317,True,
4298,-0.13124912477244083,True,,-0.125227559165383,True,
4299,-0.325227657683342,True,,-0.35316708313069145,True,
4300,-0.3128038121692488,True,,-0.3684378566924483,True,
4301,-0.1141346391571694,True,,-0.10030545431344558,True,
4302,-0.22084066471163247,True,,-0.25796676441837735,True,
4303,-0.3181077002542107,True,,-0.3276887083869269,True,
4304,-0.18494194910284978,True,,-0.21834564716000157,True,
4305,-0.24749997556183345,True,,-0.26925971905883733,True,
4306,0.006444654882154882,True,,-0.008443813131313132,True,
4307,-0.10486839276002075,True,,-0.1283439369600688,True,
4308,-0.3465037240581387,True,,-0.40686962180924147,True,
4309,-0.37456149143028966,True,,-0.4076992467290152,True,
4310,-0.23619693713057496,True,,-0.31730252552391186,True,
4311,-0.13395773294908742,True,,-0.15139289145052834,True,
4312,-0.31391292681290667,True,,-0.3388005634936607,True,
4313,-0.25281954887218044,True,,-0.30009560539279234,True,
4314,-0.2798661712429024,True,,-0.32104425034985284,True,
4315,-0.2899860801314841,True,,-0.33164506012376943,True,
4316,-0.25495809246369944,True,,-0.2903892386083573,True,
4317,-0.3203334593708925,True,,-0.3661751201858154,True,
4318,-0.1951901456642878,True,,-0.23140091895590967,True,
4319,-0.3700834739981964,True,,-0.39689072845129914,True,
4320,-0.16475619322351273,True,,-0.1968167210708773,True,
4321,-0.19324313756158598,True,,-0.22176820208023773,True,
4322,-0.49739784984963353,True,,-0.5229811576716908,True,
4323,-0.2757750809786097,True,,-0.31901840490797545,True,
4324,-0.2283385327563651,True,,-0.26604273590285465,True,
4325,-0.17072643542896254,True,,-0.2006748602546937,True,
4326,-0.3469192631830554,True,,-0.37537106860046415,True,
4327,-0.2779403870889332,True,,-0.29448940113635214,True,
4328,-0.19504249404605448,True,,-0.21019219893744973,True,
4329,-0.3471240516179236,True,,-0.3690422151611439,True,
4330,-0.36207319208544914,True,,-0.38504640168096654,True,
4331,-0.4983060965599582,True,,-0.5188717259905977,True,
4332,-0.5089567259308957,True,,-0.5292519288829252,True,
4333,-0.3681391712275215,True,,-0.389972634870993,True,
4334,-0.271740936592804,True,,-0.2924237833188345,True,
4335,-0.32217327459618206,True,,-0.3229429338194339,True,
4336,-0.27506651729449655,True,,-0.2881949306819773,True,
4337,-0.052154447905298294,True,,-0.06313181604543898,True,
4338,-0.05131304637269844,True,,-0.023598044883586484,True,
4339,-0.2502504816955684,True,,-0.2645086705202312,True,
4340,-0.35075224987977743,True,,-0.3761249398887082,True,
4341,-0.27871876572195203,True,,-0.2947845044440718,True,
4342,-0.16241754138488984,True,,-0.16010455130066797,True,
4343,-0.442751983684395,True,,-0.4333035913450814,True,
4344,-0.1696394871732434,True,,-0.20650651991282432,True,
4345,-0.3707896434398755,True,,-0.39029357078711374,True,
4346,-0.2955873807977578,True,,-0.31119048432853674,True,
4347,-0.35900163085868253,True,,-0.35979173630737127,True,
4348,-0.39235203727084983,True,,-0.36306779810317996,True,
4349,-0.2149867062871442,True,,-0.25914920237722866,True,
4350,-0.2992428331302913,True,,-0.31184171974031183,True,
4351,-0.2282617274855955,True,,-0.23965376621326528,True,
4352,-0.5065484956869346,True,,-0.49750157795076794,True,
4353,-0.09599074549492426,True,,-0.13780923099764308,True,
4354,-0.23758205896861836,True,,-0.2769956614680176,True,
4355,-0.23821924113894916,True,,-0.25384362464654436,True,
4356,-0.4627967341545141,True,,-0.5203549011279437,True,
4357,-0.3710374765880726,True,,-0.36865689929807977,True,
4358,-0.06686516993816657,True,,-0.050047723783043535,True,
4359,-0.18828991814581936,True,,-0.21351669344533988,True,
4360,-0.19138979878334114,True,,-0.23578140611364756,True,
4361,-0.11154372303483111,True,,-0.13732505524571187,True,
4362,-0.23905013192612137,True,,-0.32327176781002637,True,
4363,-0.4007163559504373,True,,-0.45820202250319575,True,
4364,-0.31987881157154024,True,,-0.32853792025019546,True,
4365,-0.3176167886146177,True,,-0.35524644206802286,True,
4366,-0.3553748313740605,True,,-0.3685873964154943,True,
4367,-0.13714922500253268,True,,-0.1693242832539763,True,
4368,-0.34832139321846217,True,,-0.378823213596631,True,
4369,-0.0655345708032747,True,,-0.056800680878657694,True,
4370,-0.14734266793111417,True,,-0.15878644916044404,True,
4371,-0.2591462612766629,True,,-0.27087662081481284,True,
4372,-0.15791908549597816,True,,-0.20177886552552643,True,
4373,-0.21028692589172737,True,,-0.21623747477856434,True,
4374,-0.18867599487012615,True,,-0.21354695046864333,True,
4375,-0.3802752435441472,True,,-0.3976557909386114,True,
4376,-0.4458497708706914,True,,-0.4474118350268978,True,
4377,-0.40025484921421495,True,,-0.43931285100759826,True,
4378,0.04460878490407137,True,,0.05450430297128721,True,
4379,-0.3030756593038316,True,,-0.3073089114998312,True,
4380,-0.5879121602929747,True,,-0.5546890437486003,True,
4381,-0.24405995250986856,True,,-0.27036605715956585,True,
4382,-0.40514167761306064,True,,-0.4680052542690936,True,
4383,-0.24468340818521095,True,,-0.2766145866278702,True,
4384,-0.1884684822619025,True,,-0.17146083328548736,True,
4385,-0.32983380012410485,True,,-0.3631073171549801,True,
4386,-0.29356443870917287,True,,-0.31237352259729595,True,
4387,-0.3268083123093914,True,,-0.2940818869874464,True,
4388,-0.44990519062080875,True,,-0.46385681471318235,True,
4389,-0.3323299902616702,True,,-0.35484197346621305,True,
4390,-0.16458918750150106,True,,-0.17770252419722843,True,
4391,-0.327347633334826,True,,-0.35551475527293896,True,
4392,-0.3735673380041776,True,,-0.3969369744336794,True,
4393,-0.3580364692873095,True,,-0.4109986051184204,True,
4394,-0.15618164141618732,True,,-0.17817791460746982,True,
4395,-0.20526181787320716,True,,-0.30902712948032474,True,
4396,-0.03274451977744672,True,,-0.052182461260932574,True,
4397,-0.1952225588440923,True,,-0.24885807504078303,True,
4398,-0.25032147005143524,True,,-0.25926041148166584,True,
4399,-0.07809049805474746,True,,-0.09140934422207424,True,
4400,-0.2598543251648719,True,,-0.26236665890004357,True,
4401,-0.366512653329268,True,,-0.4201515115979079,True,
4402,-0.225104666017379,True,,-0.2422053857148278,True,
4403,-0.291606947969126,True,,-0.2940000788944261,True,
4404,-0.26507247025808667,True,,-0.32313823832340693,True,
4405,-0.366547910636087,True,,-0.3913753432791509,True,
4406,-0.2280907866352026,True,,-0.230075858087647,True,
4407,-0.23807022152175816,True,,-0.23344715874266703,True,
4408,-0.14678307977541385,True,,-0.16045811363427173,True,
4409,-0.4774323349656455,True,,-0.47381341026711715,True,
4410,-0.3502912997875847,True,,-0.43388244004336446,True,
4411,-0.2859746835443038,True,,-0.29770126582278483,True,
4412,-0.29557664487703567,True,,-0.3265143193291435,True,
4413,-0.11555488097948445,True,,-0.15248792087222687,True,
4414,-0.1866010550151168,True,,-0.22553794385902773,True,
4415,-0.28632330380751947,True,,-0.32129173508483855,True,
4416,-0.3645602347679213,True,,-0.4153448389744945,True,
4417,-0.09432975555002839,True,,-0.11681685703535054,True,
4418,-0.28426029001431274,True,,-0.3415258280443551,True,
4419,-0.07971683594952293,True,,-0.08306829451797135,True,
4420,-0.37968651209315935,True,,-0.42496390453811966,True,
4421,-0.39687989848473537,True,,-0.43633649324475626,True,
4422,-0.3930785022973898,True,,-0.409678365431616,True,
4423,-0.07411796882122344,True,,-0.08114788140314624,True,
4424,-0.22934169042270006,True,,-0.2658347335233816,True,
4425,-0.6324980314048821,True,,-0.6754828848024457,True,
4426,-0.3721691373911986,True,,-0.348417756791537,True,
4427,-0.16542037342543056,True,,-0.19431381920782004,True,
4428,-0.29143002375389787,True,,-0.3308047977008573,True,
4429,-0.40723697971135747,True,,-0.46747542355155824,True,
4430,-0.23340533883311992,True,,-0.2520355400901209,True,
4431,-0.3058683027778031,True,,-0.3680976561431658,True,
4432,-0.1456324151807396,True,,-0.18772404542195703,True,
4433,-0.32395377038631923,True,,-0.34907318038953644,True,
4434,-0.26335027365129005,True,,-0.2754495699765442,True,
4435,-0.32627415864487724,True,,-0.36927094992910975,True,
4436,-0.3957638062016804,True,,-0.4196112629760687,True,
4437,-0.17179557362946743,True,,-0.19723156330648314,True,
4438,-0.0846480801095022,True,,-0.09771150013207502,True,
4439,-0.3246821906615721,True,,-0.3584697089851729,True,
4440,-0.2691777135822936,True,,-0.307010435546428,True,
4441,-0.3368673050615595,True,,-0.33714090287277704,True,
4442,-0.37020307035364036,True,,-0.3717167371716737,True,
4443,-0.25230384832079955,True,,-0.31261298777649854,True,
4444,-0.04888795359787455,True,,-0.03723481211611054,True,
4445,-0.25460820941682955,True,,-0.27558947967439446,True,
4446,-0.26432962286094036,True,,-0.30203375585156805,True,
4447,-0.25908780450785457,True,,-0.2808681794035061,True,
4448,-0.3152613085172096,True,,-0.3161321681366642,True,
4449,-0.32509378084896345,True,,-0.3516288252714709,True,
4450,-0.24440871369294606,True,,-0.2667323651452282,True,
4451,-0.18827890734719183,True,,-0.21365942533243923,True,
4452,-0.29986020275488556,True,,-0.31104398236403985,True,
4453,-0.2380374150950556,True,,-0.2707977586359554,True,
4454,-0.25090176834573164,True,,-0.28427452858776725,True,
4455,-0.40735498117373947,True,,-0.42875746680633015,True,
4456,-0.25122913969786437,True,,-0.26713302766919406,True,
4457,-0.5896738737435824,True,,-0.6224021982789789,True,
4458,-0.2112068690554411,True,,-0.2330107616052462,True,
4459,-0.290589781370714,True,,-0.3031420493011031,True,
4460,-0.35555390592136193,True,,-0.3848514092000099,True,
4461,-0.22910450897171913,True,,-0.3136249667325013,True,
4462,-0.19399774789022864,True,,-0.2268684287106039,True,
4463,-0.1736494345319112,True,,-0.2175134252270534,True,
4464,-0.4481821690467001,True,,-0.5150598224623697,True,
4465,-0.3227822615942156,True,,-0.3274041912498468,True,
4466,-0.25273299536291777,True,,-0.2410081449268398,True,
4467,-0.22149545073714227,True,,-0.27380339933071696,True,
4468,-0.2741487918008548,True,,-0.2991229669239027,True,
4469,-0.08654859366134393,True,,-0.1036718813325768,True,
4470,-0.33592909003458465,True,,-0.360665124481803,True,
4471,-0.24484797506246753,True,,-0.2734964498651691,True,
4472,-0.25751274834066257,True,,-0.3443433204667797,True,
4473,-0.186892182821509,True,,-0.22698027764717527,True,
4474,-0.2571116433463591,True,,-0.2993343057631473,True,
4475,-0.11549031305317307,True,,-0.11895238188379575,True,
4476,-0.17292268206608918,True,,-0.2310668251901338,True,
4477,-0.27911841232590173,True,,-0.2756874649252589,True,
4478,-0.18613541921290638,True,,-0.23340014666340747,True,
4479,-0.43231201978441036,True,,-0.4765060127239433,True,
4480,-0.29439563132285507,True,,-0.28658942136031085,True,
4481,-0.31675269826372593,True,,-0.34625762552792116,True,
4482,-0.11907905675694179,True,,-0.14765803037860784,True,
4483,-0.4706563460153351,True,,-0.529261599336269,True,
4484,-0.09119444245277758,True,,-0.08952144228547756,True,
4485,-0.35729352588025315,True,,-0.35356157715398345,True,
4486,-0.22495093539889707,True,,-0.28882819554202394,True,
4487,-0.39698871626024623,True,,-0.4459453500507107,True,
4488,-0.30970422879491566,True,,-0.3663554143241261,True,
4489,-0.5077668973876431,True,,-0.5076074128416956,True,
4490,-0.248868778280543,True,,-0.26960702872277004,True,
4491,-0.23854964774076187,True,,-0.2806665947245903,True,
4492,-0.29294719688956233,True,,-0.3305030637430077,True,
4493,-0.1569192814740575,True,,-0.1786138308534423,True,
4494,-0.16721709752116312,True,,-0.17483455440407952,True,
4495,-0.09551277965453503,True,,-0.10242845305628147,True,
4496,-0.26334939294661786,True,,-0.3031566775872037,True,
4497,-0.3412717034256218,True,,-0.35462615360550603,True,
4498,-0.34909440895966404,True,,-0.3472044798320063,True,
4499,-0.2794093048818371,True,,-0.26742972751240573,True,
4500,-0.1224507105240838,True,,-0.17016338584194984,True,
4501,-0.3664159841942577,True,,-0.3626238806921386,True,
4502,-0.09121793986830812,True,,-0.14212999921969255,True,
4503,-0.4052765821775865,True,,-0.36591742388012116,True,
4504,-0.3666031373698871,True,,-0.3907442701461174,True,
4505,-0.32594615411546407,True,,-0.32100969786086897,True,
4506,-0.5824835981345349,True,,-0.5825626432693067,True,
4507,-0.22057830240262455,True,,-0.27879450644881154,True,
4508,0.04464778922592886,True,,0.0316305209309028,True,
4509,-0.15255695113775788,True,,-0.19758661252988274,True,
4510,-0.2777652696921939,True,,-0.3414814576565566,True,
4511,-0.21652107539648885,True,,-0.2513241995050154,True,
4512,-0.2697142769055272,True,,-0.2802121149058509,True,
4513,-0.13042031885562785,True,,-0.18360660695474226,True,
4514,-0.2594629949519513,True,,-0.2791520619853422,True,
4515,-0.4417073516601503,True,,-0.44201122298077505,True,
4516,-0.19588253695159147,True,,-0.22352780167357472,True,
4517,-0.37780344010210903,True,,-0.3748252598310339,True,
4518,-0.1078648136449779,True,,-0.1445304274584123,True,
4519,-0.24760840238967047,True,,-0.26811331663133553,True,
4520,-0.19482144952477803,True,,-0.2357140063362929,True,
4521,-0.23659312384772788,True,,-0.21288924005753762,True,
4522,-0.16555095287201627,True,,-0.22129585933266915,True,
4523,0.021966169468339777,True,,0.019361797279877937,True,
4524,-0.4307762282507304,True,,-0.428756446726335,True,
4525,-0.25168312251183966,True,,-0.3004297593104372,True,
4526,-0.3593400663017501,True,,-0.36610901241230437,True,
4527,-0.49251770747035073,True,,-0.5199838785517565,True,
4528,-0.4192121226135146,True,,-0.4458806391194765,True,
4529,-0.2512146118721461,True,,-0.30732420091324203,True,
4530,-0.26317306306739036,True,,-0.28199000912627886,True,
4531,-0.38835394405090645,True,,-0.397958938648097,True,
4532,-0.4578323015590056,True,,-0.4786082390691343,True,
4533,-0.3414649209486166,True,,-0.36904026679841895,True,
4534,-0.23626974951830443,True,,-0.26141040462427745,True,
4535,-0.06786522584552612,True,,-0.08738962736285104,True,
4536,-0.24758437193670355,True,,-0.2440134434953088,True,
4537,-0.3759877272229189,True,,-0.42157232780977194,True,
4538,-0.4225532102410435,True,,-0.4958092803948354,True,
4539,-0.3010396630225707,True,,-0.3355895887609262,True,
4540,-0.19223521306559138,True,,-0.20704747624161618,True,
4541,-0.42698872628990236,True,,-0.4589593123767318,True,
4542,-0.336364254919062,True,,-0.3435518689652186,True,
4543,-0.39892577664083373,True,,-0.4434994383454317,True,
4544,-0.2517864113246927,True,,-0.24112768957468672,True,
4545,-0.3004133561050469,True,,-0.31707135961981137,True,
4546,-0.3724468666158491,True,,-0.41555378160843653,True,
4547,-0.22791104885309052,True,,-0.24426545263526528,True,
4548,-0.32472594095667023,True,,-0.36391081636188166,True,
4549,-0.33514533847499917,True,,-0.36989208982792704,True,
4550,-0.521996644869732,True,,-0.4768735663665309,True,
4551,-0.35998970630810306,True,,-0.3883295268118506,True,
4552,-0.40752182672934856,True,,-0.4276845011566301,True,
4553,-0.16574407826982493,True,,-0.21125128733264675,True,
4554,-0.3582440804956534,True,,-0.3991883194851352,True,
4555,-0.22107487632678546,True,,-0.23164113154987753,True,
4556,-0.30792968255975717,True,,-0.33238902238522827,True,
4557,-0.12923637123371487,True,,-0.18734796818337834,True,
4558,-0.06060606060606061,True,,-0.0903303872053872,True,
4559,-0.38935574229691877,True,,-0.41790368842147635,True,
4560,-0.3215964965444432,True,,-0.3404627611218096,True,
4561,0.01902705552007623,True,,0.016898295978671856,True,
4562,-0.16202096142206365,True,,-0.173027300818706,True,
4563,-0.05021437777836231,True,,-0.046873766998974144,True,
4564,-0.20373027259684362,True,,-0.28488635505550103,True,
4565,-0.279900357457495,True,,-0.2835660688789201,True,
4566,-0.10654987256575854,True,,-0.14480488951574988,True,
4567,-0.32161486724476274,True,,-0.3384545713758575,True,
4568,-0.24941913534146543,True,,-0.23165090034022073,True,
4569,-0.22647972494562063,True,,-0.2185827555192672,True,
4570,-0.06959454668840968,True,,-0.08778575697110272,True,
4571,-0.22063174826098178,True,,-0.26954632480479185,True,
4572,-0.3164138847627238,True,,-0.3366038620905324,True,
4573,-0.282659264616768,True,,-0.31155071642199506,True,
4574,-0.329632668822706,True,,-0.36979292368586186,True,
4575,-0.2955736294674279,True,,-0.3482052084147963,True,
4576,-0.6731330154173805,True,,-0.6777474265783909,True,
4577,-0.5521708427691334,True,,-0.5798086054496311,True,
4578,-0.16000519637985536,True,,-0.1957859833839568,True,
4579,-0.2718133369446591,True,,-0.2681170388190965,True,
4580,-0.26483585858585856,True,,-0.273805765993266,True,
4581,-0.4451293809761046,True,,-0.46534534606635014,True,
4582,-0.30208099152550655,True,,-0.320926231831644,True,
4583,-0.6225600486470052,True,,-0.5985811290159117,True,
4584,-0.36429869565916656,True,,-0.39749425028547536,True,
4585,-0.2703200189329196,True,,-0.2838360198795656,True,
4586,-0.2441520829723508,True,,-0.2619619297507364,True,
4587,-0.3968907123117566,True,,-0.4221399788169124,True,
4588,-0.2676102657508949,True,,-0.29090932088693255,True,
4589,-0.10235066393710321,True,,-0.12129298465018838,True,
4590,-0.30644532820395465,True,,-0.32521044265630894,True,
4591,-0.2678643228203355,True,,-0.34245782202422115,True,
4592,-0.557584202181329,True,,-0.5498486522846298,True,
4593,-0.318486228478192,True,,-0.37413243065533447,True,
4594,-0.1301361677037934,True,,-0.14615121068944362,True,
4595,-0.10813548334818897,True,,-0.10683899197795965,True,
4596,-0.11248783310972563,True,,-0.12453634283008444,True,
4597,-0.30313809267017877,True,,-0.3050773634214129,True,
4598,-0.05642223200556375,True,,-0.06188388875064602,True,
4599,-0.3464381924611614,True,,-0.3606975754997873,True,
4600,-0.36189800077862,True,,-0.3883710811367852,True,
4601,-0.2740417975482552,True,,-0.3071843732979176,True,
4602,-0.05222739149831113,True,,-0.06822382257344975,True,
4603,-0.18427906242601216,True,,-0.19230263330965722,True,
4604,-0.32340380845701483,True,,-0.30632175861103333,True,
4605,-0.37004042914398727,True,,-0.3812765808495371,True,
4606,-0.20615745491863363,True,,-0.2395054488589161,True,
4607,-0.4866800829651562,True,,-0.5218091955618268,True,
4608,-0.16351529900047027,True,,-0.2175152840709748,True,
4609,-0.32010133718101436,True,,-0.3487240575138835,True,
4610,-0.16931209973304578,True,,-0.16636639795904948,True,
4611,0.06077599803722267,True,,0.07363919946724615,True,
4612,-0.09917211485930755,True,,-0.17720584262377753,True,
4613,-0.11864674313374723,True,,-0.14669051878354203,True,
4614,-0.4078821416524601,True,,-0.44225141533945356,True,
4615,-0.1526741620258485,True,,-0.15897866974887045,True,
4616,-0.23135986536767508,True,,-0.2336738584519912,True,
4617,-0.10992942924353101,True,,-0.1242664355577566,True,
4618,-0.2737330550546088,True,,-0.2928005511539786,True,
4619,-0.2527324701530183,True,,-0.23433183597972568,True,
4620,-0.2975929978118162,True,,-0.30203774617067836,True,
4621,-0.1728882224502144,True,,-0.17762344461105412,True,
4622,-0.10761410788381742,True,,-0.13491701244813278,True,
4623,-0.11224217257870256,True,,-0.14243815417487665,True,
4624,-0.17649322504202702,True,,-0.17691855872642942,True,
4625,-0.1576601783652707,True,,-0.2070660475808769,True,
4626,-0.27949278885107764,True,,-0.291848970993356,True,
4627,-0.14678862533563866,True,,-0.1492586070896444,True,
4628,-0.021201162873147557,True,,-0.027035787725002786,True,
4629,-0.16105385274980244,True,,-0.14783866032247758,True,
4630,-0.13866333043803938,True,,-0.14151612466232638,True,
4631,-0.2691524599629258,True,,-0.2845493866553216,True,
4632,-0.2877202452095462,True,,-0.3298222616339592,True,
4633,-0.2626856905612994,True,,-0.2699563557562808,True,
4634,-0.4189000815338892,True,,-0.42245075090081796,True,
4635,-0.2858590896658247,True,,-0.30854504207359257,True,
4636,-0.34522469199343775,True,,-0.38652813072988706,True,
4637,-0.10151973494670125,True,,-0.1651781427062326,True,
4638,-0.2252510298661174,True,,-0.257563079299691,True,
4639,-0.24743928662263293,True,,-0.27993279331632615,True,
4640,-0.2412923561859732,True,,-0.2508186673671307,True,
4641,-0.29700113233736347,True,,-0.3467996249893463,True,
4642,-0.45661574484959494,True,,-0.503314009479389,True,
4643,-0.29132857561834,True,,-0.30962948479812297,True,
4644,-0.2775838593885382,True,,-0.2971283574699839,True,
4645,-0.43230698049282845,True,,-0.46424680228653303,True,
4646,-0.25100200400801603,True,,-0.3190567180873375,True,
4647,-0.3120910120933244,True,,-0.3277529847927795,True,
4648,-0.13819970934813441,True,,-0.16736995079929262,True,
4649,-0.16310635165147888,True,,-0.19715669716597686,True,
4650,-0.23813526192337764,True,,-0.2772478498827209,True,
4651,-0.14580319330825683,True,,-0.13630744140779125,True,
4652,-0.23180071201261604,True,,-0.2529722277307195,True,
4653,-0.26472677523744376,True,,-0.28132810650109186,True,
4654,-0.07182362396061408,True,,-0.09004847303608267,True,
4655,-0.23163704491366652,True,,-0.23416881867436326,True,
4656,-0.3207157439654137,True,,-0.32868980425123095,True,
4657,-0.23702343224815134,True,,-0.2545856141361759,True,
4658,-0.3532512871147472,True,,-0.42418365187954016,True,
4659,-0.23484492190400752,True,,-0.2863560979232159,True,
4660,-0.19725909139958994,True,,-0.2223095777644175,True,
4661,-0.19289980157760467,True,,-0.22378722863538175,True,
4662,-0.14439882080437988,True,,-0.14895241103390186,True,
4663,-0.5230892709781712,True,,-0.6014062694294661,True,
4664,-0.15004850384299678,True,,-0.22235654055667486,True,
4665,-0.2973505202298257,True,,-0.32418753489712476,True,
4666,-0.48319950274286455,True,,-0.5185278875967592,True,
4667,-0.4031502767134951,True,,-0.3894869143911289,True,
4668,-0.0689522342064715,True,,-0.07501050567306346,True,
4669,-0.3063794013568203,True,,-0.31918512580891123,True,
4670,-0.32727686463967515,True,,-0.31288837543104203,True,
4671,-0.16912439907092314,True,,-0.21977949428929822,True,
4672,-0.2724172605255104,True,,-0.3245311065448345,True,
4673,-0.14766120373559144,True,,-0.14527074934667666,True,
4674,-0.16695898704980658,True,,-0.16162514115470555,True,
4675,-0.14237573715248525,True,,-0.1365838247683235,True,
4676,-0.23944457044933343,True,,-0.2666918676444646,True,
4677,-0.4969775189843023,True,,-0.5412432091724946,True,
4678,-0.3072693309479334,True,,-0.29698229366728934,True,
4679,-0.13656509908812714,True,,-0.17764948008602283,True,
4680,-0.26928216168064734,True,,-0.29635265879791156,True,
4681,-0.2665188470066519,True,,-0.3107515214417135,True,
4682,-0.32275038579270915,True,,-0.33638594449644565,True,
4683,-0.18333343964686896,True,,-0.1702696323890565,True,
4684,-0.2373953070179725,True,,-0.2621404767256629,True,
4685,-0.25408313486099227,True,,-0.2767899122097101,True,
4686,-0.36048483573691614,True,,-0.3574086003128821,True,
4687,-0.16751571170981916,True,,-0.17311765838628923,True,
4688,-0.5760636669727579,True,,-0.6213214395032577,True,
4689,-0.2693049954227182,True,,-0.2981418709948784,True,
4690,-0.1789642441479563,True,,-0.203459199482045,True,
4691,-0.12426532325776658,True,,-0.1929471032745592,True,
4692,-0.2007297407634211,True,,-0.20680240865482752,True,
4693,-0.3319337811900192,True,,-0.413787587971849,True,
4694,-0.3374323298140754,True,,-0.3678759522818019,True,
4695,-0.4094583263457991,True,,-0.43692772094583265,True,
4696,-0.2496082615768031,True,,-0.28405139608112345,True,
4697,-0.17201120183015817,True,,-0.18841951642803614,True,
4698,-0.309337190438029,True,,-0.3216121655167022,True,
4699,-0.2020967431104259,True,,-0.22380420119483524,True,
4700,-0.4185928272517502,True,,-0.43767843873440493,True,
4701,-0.3415651181970233,True,,-0.34847118489914525,True,
4702,-0.35478816278410363,True,,-0.3984240922861108,True,
4703,-0.3749130242267063,True,,-0.38083370232146246,True,
4704,-0.10679023038281656,True,,-0.13211749276187176,True,
4705,-0.3095099552204822,True,,-0.3065499531965492,True,
4706,-0.14489255455336114,True,,-0.1803852205099139,True,
4707,-0.1935373901185867,True,,-0.2503956948401393,True,
4708,-0.3544206203230114,True,,-0.36816750233062057,True,
4709,-0.20176048767532156,True,,-0.2327966712618093,True,
4710,-0.3036611629576454,True,,-0.2871325267452244,True,
4711,-0.057979059395517105,True,,-0.06762628486112972,True,
4712,-0.29070568425349524,True,,-0.29432850290846,True,
4713,0.05625645831831399,True,,0.04774950135774878,True,
4714,-0.24074918203826948,True,,-0.24180265596985445,True,
4715,-0.33020319589662656,True,,-0.3332807259814559,True,
4716,-0.179339974505453,True,,-0.21616543128275342,True,
4717,-0.32486729037745254,True,,-0.3423468340323196,True,
4718,-0.06072661169217799,True,,-0.07152830834892114,True,
4719,-0.36216462187374204,True,,-0.345782942751632,True,
4720,-0.19725153746868118,True,,-0.24958874294535977,True,
4721,-0.15463510848126233,True,,-0.1678369493754109,True,
4722,-0.1391619821203041,True,,-0.1649290507912137,True,
4723,-0.22656783627210403,True,,-0.2552050393382074,True,
4724,-0.26059966174932303,True,,-0.2845509380101866,True,
4725,0.05094979990881921,True,,0.04136568562889418,True,
4726,-0.3787954004356416,True,,-0.36266653158401296,True,
4727,-0.27165319469216853,True,,-0.2873641734026539,True,
4728,-0.3029010325365542,True,,-0.3039953794242519,True,
4729,-0.3344815268422127,True,,-0.33478771177791383,True,
4730,-0.4764506600987081,True,,-0.5083467806622691,True,
4731,-0.16226121214897612,True,,-0.18310504374914105,True,
4732,-0.12138459045612898,True,,-0.1218706959410192,True,
4733,-0.008209057326583663,True,,-0.01648652346422219,True,
4734,-0.29280227296643163,True,,-0.28559402294012415,True,
4735,-0.21874868717179294,True,,-0.27136984246061513,True,
4736,-0.37174745103084494,True,,-0.43343732913061656,True,
4737,-0.3672942494580705,True,,-0.40010229680687825,True,
4738,-0.43584985029569695,True,,-0.4578724667804914,True,
4739,-0.4062322835415323,True,,-0.4258792250698884,True,
4740,-0.34650495962389943,True,,-0.32640303150045086,True,
4741,-0.3467847687854121,True,,-0.37577009674147016,True,
4742,-0.31600910841159857,True,,-0.33205633142108815,True,
4743,-0.20793881372840717,True,,-0.23720181318585154,True,
4744,-0.27027629233511585,True,,-0.28615702479338845,True,
4745,-0.20794584245076586,True,,-0.22729759299781183,True,
4746,-0.38752404372915195,True,,-0.4461055245793869,True,
4747,-0.07024003060151095,True,,-0.07777884033024131,True,
4748,-0.24543707973102785,True,,-0.2621517771373679,True,
4749,-0.36645622776472364,True,,-0.4046749521086355,True,
4750,-0.4141811073862888,True,,-0.40569391413553174,True,
4751,-0.2882745013722539,True,,-0.31855261992993283,True,
4752,-0.5175645153539334,True,,-0.503628237781729,True,
4753,-0.07441899488212099,True,,-0.11821461532007718,True,
4754,-0.26450099765463647,True,,-0.28445409038400954,True,
4755,-0.3241547396805642,True,,-0.309085252022402,True,
4756,-0.10036554053199429,True,,-0.12411935088096533,True,
4757,-0.2558427040178865,True,,-0.2539225356743605,True,
4758,-0.43725485234203,True,,-0.4389756307412,True,
4759,-0.5262688602549085,True,,-0.551899575152543,True,
4760,-0.09068952214823636,True,,-0.1253752872310092,True,
4761,-0.40841656567345064,True,,-0.5027372644072047,True,
4762,-0.3114874815905744,True,,-0.31569535030507045,True,
4763,-0.17445912000648245,True,,-0.18598573859492748,True,
4764,-0.2001720060202107,True,,-0.22253278864760268,True,
4765,-0.08934043532583678,True,,-0.08318537515617808,True,
4766,-0.3631072689638378,True,,-0.40379885547303057,True,
4767,-0.1914152866533819,True,,-0.22980370599418218,True,
4768,-0.4897027122483528,True,,-0.5057301879209344,True,
4769,-0.4297277920395939,True,,-0.4454697533862177,True,
4770,-0.19060263026469118,True,,-0.2112535375395372,True,
4771,-0.1771532328096629,True,,-0.15386437199021077,True,
4772,-0.2898912421293646,True,,-0.3289066971951918,True,
4773,-0.3224115334207077,True,,-0.33482383779199754,True,
4774,-0.433882661519808,True,,-0.4382871848167669,True,
4775,-0.2801402837557787,True,,-0.2868101386896222,True,
4776,-0.4108106133482703,True,,-0.43796500371394126,True,
4777,-0.3034974004260095,True,,-0.3362497423329745,True,
4778,-0.2174144015380529,True,,-0.24099113342861841,True,
4779,-0.1941175110412283,True,,-0.2252718878380774,True,
4780,-0.13791561447811448,True,,-0.1514625420875421,True,
4781,-0.29143068209800543,True,,-0.3482516621521793,True,
4782,-0.14048274320251009,True,,-0.16763415743503166,True,
4783,-0.4296185362408835,True,,-0.4409175585345363,True,
4784,-0.16527318065573562,True,,-0.1848011173398129,True,
4785,-0.37860457575941797,True,,-0.35246316898696983,True,
4786,-0.49381307063911584,True,,-0.5359442575684767,True,
4787,-0.16037904295480054,True,,-0.17712478318538924,True,
4788,-0.22917968780141515,True,,-0.2896749153143977,True,
4789,-0.19369250471693503,True,,-0.22341163934265967,True,
4790,-0.31441075652360895,True,,-0.3396577239782947,True,
4791,-0.22286145547224903,True,,-0.24866998243139585,True,
4792,-0.21479204285991435,True,,-0.2576519571997791,True,
4793,-0.4402887267463469,True,,-0.4390367950548698,True,
4794,-0.2166510663057502,True,,-0.23850843684383616,True,
4795,-0.26264044943820225,True,,-0.30201430903678095,True,
4796,-0.1364740551949345,True,,-0.15195730954561745,True,
4797,-0.14362691154707244,True,,-0.17995421141173049,True,
4798,-0.10357743097238896,True,,-0.1273469387755102,True,
4799,-0.1876969620572293,True,,-0.23317306249362219,True,
4800,-0.21098108672275287,True,,-0.24258333860459233,True,
4801,-0.3751035707240087,True,,-0.3732886170842375,True,
4802,-0.16113432645379439,True,,-0.14482758620689656,True,
4803,-0.2837582730806826,True,,-0.3120676918944329,True,
4804,-0.09945978391356543,True,,-0.14809123649459785,True,
4805,-0.4024770525616086,True,,-0.4072278321391216,True,
4806,-0.06118457084735154,True,,-0.08487207573742274,True,
4807,-0.35316634208582365,True,,-0.38741521724531597,True,
4808,-0.23305662820542467,True,,-0.2693134783915647,True,
4809,-0.39032412965186075,True,,-0.41630252100840337,True,
4810,-0.4351786304214451,True,,-0.44552362074661384,True,
4811,-0.35681721648024917,True,,-0.4121855679833876,True,
4812,-0.35268137523045445,True,,-0.35995461820539315,True,
4813,-0.19149048069843275,True,,-0.18675712632796887,True,
4814,-0.3636719055438267,True,,-0.3785088748142935,True,
4815,-0.31362637139991695,True,,-0.30999969608866107,True,
4816,-0.32396981781218237,True,,-0.3550512158886543,True,
4817,-0.39401760387626156,True,,-0.4245261197209676,True,
4818,-0.3076317004917543,True,,-0.40814247289917677,True,
4819,-0.37601355994319485,True,,-0.3703330431994136,True,
4820,-0.20897216258611093,True,,-0.25893638091933585,True,
4821,-0.33276116841052583,True,,-0.372912219950147,True,
4822,-0.2997388982876813,True,,-0.3049804907147537,True,
4823,-0.3949076954988592,True,,-0.41068243103090646,True,
4824,-0.15179363035718416,True,,-0.18378832617628693,True,
4825,-0.10021832338164505,True,,-0.08667175211089775,True,
4826,-0.39944667577115156,True,,-0.41283127642526346,True,
4827,-0.12298884784397486,True,,-0.12158826309984419,True,
4828,-0.145220246205187,True,,-0.20370448175068573,True,
4829,-0.14983366425162062,True,,-0.15856464740766066,True,
4830,-0.38679358524991597,True,,-0.40916838718970566,True,
4831,-0.2759452012857799,True,,-0.2795550793407827,True,
4832,-0.34857823705978047,True,,-0.37442430630341633,True,
4833,-0.2532344470475878,True,,-0.29668870219211196,True,
4834,-0.34356043339528036,True,,-0.3033065675514569,True,
4835,-0.04285916833768812,True,,-0.05102185493508335,True,
4836,-0.20751913508440942,True,,-0.22591618686399673,True,
4837,-0.24397880731386687,True,,-0.22729554236545432,True,
4838,-0.18916215246975332,True,,-0.24633359128744267,True,
4839,-0.4597858645083169,True,,-0.4544006118156905,True,
4840,-0.3999131567520625,True,,-0.4077101700994922,True,
4841,-0.3495373252002158,True,,-0.36789908294949997,True,
4842,-0.29380610912780664,True,,-0.3163023504736214,True,
4843,-0.28948019495781685,True,,-0.311883025309879,True,
4844,-0.3846880193382686,True,,-0.4456300045324067,True,
4845,-0.19034655093049255,True,,-0.16704149404879332,True,
4846,-0.15329959846551133,True,,-0.18543728449240965,True,
4847,-0.09634610844918558,True,,-0.10737094623477546,True,
4848,-0.32432519383585884,True,,-0.3500949071839912,True,
4849,-0.2505675446514045,True,,-0.30621883063008853,True,
4850,-0.4009641873278237,True,,-0.4266164316966456,True,
4851,-0.3590294203078966,True,,-0.3355948379600813,True,
4852,-0.1907905020749608,True,,-0.23859275805906704,True,
4853,0.004444912022303464,True,,-0.008784619026327555,True,
4854,-0.30146910697098345,True,,-0.3361486864586986,True,
4855,-0.285845494438208,True,,-0.26505255638330444,True,
4856,-0.05389306481350163,True,,-0.050833721660554734,True,
4857,-0.16712033347798072,True,,-0.1715649532525938,True,
4858,-0.29990983963611684,True,,-0.3261475185639176,True,
4859,-0.38265113180025573,True,,-0.41779066347325516,True,
4860,-0.1507461610554394,True,,-0.15295700862711173,True,
4861,-0.34999858449169097,True,,-0.3806868046315432,True,
4862,-0.26176800224152424,True,,-0.2517511908097506,True,
4863,-0.10654448471585858,True,,-0.10620255761471654,True,
4864,-0.3214978063462912,True,,-0.34734150776931527,True,
4865,-0.1852979784720399,True,,-0.18666316618535048,True,
4866,-0.0899720555224701,True,,-0.11324384992441248,True,
4867,-0.37475497059647156,True,,-0.3689092691122935,True,
4868,-0.1424399140399319,True,,-0.15950439046787018,True,
4869,-0.14393766917103032,True,,-0.16670461157066607,True,
4870,-0.0013339886259917152,True,,-0.007052906371870073,True,
4871,-0.21529547213257083,True,,-0.27246475284525223,True,
4872,-0.3261455525606469,True,,-0.3728661275831087,True,
4873,-0.14859194759756403,True,,-0.15943020242808476,True,
4874,-0.20379071549393515,True,,-0.2699764345299195,True,
4875,-0.19285154174993044,True,,-0.23630890648319125,True,
4876,-0.12118664845364435,True,,-0.13383068894259395,True,
4877,-0.1457991081905656,True,,-0.1616013455370414,True,
4878,-0.4813349416968235,True,,-0.5154644149577805,True,
4879,-0.2867057673509286,True,,-0.33196480938416423,True,
4880,-0.112829617939107,True,,-0.12172026040639179,True,
4881,-0.2104176147302832,True,,-0.22189939440613296,True,
4882,-0.1069349229238801,True,,-0.13733352869051565,True,
4883,-0.13570738713751518,True,,-0.1620687947301949,True,
4884,-0.3768687865219701,True,,-0.4045685664415269,True,
4885,-0.09355868724941781,True,,-0.10445826231003769,True,
4886,-0.21454825285284676,True,,-0.22708356537499622,True,
4887,-0.16085898804627474,True,,-0.17535047342352592,True,
4888,-0.18752217166653815,True,,-0.21602529497956352,True,
4889,-0.3157281632074229,True,,-0.29976398132109683,True,
4890,-0.20610141822263034,True,,-0.20742781348841954,True,
4891,-0.28115228807201803,True,,-0.3243390847711928,True,
4892,-0.3559174511555464,True,,-0.38546462355986166,True,
4893,-0.2749911448108592,True,,-0.3036159189284921,True,
4894,-0.39337500316319557,True,,-0.4071412303565554,True,
4895,-0.2648303614792201,True,,-0.2769798869847437,True,
4896,-0.3399958477247419,True,,-0.36970348979861467,True,
4897,-0.34596724366700765,True,,-0.35423229243687265,True,
4898,-0.1503473056922707,True,,-0.17489277173981807,True,
4899,-0.09638956986850902,True,,-0.11958002129608994,True,
4900,-0.38761679843926483,True,,-0.41629873019132696,True,
4901,-0.3610911526517689,True,,-0.4264141752420386,True,
4902,-0.29276117625632186,True,,-0.3788789419857381,True,
4903,-0.18254711015555836,True,,-0.22979638295181484,True,
4904,-0.18294426519896248,True,,-0.22649459100398558,True,
4905,-0.29838118606800296,True,,-0.31499952200376025,True,
4906,-0.209162942788898,True,,-0.28605551001701085,True,
4907,-0.2735052000896193,True,,-0.3273201650730325,True,
4908,-0.3452720516813395,True,,-0.37032640034536457,True,
4909,-0.22504020784362241,True,,-0.25401459854014596,True,
4910,-0.298559546193314,True,,-0.30300519455686925,True,
4911,-0.3019174152638333,True,,-0.34688986185551446,True,
4912,-0.183043371722617,True,,-0.19722056918822417,True,
4913,-0.0730872449237936,True,,-0.10174692389488076,True,
4914,-0.3194876631905572,True,,-0.3705626713445756,True,
4915,-0.3511428173895445,True,,-0.35799845684868264,True,
4916,-0.23068350668647847,True,,-0.24010714006412762,True,
4917,-0.4178313868147297,True,,-0.4966403180073484,True,
4918,-0.02402633790977865,True,,-0.025567385822359203,True,
4919,-0.3485417155367894,True,,-0.35970365157557277,True,
4920,-0.345743953469291,True,,-0.39276695444475845,True,
4921,-0.2762577005300242,True,,-0.2977622607617674,True,
4922,-0.2051700918790989,True,,-0.22765776031747298,True,
4923,-0.4028523387962644,True,,-0.3851670279359034,True,
4924,-0.33297751153101623,True,,-0.34153316710613313,True,
4925,-0.3152474011475764,True,,-0.3263390392048592,True,
4926,-0.27705316969834903,True,,-0.2952607713720478,True,
4927,-0.29945279383429674,True,,-0.31939884393063583,True,
4928,-0.011054034063851992,True,,0.001631255255985491,True,
4929,-0.280493255856756,True,,-0.27965188126101015,True,
4930,-0.23727206825405678,True,,-0.22564147501413995,True,
4931,-0.2758429304842514,True,,-0.2946826387925319,True,
4932,-0.14086713603503276,True,,-0.17159629287076011,True,
4933,-0.43118312032471234,True,,-0.43017678038308005,True,
4934,-0.32692521954035797,True,,-0.3236637664718573,True,
4935,-0.36824377133579067,True,,-0.393929920279149,True,
4936,-0.30278544687125075,True,,-0.3560948815426201,True,
4937,-0.2863683966974354,True,,-0.32575074892228256,True,
4938,-0.20691050163893615,True,,-0.20451433550475084,True,
4939,-0.19945511901347862,True,,-0.21549883694994104,True,
4940,-0.2137268411465461,True,,-0.2596339886553472,True,
4941,-0.2981630447832873,True,,-0.30138071797334615,True,
4942,-0.32676411068045846,True,,-0.36830603234958326,True,
4943,-0.3942071770007527,True,,-0.4059374969452292,True,
4944,-0.29370318801613216,True,,-0.3273478010370655,True,
4945,-0.13630568974771873,True,,-0.17236983360171765,True,
4946,-0.17307891930658967,True,,-0.21748813332200928,True,
4947,-0.2944786681017702,True,,-0.2936542469141457,True,
4948,-0.2818798244996598,True,,-0.319490392060252,True,
4949,-0.08866104219943756,True,,-0.11042597770926443,True,
4950,-0.2876310101545614,True,,-0.3385261612495412,True,
4951,-0.18788366710274731,True,,-0.22696320150280097,True,
4952,-0.3385379614106934,True,,-0.36151338377121084,True,
4953,-0.18651378077003997,True,,-0.1752840311382285,True,
4954,-0.24269560598011686,True,,-0.2779337734942197,True,
4955,-0.29338951804055835,True,,-0.3189765199246369,True,
4956,-0.08291334173316534,True,,-0.10559288814223715,True,
4957,-0.3808141523725749,True,,-0.39799638371695256,True,
4958,-0.14674134553438778,True,,-0.16485885956954469,True,
4959,-0.24276364145462181,True,,-0.25329879948199224,True,
4960,-0.3643076259037166,True,,-0.3715681891754405,True,
4961,-0.2146647139324386,True,,-0.2264291373556457,True,
4962,-0.18256240114193126,True,,-0.20425909494232475,True,
4963,-0.09290401178166902,True,,-0.10693715158104138,True,
4964,-0.25738353929244506,True,,-0.3010207308280948,True,
4965,-0.2671364905084275,True,,-0.31054636297747007,True,
4966,-0.3755129069990531,True,,-0.3984243001875244,True,
4967,-0.40040552283479774,True,,-0.42418975893920374,True,
4968,-0.22913459201037192,True,,-0.2252046025443643,True,
4969,-0.2473774674158516,True,,-0.2649663560478183,True,
4970,-0.21536028341873853,True,,-0.2519010564939584,True,
4971,-0.05825707186839303,True,,-0.06995478325282797,True,
4972,-0.23666771852319343,True,,-0.24968444304196907,True,
4973,-0.28262038898168335,True,,-0.3247081693702875,True,
4974,-0.2194313668762,True,,-0.2332658267799374,True,
4975,-0.2690789759010018,True,,-0.3211657727726136,True,
4976,-0.28072165505320584,True,,-0.3153039605802529,True,
4977,-0.3601069596010696,True,,-0.42643636626436365,True,
4978,-0.2982569922983381,True,,-0.2985407377381435,True,
4979,-0.3568328480955668,True,,-0.3894168142389771,True,
4980,-0.2633300464176628,True,,-0.26155030183506095,True,
4981,-0.2727036539877149,True,,-0.2973604933842223,True,
4982,-0.3083841432535905,True,,-0.3125772277027164,True,
4983,-0.40811418515983966,True,,-0.43474435428683156,True,
4984,-0.37740985472814115,True,,-0.3759249634964239,True,
4985,-0.41742095798106127,True,,-0.46319331995134727,True,
4986,-0.32199209144936136,True,,-0.35701787517439665,True,
4987,-0.2837879813627494,True,,-0.27676317151845803,True,
4988,-0.49183077800516656,True,,-0.5076995336665884,True,
4989,-0.13678489031400304,True,,-0.1650177922027138,True,
4990,-0.27308085770138457,True,,-0.28152822372352604,True,
4991,-0.328607131368619,True,,-0.3279390295202039,True,
4992,-0.26604966625294413,True,,-0.2980463825337412,True,
4993,-0.3407059174688456,True,,-0.3583911648384449,True,
4994,-0.24000254915081415,True,,-0.24033712519516937,True,
4995,-0.2157454997198743,True,,-0.2912820013153728,True,
4996,-0.27216691284136757,True,,-0.22651269558100426,True,
4997,-0.08279906176700547,True,,-0.11907740422204847,True,
4998,-0.42149377593361,True,,-0.42762448132780084,True,
4999,-0.17548253269585895,True,,-0.20758392147934532,True,
