source,family,row_count,exact_duplicate_rows,natural_key_duplicate_extras,timestamp_parse_ok,timestamp_parse_fail,timezone_aware,timezone_absent,timestamp_min,timestamp_max,non_monotonic,cadence_seconds,impossible,interpolated_true,missingness_proportions,inverter_id_count,plant_count
BR-PVGen_metadata.csv,metadata,51,0,0,0,0,0,0,,,0,{},{},{},{},0,51
BR-PVGen_meteorological/PS_001.csv,meteorological,42336,0,0,42336,0,42336,0,2024-03-26T00:00:00+00:00,2025-06-09T23:45:00+00:00,0,"{""900"": 42335}","{""gri_irradiance_wm2"": 16899, ""poa_irradiance_wm2"": 19216, ""wind_speed_ms"": 1195, ""ghi_irradiance_wm2"": 17595}","{""interpolated_keys_ambient_temperature_celsius"": 57, ""interpolated_keys_battery_voltage"": 56, ""interpolated_keys_ghi_irradiance_wm2"": 58, ""interpolated_keys_gri_irradiance_wm2"": 61, ""interpolated_keys_panel_temperature_celsius"": 57, ""interpolated_keys_poa_irradiance_wm2"": 58, ""interpolated_keys_wind_direction_degrees"": 57, ""interpolated_keys_wind_speed_ms"": 55}","{""ambient_temperature_celsius"": 0.031462585034013606, ""battery_voltage"": 0.03153344671201814, ""ghi_irradiance_wm2"": 0.03110827664399093, ""gri_irradiance_wm2"": 0.031273620559334844, ""interpolated_keys_ambient_temperature_celsius"": 0.9986536281179138, ""interpolated_keys_battery_voltage"": 0.9986772486772487, ""interpolated_keys_ghi_irradiance_wm2"": 0.998630007558579, ""interpolated_keys_gri_irradiance_wm2"": 0.9985591458805745, ""interpolated_keys_panel_temperature_celsius"": 0.9986536281179138, ""interpolated_keys_poa_irradiance_wm2"": 0.998630007558579, ""interpolated_keys_tracker_albedo_index"": 0.9987008692365835, ""interpolated_keys_wind_direction_degrees"": 0.9986536281179138, ""interpolated_keys_wind_speed_ms"": 0.9987008692365835, ""panel_temperature_celsius"": 0.03155706727135298, ""poa_irradiance_wm2"": 0.031226379440665156, ""precipitation_accumulated_mm"": 0.0016770597127739985, ""tracker_albedo_index"": 0.03202947845804989, ""wind_direction_degrees"": 0.03160430839002268, ""wind_speed_ms"": 0.03167517006802721}",0,1
BR-PVGen_meteorological/PS_002.csv,meteorological,42336,0,0,42336,0,42336,0,2024-03-26T00:00:00+00:00,2025-06-09T23:45:00+00:00,0,"{""900"": 42335}","{""poa_irradiance_wm2"": 20585, ""wind_speed_ms"": 5946, ""gri_irradiance_wm2"": 2962, ""ghi_irradiance_wm2"": 11}","{""interpolated_keys_ambient_temperature_celsius"": 5, ""interpolated_keys_ghi_irradiance_wm2"": 5, ""interpolated_keys_gri_irradiance_wm2"": 5, ""interpolated_keys_panel_temperature_celsius"": 5, ""interpolated_keys_poa_irradiance_wm2"": 5, ""interpolated_keys_wind_speed_ms"": 5}","{""ambient_temperature_celsius"": 0.019534202569916857, ""battery_voltage"": 1.0, ""ghi_irradiance_wm2"": 0.019534202569916857, ""gri_irradiance_wm2"": 0.019534202569916857, ""interpolated_keys_ambient_temperature_celsius"": 0.9998818972033258, ""interpolated_keys_ghi_irradiance_wm2"": 0.9998818972033258, ""interpolated_keys_gri_irradiance_wm2"": 0.9998818972033258, ""interpolated_keys_panel_temperature_celsius"": 0.9998818972033258, ""interpolated_keys_poa_irradiance_wm2"": 0.9998818972033258, ""interpolated_keys_wind_speed_ms"": 0.9998818972033258, ""panel_temperature_celsius"": 0.019534202569916857, ""poa_irradiance_wm2"": 0.019534202569916857, ""precipitation_accumulated_mm"": 1.0, ""tracker_albedo_index"": 1.0, ""wind_direction_degrees"": 1.0, ""wind_speed_ms"": 0.019534202569916857}",0,1
BR-PVGen_meteorological/PS_003.csv,meteorological,42336,0,0,42336,0,42336,0,2024-03-26T00:00:00+00:00,2025-06-09T23:45:00+00:00,0,"{""900"": 42335}","{""poa_irradiance_wm2"": 20557, ""wind_speed_ms"": 5957, ""gri_irradiance_wm2"": 2950, ""ghi_irradiance_wm2"": 11}","{""interpolated_keys_ambient_temperature_celsius"": 91, ""interpolated_keys_ghi_irradiance_wm2"": 91, ""interpolated_keys_gri_irradiance_wm2"": 91, ""interpolated_keys_panel_temperature_celsius"": 91, ""interpolated_keys_poa_irradiance_wm2"": 91, ""interpolated_keys_wind_speed_ms"": 91}","{""ambient_temperature_celsius"": 0.021967120181405897, ""battery_voltage"": 1.0, ""ghi_irradiance_wm2"": 0.021967120181405897, ""gri_irradiance_wm2"": 0.021967120181405897, ""interpolated_keys_ambient_temperature_celsius"": 0.9978505291005291, ""interpolated_keys_ghi_irradiance_wm2"": 0.9978505291005291, ""interpolated_keys_gri_irradiance_wm2"": 0.9978505291005291, ""interpolated_keys_panel_temperature_celsius"": 0.9978505291005291, ""interpolated_keys_poa_irradiance_wm2"": 0.9978505291005291, ""interpolated_keys_wind_speed_ms"": 0.9978505291005291, ""panel_temperature_celsius"": 0.021967120181405897, ""poa_irradiance_wm2"": 0.021967120181405897, ""precipitation_accumulated_mm"": 1.0, ""tracker_albedo_index"": 1.0, ""wind_direction_degrees"": 1.0, ""wind_speed_ms"": 0.021967120181405897}",0,1
BR-PVGen_meteorological/PS_004.csv,meteorological,42336,0,0,42336,0,42336,0,2024-03-26T00:00:00+00:00,2025-06-09T23:45:00+00:00,0,"{""900"": 42335}","{""poa_irradiance_wm2"": 17213, ""wind_speed_ms"": 219, ""ghi_irradiance_wm2"": 14874}","{""interpolated_keys_ambient_temperature_celsius"": 9, ""interpolated_keys_battery_voltage"": 9, ""interpolated_keys_ghi_irradiance_wm2"": 9, ""interpolated_keys_panel_temperature_celsius"": 9, ""interpolated_keys_poa_irradiance_wm2"": 9, ""interpolated_keys_wind_direction_degrees"": 9, ""interpolated_keys_wind_speed_ms"": 9}","{""ambient_temperature_celsius"": 0.15464380196523053, ""battery_voltage"": 0.15464380196523053, ""ghi_irradiance_wm2"": 0.15464380196523053, ""gri_irradiance_wm2"": 1.0, ""interpolated_keys_ambient_temperature_celsius"": 0.9997874149659864, ""interpolated_keys_battery_voltage"": 0.9997874149659864, ""interpolated_keys_ghi_irradiance_wm2"": 0.9997874149659864, ""interpolated_keys_panel_temperature_celsius"": 0.9997874149659864, ""interpolated_keys_poa_irradiance_wm2"": 0.9997874149659864, ""interpolated_keys_tracker_albedo_index"": 0.9997874149659864, ""interpolated_keys_wind_direction_degrees"": 0.9997874149659864, ""interpolated_keys_wind_speed_ms"": 0.9997874149659864, ""panel_temperature_celsius"": 0.15464380196523053, ""poa_irradiance_wm2"": 0.15464380196523053, ""precipitation_accumulated_mm"": 0.017124905517762662, ""tracker_albedo_index"": 0.1911139455782313, ""wind_direction_degrees"": 0.15464380196523053, ""wind_speed_ms"": 0.15464380196523053}",0,1
BR-PVGen_meteorological/PS_005.csv,meteorological,40800,0,0,40800,0,40800,0,2024-04-11T00:00:00+00:00,2025-06-09T23:45:00+00:00,0,"{""900"": 40799}","{""wind_speed_ms"": 11567, ""wind_direction_degrees"": 7791, ""poa_irradiance_wm2"": 17473, ""gri_irradiance_wm2"": 23004, ""ghi_irradiance_wm2"": 17104}","{""interpolated_keys_ambient_temperature_celsius"": 34, ""interpolated_keys_battery_voltage"": 34, ""interpolated_keys_ghi_irradiance_wm2"": 34, ""interpolated_keys_gri_irradiance_wm2"": 34, ""interpolated_keys_panel_temperature_celsius"": 34, ""interpolated_keys_poa_irradiance_wm2"": 34, ""interpolated_keys_wind_direction_degrees"": 34, ""interpolated_keys_wind_speed_ms"": 34}","{""ambient_temperature_celsius"": 0.05693627450980392, ""battery_voltage"": 0.05693627450980392, ""ghi_irradiance_wm2"": 0.05693627450980392, ""gri_irradiance_wm2"": 0.05693627450980392, ""interpolated_keys_ambient_temperature_celsius"": 0.9991666666666666, ""interpolated_keys_battery_voltage"": 0.9991666666666666, ""interpolated_keys_ghi_irradiance_wm2"": 0.9991666666666666, ""interpolated_keys_gri_irradiance_wm2"": 0.9991666666666666, ""interpolated_keys_panel_temperature_celsius"": 0.9991666666666666, ""interpolated_keys_poa_irradiance_wm2"": 0.9991666666666666, ""interpolated_keys_tracker_albedo_index"": 0.9991666666666666, ""interpolated_keys_wind_direction_degrees"": 0.9991666666666666, ""interpolated_keys_wind_speed_ms"": 0.9991666666666666, ""panel_temperature_celsius"": 0.05693627450980392, ""poa_irradiance_wm2"": 0.05693627450980392, ""precipitation_accumulated_mm"": 0.0011519607843137256, ""tracker_albedo_index"": 0.05693627450980392, ""wind_direction_degrees"": 0.05693627450980392, ""wind_speed_ms"": 0.05693627450980392}",0,1
BR-PVGen_meteorological/PS_006.csv,meteorological,35520,0,0,35520,0,35520,0,2024-06-05T00:00:00+00:00,2025-06-09T23:45:00+00:00,0,"{""900"": 35519}","{""ghi_irradiance_wm2"": 15999, ""gri_irradiance_wm2"": 11324, ""poa_irradiance_wm2"": 15528, ""wind_direction_degrees"": 6729, ""wind_speed_ms"": 363}","{""interpolated_keys_ambient_temperature_celsius"": 37, ""interpolated_keys_battery_voltage"": 37, ""interpolated_keys_ghi_irradiance_wm2"": 37, ""interpolated_keys_gri_irradiance_wm2"": 36, ""interpolated_keys_panel_temperature_celsius"": 37, ""interpolated_keys_poa_irradiance_wm2"": 37, ""interpolated_keys_wind_direction_degrees"": 37, ""interpolated_keys_wind_speed_ms"": 37}","{""ambient_temperature_celsius"": 0.05061936936936937, ""battery_voltage"": 0.05061936936936937, ""ghi_irradiance_wm2"": 0.05061936936936937, ""gri_irradiance_wm2"": 0.05061936936936937, ""interpolated_keys_ambient_temperature_celsius"": 0.9989583333333333, ""interpolated_keys_battery_voltage"": 0.9989583333333333, ""interpolated_keys_ghi_irradiance_wm2"": 0.9989583333333333, ""interpolated_keys_gri_irradiance_wm2"": 0.9989864864864865, ""interpolated_keys_panel_temperature_celsius"": 0.9989583333333333, ""interpolated_keys_poa_irradiance_wm2"": 0.9989583333333333, ""interpolated_keys_tracker_albedo_index"": 0.9989864864864865, ""interpolated_keys_wind_direction_degrees"": 0.9989583333333333, ""interpolated_keys_wind_speed_ms"": 0.9989583333333333, ""panel_temperature_celsius"": 0.05061936936936937, ""poa_irradiance_wm2"": 0.05061936936936937, ""precipitation_accumulated_mm"": 0.0023367117117117117, ""tracker_albedo_index"": 0.05067567567567568, ""wind_direction_degrees"": 0.05061936936936937, ""wind_speed_ms"": 0.05061936936936937}",0,1
BR-PVGen_meteorological/PS_007.csv,meteorological,38112,0,0,38112,0,38112,0,2024-05-09T00:00:00+00:00,2025-06-09T23:45:00+00:00,0,"{""900"": 38111}","{""wind_speed_ms"": 6740, ""poa_irradiance_wm2"": 15925, ""ghi_irradiance_wm2"": 16203, ""gri_irradiance_wm2"": 11551}","{""interpolated_keys_ambient_temperature_celsius"": 64, ""interpolated_keys_battery_voltage"": 64, ""interpolated_keys_ghi_irradiance_wm2"": 64, ""interpolated_keys_gri_irradiance_wm2"": 64, ""interpolated_keys_panel_temperature_celsius"": 64, ""interpolated_keys_poa_irradiance_wm2"": 64, ""interpolated_keys_wind_direction_degrees"": 64, ""interpolated_keys_wind_speed_ms"": 64}","{""ambient_temperature_celsius"": 0.09301532325776658, ""battery_voltage"": 0.09301532325776658, ""ghi_irradiance_wm2"": 0.09301532325776658, ""gri_irradiance_wm2"": 0.09301532325776658, ""interpolated_keys_ambient_temperature_celsius"": 0.998320738874895, ""interpolated_keys_battery_voltage"": 0.998320738874895, ""interpolated_keys_ghi_irradiance_wm2"": 0.998320738874895, ""interpolated_keys_gri_irradiance_wm2"": 0.998320738874895, ""interpolated_keys_panel_temperature_celsius"": 0.998320738874895, ""interpolated_keys_poa_irradiance_wm2"": 0.998320738874895, ""interpolated_keys_tracker_albedo_index"": 0.998320738874895, ""interpolated_keys_wind_direction_degrees"": 0.998320738874895, ""interpolated_keys_wind_speed_ms"": 0.998320738874895, ""panel_temperature_celsius"": 0.09301532325776658, ""poa_irradiance_wm2"": 0.09301532325776658, ""precipitation_accumulated_mm"": 0.0020465994962216624, ""tracker_albedo_index"": 0.09301532325776658, ""wind_direction_degrees"": 0.09301532325776658, ""wind_speed_ms"": 0.09301532325776658}",0,1
BR-PVGen_meteorological/PS_008.csv,meteorological,37632,0,0,37632,0,37632,0,2024-05-14T00:00:00+00:00,2025-06-09T23:45:00+00:00,0,"{""900"": 37631}","{""wind_direction_degrees"": 6040, ""ghi_irradiance_wm2"": 12933, ""gri_irradiance_wm2"": 13187, ""poa_irradiance_wm2"": 14130, ""wind_speed_ms"": 1185}","{""interpolated_keys_ambient_temperature_celsius"": 18, ""interpolated_keys_battery_voltage"": 18, ""interpolated_keys_ghi_irradiance_wm2"": 18, ""interpolated_keys_gri_irradiance_wm2"": 18, ""interpolated_keys_panel_temperature_celsius"": 18, ""interpolated_keys_poa_irradiance_wm2"": 18, ""interpolated_keys_wind_direction_degrees"": 18, ""interpolated_keys_wind_speed_ms"": 18}","{""ambient_temperature_celsius"": 0.18457695578231292, ""battery_voltage"": 0.18457695578231292, ""ghi_irradiance_wm2"": 0.18457695578231292, ""gri_irradiance_wm2"": 0.18457695578231292, ""interpolated_keys_ambient_temperature_celsius"": 0.9995216836734694, ""interpolated_keys_battery_voltage"": 0.9995216836734694, ""interpolated_keys_ghi_irradiance_wm2"": 0.9995216836734694, ""interpolated_keys_gri_irradiance_wm2"": 0.9995216836734694, ""interpolated_keys_panel_temperature_celsius"": 0.9995216836734694, ""interpolated_keys_poa_irradiance_wm2"": 0.9995216836734694, ""interpolated_keys_tracker_albedo_index"": 0.9995216836734694, ""interpolated_keys_wind_direction_degrees"": 0.9995216836734694, ""interpolated_keys_wind_speed_ms"": 0.9995216836734694, ""panel_temperature_celsius"": 0.18457695578231292, ""poa_irradiance_wm2"": 0.18457695578231292, ""precipitation_accumulated_mm"": 0.0019664115646258504, ""tracker_albedo_index"": 0.18457695578231292, ""wind_direction_degrees"": 0.18457695578231292, ""wind_speed_ms"": 0.18457695578231292}",0,1
BR-PVGen_meteorological/PS_009.csv,meteorological,35040,0,0,35040,0,35040,0,2024-06-10T00:00:00+00:00,2025-06-09T23:45:00+00:00,0,"{""900"": 35039}","{""wind_speed_ms"": 6416, ""gri_irradiance_wm2"": 12586, ""poa_irradiance_wm2"": 16164, ""ghi_irradiance_wm2"": 16042}","{""interpolated_keys_ambient_temperature_celsius"": 36, ""interpolated_keys_battery_voltage"": 36, ""interpolated_keys_ghi_irradiance_wm2"": 36, ""interpolated_keys_gri_irradiance_wm2"": 36, ""interpolated_keys_panel_temperature_celsius"": 36, ""interpolated_keys_poa_irradiance_wm2"": 36, ""interpolated_keys_wind_direction_degrees"": 36, ""interpolated_keys_wind_speed_ms"": 36}","{""ambient_temperature_celsius"": 0.01144406392694064, ""battery_voltage"": 0.01144406392694064, ""ghi_irradiance_wm2"": 0.01144406392694064, ""gri_irradiance_wm2"": 0.01144406392694064, ""interpolated_keys_ambient_temperature_celsius"": 0.998972602739726, ""interpolated_keys_battery_voltage"": 0.998972602739726, ""interpolated_keys_ghi_irradiance_wm2"": 0.998972602739726, ""interpolated_keys_gri_irradiance_wm2"": 0.998972602739726, ""interpolated_keys_panel_temperature_celsius"": 0.998972602739726, ""interpolated_keys_poa_irradiance_wm2"": 0.998972602739726, ""interpolated_keys_tracker_albedo_index"": 0.9990011415525114, ""interpolated_keys_wind_direction_degrees"": 0.998972602739726, ""interpolated_keys_wind_speed_ms"": 0.998972602739726, ""panel_temperature_celsius"": 0.01144406392694064, ""poa_irradiance_wm2"": 0.01144406392694064, ""precipitation_accumulated_mm"": 0.0015410958904109589, ""tracker_albedo_index"": 0.011501141552511416, ""wind_direction_degrees"": 0.01144406392694064, ""wind_speed_ms"": 0.01144406392694064}",0,1
BR-PVGen_meteorological/PS_010.csv,meteorological,34848,0,0,34848,0,34848,0,2024-06-12T00:00:00+00:00,2025-06-09T23:45:00+00:00,0,"{""900"": 34847}","{""poa_irradiance_wm2"": 12350, ""wind_direction_degrees"": 5032, ""gri_irradiance_wm2"": 12001, ""wind_speed_ms"": 297, ""ghi_irradiance_wm2"": 11547}","{""interpolated_keys_ambient_temperature_celsius"": 94, ""interpolated_keys_battery_voltage"": 94, ""interpolated_keys_ghi_irradiance_wm2"": 94, ""interpolated_keys_gri_irradiance_wm2"": 94, ""interpolated_keys_panel_temperature_celsius"": 94, ""interpolated_keys_poa_irradiance_wm2"": 94, ""interpolated_keys_wind_direction_degrees"": 94, ""interpolated_keys_wind_speed_ms"": 94}","{""ambient_temperature_celsius"": 0.24767561983471073, ""battery_voltage"": 0.24767561983471073, ""ghi_irradiance_wm2"": 0.24767561983471073, ""gri_irradiance_wm2"": 0.24767561983471073, ""interpolated_keys_ambient_temperature_celsius"": 0.9973025711662076, ""interpolated_keys_battery_voltage"": 0.9973025711662076, ""interpolated_keys_ghi_irradiance_wm2"": 0.9973025711662076, ""interpolated_keys_gri_irradiance_wm2"": 0.9973025711662076, ""interpolated_keys_panel_temperature_celsius"": 0.9973025711662076, ""interpolated_keys_poa_irradiance_wm2"": 0.9973025711662076, ""interpolated_keys_tracker_albedo_index"": 0.9973025711662076, ""interpolated_keys_wind_direction_degrees"": 0.9973025711662076, ""interpolated_keys_wind_speed_ms"": 0.9973025711662076, ""panel_temperature_celsius"": 0.24767561983471073, ""poa_irradiance_wm2"": 0.24767561983471073, ""precipitation_accumulated_mm"": 0.0022095959595959595, ""tracker_albedo_index"": 0.24767561983471073, ""wind_direction_degrees"": 0.24767561983471073, ""wind_speed_ms"": 0.24767561983471073}",0,1
BR-PVGen_meteorological/PS_011.csv,meteorological,34080,0,0,34080,0,34080,0,2024-06-20T00:00:00+00:00,2025-06-09T23:45:00+00:00,0,"{""900"": 34079}","{""wind_direction_degrees"": 5638, ""ghi_irradiance_wm2"": 13804, ""gri_irradiance_wm2"": 13535, ""poa_irradiance_wm2"": 12813, ""wind_speed_ms"": 3}","{""interpolated_keys_ambient_temperature_celsius"": 774, ""interpolated_keys_battery_voltage"": 774, ""interpolated_keys_ghi_irradiance_wm2"": 774, ""interpolated_keys_gri_irradiance_wm2"": 774, ""interpolated_keys_panel_temperature_celsius"": 774, ""interpolated_keys_poa_irradiance_wm2"": 774, ""interpolated_keys_wind_direction_degrees"": 774, ""interpolated_keys_wind_speed_ms"": 774}","{""ambient_temperature_celsius"": 0.09078638497652582, ""battery_voltage"": 0.09078638497652582, ""ghi_irradiance_wm2"": 0.09078638497652582, ""gri_irradiance_wm2"": 0.09078638497652582, ""interpolated_keys_ambient_temperature_celsius"": 0.9772887323943662, ""interpolated_keys_battery_voltage"": 0.9772887323943662, ""interpolated_keys_ghi_irradiance_wm2"": 0.9772887323943662, ""interpolated_keys_gri_irradiance_wm2"": 0.9772887323943662, ""interpolated_keys_panel_temperature_celsius"": 0.9772887323943662, ""interpolated_keys_poa_irradiance_wm2"": 0.9772887323943662, ""interpolated_keys_tracker_albedo_index"": 0.9772887323943662, ""interpolated_keys_wind_direction_degrees"": 0.9772887323943662, ""interpolated_keys_wind_speed_ms"": 0.9772887323943662, ""panel_temperature_celsius"": 0.09078638497652582, ""poa_irradiance_wm2"": 0.09078638497652582, ""precipitation_accumulated_mm"": 0.002112676056338028, ""tracker_albedo_index"": 0.09078638497652582, ""wind_direction_degrees"": 0.09078638497652582, ""wind_speed_ms"": 0.09078638497652582}",0,1
BR-PVGen_meteorological/PS_012.csv,meteorological,32736,0,0,32736,0,32736,0,2024-07-04T00:00:00+00:00,2025-06-09T23:45:00+00:00,0,"{""900"": 32735}","{""wind_direction_degrees"": 4011, ""poa_irradiance_wm2"": 9520, ""gri_irradiance_wm2"": 10424, ""ghi_irradiance_wm2"": 10039, ""wind_speed_ms"": 8351}","{""interpolated_keys_ambient_temperature_celsius"": 422, ""interpolated_keys_battery_voltage"": 422, ""interpolated_keys_ghi_irradiance_wm2"": 422, ""interpolated_keys_gri_irradiance_wm2"": 422, ""interpolated_keys_panel_temperature_celsius"": 422, ""interpolated_keys_poa_irradiance_wm2"": 422, ""interpolated_keys_wind_direction_degrees"": 422, ""interpolated_keys_wind_speed_ms"": 422}","{""ambient_temperature_celsius"": 0.2904753176930596, ""battery_voltage"": 0.2904753176930596, ""ghi_irradiance_wm2"": 0.2904753176930596, ""gri_irradiance_wm2"": 0.2904753176930596, ""interpolated_keys_ambient_temperature_celsius"": 0.9871089931573802, ""interpolated_keys_battery_voltage"": 0.9871089931573802, ""interpolated_keys_ghi_irradiance_wm2"": 0.9871089931573802, ""interpolated_keys_gri_irradiance_wm2"": 0.9871089931573802, ""interpolated_keys_panel_temperature_celsius"": 0.9871089931573802, ""interpolated_keys_poa_irradiance_wm2"": 0.9871089931573802, ""interpolated_keys_tracker_albedo_index"": 0.9871089931573802, ""interpolated_keys_wind_direction_degrees"": 0.9871089931573802, ""interpolated_keys_wind_speed_ms"": 0.9871089931573802, ""panel_temperature_celsius"": 0.2904753176930596, ""poa_irradiance_wm2"": 0.2904753176930596, ""precipitation_accumulated_mm"": 0.0021688660801564025, ""tracker_albedo_index"": 0.2904753176930596, ""wind_direction_degrees"": 0.2904753176930596, ""wind_speed_ms"": 0.2904753176930596}",0,1
BR-PVGen_meteorological/PS_013.csv,meteorological,31968,0,0,31968,0,31968,0,2024-07-03T00:00:00+00:00,2025-05-31T23:45:00+00:00,0,"{""900"": 31967}","{""wind_speed_ms"": 2539, ""gri_irradiance_wm2"": 11353, ""ghi_irradiance_wm2"": 12870, ""poa_irradiance_wm2"": 12813}","{""interpolated_keys_ambient_temperature_celsius"": 36, ""interpolated_keys_battery_voltage"": 36, ""interpolated_keys_ghi_irradiance_wm2"": 36, ""interpolated_keys_gri_irradiance_wm2"": 36, ""interpolated_keys_panel_temperature_celsius"": 36, ""interpolated_keys_poa_irradiance_wm2"": 36, ""interpolated_keys_wind_direction_degrees"": 36, ""interpolated_keys_wind_speed_ms"": 36}","{""ambient_temperature_celsius"": 0.12456206206206206, ""battery_voltage"": 0.12456206206206206, ""ghi_irradiance_wm2"": 0.12456206206206206, ""gri_irradiance_wm2"": 0.12456206206206206, ""interpolated_keys_ambient_temperature_celsius"": 0.9988738738738738, ""interpolated_keys_battery_voltage"": 0.9988738738738738, ""interpolated_keys_ghi_irradiance_wm2"": 0.9988738738738738, ""interpolated_keys_gri_irradiance_wm2"": 0.9988738738738738, ""interpolated_keys_panel_temperature_celsius"": 0.9988738738738738, ""interpolated_keys_poa_irradiance_wm2"": 0.9988738738738738, ""interpolated_keys_tracker_albedo_index"": 0.9988738738738738, ""interpolated_keys_wind_direction_degrees"": 0.9988738738738738, ""interpolated_keys_wind_speed_ms"": 0.9988738738738738, ""panel_temperature_celsius"": 0.12456206206206206, ""poa_irradiance_wm2"": 0.12456206206206206, ""precipitation_accumulated_mm"": 0.0017204704704704705, ""tracker_albedo_index"": 0.12456206206206206, ""wind_direction_degrees"": 0.12456206206206206, ""wind_speed_ms"": 0.12456206206206206}",0,1
BR-PVGen_meteorological/PS_014.csv,meteorological,11712,0,0,11712,0,11712,0,2024-08-20T00:00:00+00:00,2024-12-19T23:45:00+00:00,0,"{""900"": 11711}","{""poa_irradiance_wm2"": 4554, ""wind_speed_ms"": 7250}","{""interpolated_keys_ambient_temperature_celsius"": 20, ""interpolated_keys_ghi_irradiance_wm2"": 20, ""interpolated_keys_poa_irradiance_wm2"": 20, ""interpolated_keys_wind_speed_ms"": 20}","{""ambient_temperature_celsius"": 0.1374658469945355, ""battery_voltage"": 1.0, ""ghi_irradiance_wm2"": 0.1374658469945355, ""gri_irradiance_wm2"": 1.0, ""interpolated_keys_ambient_temperature_celsius"": 0.9982923497267759, ""interpolated_keys_ghi_irradiance_wm2"": 0.9982923497267759, ""interpolated_keys_poa_irradiance_wm2"": 0.9982923497267759, ""interpolated_keys_wind_speed_ms"": 0.9982923497267759, ""panel_temperature_celsius"": 1.0, ""poa_irradiance_wm2"": 0.1374658469945355, ""precipitation_accumulated_mm"": 0.2353995901639344, ""tracker_albedo_index"": 1.0, ""wind_direction_degrees"": 1.0, ""wind_speed_ms"": 0.1374658469945355}",0,1
BR-PVGen_meteorological/PS_015.csv,meteorological,28896,0,0,28896,0,28896,0,2024-08-13T00:00:00+00:00,2025-06-09T23:45:00+00:00,0,"{""900"": 28895}","{""poa_irradiance_wm2"": 9576, ""ghi_irradiance_wm2"": 6371}","{""interpolated_keys_ambient_temperature_celsius"": 121, ""interpolated_keys_battery_voltage"": 121, ""interpolated_keys_ghi_irradiance_wm2"": 121, ""interpolated_keys_panel_temperature_celsius"": 121, ""interpolated_keys_poa_irradiance_wm2"": 121, ""interpolated_keys_wind_speed_ms"": 121}","{""ambient_temperature_celsius"": 0.036925526024363234, ""battery_voltage"": 0.036925526024363234, ""ghi_irradiance_wm2"": 0.036925526024363234, ""gri_irradiance_wm2"": 1.0, ""interpolated_keys_ambient_temperature_celsius"": 0.995812569213732, ""interpolated_keys_battery_voltage"": 0.995812569213732, ""interpolated_keys_ghi_irradiance_wm2"": 0.995812569213732, ""interpolated_keys_panel_temperature_celsius"": 0.995812569213732, ""interpolated_keys_poa_irradiance_wm2"": 0.995812569213732, ""interpolated_keys_wind_speed_ms"": 0.995812569213732, ""panel_temperature_celsius"": 0.036925526024363234, ""poa_irradiance_wm2"": 0.036925526024363234, ""precipitation_accumulated_mm"": 1.0, ""tracker_albedo_index"": 1.0, ""wind_direction_degrees"": 1.0, ""wind_speed_ms"": 0.036925526024363234}",0,1
BR-PVGen_meteorological/PS_016.csv,meteorological,21216,0,0,21216,0,21216,0,2024-11-01T00:00:00+00:00,2025-06-09T23:45:00+00:00,0,"{""900"": 21215}",{},"{""interpolated_keys_ambient_temperature_celsius"": 55, ""interpolated_keys_ghi_irradiance_wm2"": 55, ""interpolated_keys_poa_irradiance_wm2"": 55, ""interpolated_keys_wind_speed_ms"": 55}","{""ambient_temperature_celsius"": 0.13122171945701358, ""battery_voltage"": 1.0, ""ghi_irradiance_wm2"": 0.13122171945701358, ""gri_irradiance_wm2"": 1.0, ""interpolated_keys_ambient_temperature_celsius"": 0.997407616892911, ""interpolated_keys_ghi_irradiance_wm2"": 0.997407616892911, ""interpolated_keys_poa_irradiance_wm2"": 0.997407616892911, ""interpolated_keys_wind_speed_ms"": 0.997407616892911, ""panel_temperature_celsius"": 1.0, ""poa_irradiance_wm2"": 0.13122171945701358, ""precipitation_accumulated_mm"": 0.0002828054298642534, ""tracker_albedo_index"": 1.0, ""wind_direction_degrees"": 1.0, ""wind_speed_ms"": 0.13122171945701358}",0,1
BR-PVGen_meteorological/PS_017.csv,meteorological,24960,0,0,24960,0,24960,0,2024-09-23T00:00:00+00:00,2025-06-09T23:45:00+00:00,0,"{""900"": 24959}",{},"{""interpolated_keys_ghi_irradiance_wm2"": 9, ""interpolated_keys_poa_irradiance_wm2"": 9}","{""ambient_temperature_celsius"": 1.0, ""battery_voltage"": 1.0, ""ghi_irradiance_wm2"": 0.10176282051282051, ""gri_irradiance_wm2"": 1.0, ""interpolated_keys_ghi_irradiance_wm2"": 0.9996394230769231, ""interpolated_keys_poa_irradiance_wm2"": 0.9996394230769231, ""panel_temperature_celsius"": 1.0, ""poa_irradiance_wm2"": 0.10176282051282051, ""precipitation_accumulated_mm"": 1.0, ""tracker_albedo_index"": 1.0, ""wind_direction_degrees"": 1.0, ""wind_speed_ms"": 1.0}",0,1
BR-PVGen_meteorological/PS_018.csv,meteorological,19200,0,0,19200,0,19200,0,2024-09-23T00:00:00+00:00,2025-04-10T23:45:00+00:00,0,"{""900"": 19199}",{},"{""interpolated_keys_ghi_irradiance_wm2"": 1, ""interpolated_keys_poa_irradiance_wm2"": 1}","{""ambient_temperature_celsius"": 1.0, ""battery_voltage"": 1.0, ""ghi_irradiance_wm2"": 0.16005208333333334, ""gri_irradiance_wm2"": 1.0, ""interpolated_keys_ghi_irradiance_wm2"": 0.9999479166666667, ""interpolated_keys_poa_irradiance_wm2"": 0.9999479166666667, ""panel_temperature_celsius"": 1.0, ""poa_irradiance_wm2"": 0.16005208333333334, ""precipitation_accumulated_mm"": 1.0, ""tracker_albedo_index"": 1.0, ""wind_direction_degrees"": 1.0, ""wind_speed_ms"": 1.0}",0,1
BR-PVGen_meteorological/PS_019.csv,meteorological,24960,0,0,24960,0,24960,0,2024-09-23T00:00:00+00:00,2025-06-09T23:45:00+00:00,0,"{""900"": 24959}",{},"{""interpolated_keys_ghi_irradiance_wm2"": 9, ""interpolated_keys_poa_irradiance_wm2"": 9}","{""ambient_temperature_celsius"": 1.0, ""battery_voltage"": 1.0, ""ghi_irradiance_wm2"": 0.12223557692307692, ""gri_irradiance_wm2"": 1.0, ""interpolated_keys_ghi_irradiance_wm2"": 0.9996394230769231, ""interpolated_keys_poa_irradiance_wm2"": 0.9996394230769231, ""panel_temperature_celsius"": 1.0, ""poa_irradiance_wm2"": 0.12223557692307692, ""precipitation_accumulated_mm"": 1.0, ""tracker_albedo_index"": 1.0, ""wind_direction_degrees"": 1.0, ""wind_speed_ms"": 1.0}",0,1
BR-PVGen_meteorological/PS_020.csv,meteorological,24960,0,0,24960,0,24960,0,2024-09-23T00:00:00+00:00,2025-06-09T23:45:00+00:00,0,"{""900"": 24959}",{},"{""interpolated_keys_ghi_irradiance_wm2"": 97, ""interpolated_keys_poa_irradiance_wm2"": 97}","{""ambient_temperature_celsius"": 1.0, ""battery_voltage"": 1.0, ""ghi_irradiance_wm2"": 0.2686298076923077, ""gri_irradiance_wm2"": 1.0, ""interpolated_keys_ghi_irradiance_wm2"": 0.9961137820512821, ""interpolated_keys_poa_irradiance_wm2"": 0.9961137820512821, ""panel_temperature_celsius"": 1.0, ""poa_irradiance_wm2"": 0.2686298076923077, ""precipitation_accumulated_mm"": 1.0, ""tracker_albedo_index"": 1.0, ""wind_direction_degrees"": 1.0, ""wind_speed_ms"": 1.0}",0,1
BR-PVGen_meteorological/PS_021.csv,meteorological,18624,0,0,18624,0,18624,0,2024-11-28T00:00:00+00:00,2025-06-09T23:45:00+00:00,0,"{""900"": 18623}",{},"{""interpolated_keys_ghi_irradiance_wm2"": 5, ""interpolated_keys_poa_irradiance_wm2"": 5}","{""ambient_temperature_celsius"": 1.0, ""battery_voltage"": 1.0, ""ghi_irradiance_wm2"": 0.09707903780068729, ""gri_irradiance_wm2"": 1.0, ""interpolated_keys_ghi_irradiance_wm2"": 0.9997315292096219, ""interpolated_keys_poa_irradiance_wm2"": 0.9997315292096219, ""panel_temperature_celsius"": 1.0, ""poa_irradiance_wm2"": 0.09707903780068729, ""precipitation_accumulated_mm"": 1.0, ""tracker_albedo_index"": 1.0, ""wind_direction_degrees"": 1.0, ""wind_speed_ms"": 1.0}",0,1
BR-PVGen_meteorological/PS_022.csv,meteorological,24960,0,0,24960,0,24960,0,2024-09-23T00:00:00+00:00,2025-06-09T23:45:00+00:00,0,"{""900"": 24959}",{},"{""interpolated_keys_ghi_irradiance_wm2"": 65, ""interpolated_keys_poa_irradiance_wm2"": 65}","{""ambient_temperature_celsius"": 1.0, ""battery_voltage"": 1.0, ""ghi_irradiance_wm2"": 0.34447115384615384, ""gri_irradiance_wm2"": 1.0, ""interpolated_keys_ghi_irradiance_wm2"": 0.9973958333333334, ""interpolated_keys_poa_irradiance_wm2"": 0.9973958333333334, ""panel_temperature_celsius"": 1.0, ""poa_irradiance_wm2"": 0.34447115384615384, ""precipitation_accumulated_mm"": 1.0, ""tracker_albedo_index"": 1.0, ""wind_direction_degrees"": 1.0, ""wind_speed_ms"": 1.0}",0,1
BR-PVGen_meteorological/PS_023.csv,meteorological,24960,0,0,24960,0,24960,0,2024-09-23T00:00:00+00:00,2025-06-09T23:45:00+00:00,0,"{""900"": 24959}",{},"{""interpolated_keys_ghi_irradiance_wm2"": 10, ""interpolated_keys_poa_irradiance_wm2"": 10}","{""ambient_temperature_celsius"": 1.0, ""battery_voltage"": 1.0, ""ghi_irradiance_wm2"": 0.14158653846153846, ""gri_irradiance_wm2"": 1.0, ""interpolated_keys_ghi_irradiance_wm2"": 0.9995993589743589, ""interpolated_keys_poa_irradiance_wm2"": 0.9995993589743589, ""panel_temperature_celsius"": 1.0, ""poa_irradiance_wm2"": 0.14158653846153846, ""precipitation_accumulated_mm"": 1.0, ""tracker_albedo_index"": 1.0, ""wind_direction_degrees"": 1.0, ""wind_speed_ms"": 1.0}",0,1
BR-PVGen_meteorological/PS_024.csv,meteorological,23424,0,0,23424,0,23424,0,2024-10-09T00:00:00+00:00,2025-06-09T23:45:00+00:00,0,"{""900"": 23423}",{},"{""interpolated_keys_ghi_irradiance_wm2"": 33, ""interpolated_keys_poa_irradiance_wm2"": 33}","{""ambient_temperature_celsius"": 1.0, ""battery_voltage"": 1.0, ""ghi_irradiance_wm2"": 0.21917691256830601, ""gri_irradiance_wm2"": 1.0, ""interpolated_keys_ghi_irradiance_wm2"": 0.9985911885245902, ""interpolated_keys_poa_irradiance_wm2"": 0.9985911885245902, ""panel_temperature_celsius"": 1.0, ""poa_irradiance_wm2"": 0.21917691256830601, ""precipitation_accumulated_mm"": 1.0, ""tracker_albedo_index"": 1.0, ""wind_direction_degrees"": 1.0, ""wind_speed_ms"": 1.0}",0,1
BR-PVGen_meteorological/PS_025.csv,meteorological,24000,0,0,24000,0,24000,0,2024-10-03T00:00:00+00:00,2025-06-09T23:45:00+00:00,0,"{""900"": 23999}",{},"{""interpolated_keys_ghi_irradiance_wm2"": 3, ""interpolated_keys_poa_irradiance_wm2"": 3}","{""ambient_temperature_celsius"": 1.0, ""battery_voltage"": 1.0, ""ghi_irradiance_wm2"": 0.22066666666666668, ""gri_irradiance_wm2"": 1.0, ""interpolated_keys_ghi_irradiance_wm2"": 0.999875, ""interpolated_keys_poa_irradiance_wm2"": 0.999875, ""panel_temperature_celsius"": 1.0, ""poa_irradiance_wm2"": 0.22066666666666668, ""precipitation_accumulated_mm"": 1.0, ""tracker_albedo_index"": 1.0, ""wind_direction_degrees"": 1.0, ""wind_speed_ms"": 1.0}",0,1
BR-PVGen_meteorological/PS_026.csv,meteorological,24576,0,0,24576,0,24576,0,2024-09-27T00:00:00+00:00,2025-06-09T23:45:00+00:00,0,"{""900"": 24575}",{},"{""interpolated_keys_ghi_irradiance_wm2"": 35, ""interpolated_keys_poa_irradiance_wm2"": 35}","{""ambient_temperature_celsius"": 1.0, ""battery_voltage"": 1.0, ""ghi_irradiance_wm2"": 0.18387858072916666, ""gri_irradiance_wm2"": 1.0, ""interpolated_keys_ghi_irradiance_wm2"": 0.9985758463541666, ""interpolated_keys_poa_irradiance_wm2"": 0.9985758463541666, ""panel_temperature_celsius"": 1.0, ""poa_irradiance_wm2"": 0.18387858072916666, ""precipitation_accumulated_mm"": 1.0, ""tracker_albedo_index"": 1.0, ""wind_direction_degrees"": 1.0, ""wind_speed_ms"": 1.0}",0,1
BR-PVGen_meteorological/PS_027.csv,meteorological,19296,0,0,19296,0,19296,0,2024-09-30T00:00:00+00:00,2025-04-18T23:45:00+00:00,0,"{""900"": 19295}",{},"{""interpolated_keys_ghi_irradiance_wm2"": 33, ""interpolated_keys_poa_irradiance_wm2"": 33}","{""ambient_temperature_celsius"": 1.0, ""battery_voltage"": 1.0, ""ghi_irradiance_wm2"": 0.21802446102819237, ""gri_irradiance_wm2"": 1.0, ""interpolated_keys_ghi_irradiance_wm2"": 0.9982898009950248, ""interpolated_keys_poa_irradiance_wm2"": 0.9982898009950248, ""panel_temperature_celsius"": 1.0, ""poa_irradiance_wm2"": 0.21802446102819237, ""precipitation_accumulated_mm"": 1.0, ""tracker_albedo_index"": 1.0, ""wind_direction_degrees"": 1.0, ""wind_speed_ms"": 1.0}",0,1
BR-PVGen_meteorological/PS_028.csv,meteorological,24192,0,0,24192,0,24192,0,2024-10-01T00:00:00+00:00,2025-06-09T23:45:00+00:00,0,"{""900"": 24191}","{""ghi_irradiance_wm2"": 9101, ""poa_irradiance_wm2"": 9023}","{""interpolated_keys_ambient_temperature_celsius"": 17, ""interpolated_keys_ghi_irradiance_wm2"": 16, ""interpolated_keys_panel_temperature_celsius"": 16, ""interpolated_keys_poa_irradiance_wm2"": 16, ""interpolated_keys_wind_speed_ms"": 16}","{""ambient_temperature_celsius"": 0.11301256613756613, ""battery_voltage"": 1.0, ""ghi_irradiance_wm2"": 0.11301256613756613, ""gri_irradiance_wm2"": 1.0, ""interpolated_keys_ambient_temperature_celsius"": 0.9992972883597884, ""interpolated_keys_ghi_irradiance_wm2"": 0.9993386243386243, ""interpolated_keys_panel_temperature_celsius"": 0.9993386243386243, ""interpolated_keys_poa_irradiance_wm2"": 0.9993386243386243, ""interpolated_keys_wind_speed_ms"": 0.9993386243386243, ""panel_temperature_celsius"": 0.11301256613756613, ""poa_irradiance_wm2"": 0.11301256613756613, ""precipitation_accumulated_mm"": 0.0023148148148148147, ""tracker_albedo_index"": 1.0, ""wind_direction_degrees"": 1.0, ""wind_speed_ms"": 0.11301256613756613}",0,1
BR-PVGen_meteorological/PS_029.csv,meteorological,24000,0,0,24000,0,24000,0,2024-10-03T00:00:00+00:00,2025-06-09T23:45:00+00:00,0,"{""900"": 23999}",{},"{""interpolated_keys_ghi_irradiance_wm2"": 29, ""interpolated_keys_poa_irradiance_wm2"": 29}","{""ambient_temperature_celsius"": 1.0, ""battery_voltage"": 1.0, ""ghi_irradiance_wm2"": 0.20829166666666668, ""gri_irradiance_wm2"": 1.0, ""interpolated_keys_ghi_irradiance_wm2"": 0.9987916666666666, ""interpolated_keys_poa_irradiance_wm2"": 0.9987916666666666, ""panel_temperature_celsius"": 1.0, ""poa_irradiance_wm2"": 0.208375, ""precipitation_accumulated_mm"": 1.0, ""tracker_albedo_index"": 1.0, ""wind_direction_degrees"": 1.0, ""wind_speed_ms"": 1.0}",0,1
BR-PVGen_meteorological/PS_030.csv,meteorological,24096,0,0,24096,0,24096,0,2024-10-02T00:00:00+00:00,2025-06-09T23:45:00+00:00,0,"{""900"": 24095}",{},"{""interpolated_keys_ghi_irradiance_wm2"": 8, ""interpolated_keys_poa_irradiance_wm2"": 8}","{""ambient_temperature_celsius"": 1.0, ""battery_voltage"": 1.0, ""ghi_irradiance_wm2"": 0.2489624833997344, ""gri_irradiance_wm2"": 1.0, ""interpolated_keys_ghi_irradiance_wm2"": 0.999667994687915, ""interpolated_keys_poa_irradiance_wm2"": 0.999667994687915, ""panel_temperature_celsius"": 1.0, ""poa_irradiance_wm2"": 0.2489624833997344, ""precipitation_accumulated_mm"": 1.0, ""tracker_albedo_index"": 1.0, ""wind_direction_degrees"": 1.0, ""wind_speed_ms"": 1.0}",0,1
BR-PVGen_meteorological/PS_031.csv,meteorological,16320,0,0,16320,0,16320,0,2024-10-04T00:00:00+00:00,2025-03-22T23:45:00+00:00,0,"{""900"": 16319}",{},"{""interpolated_keys_ghi_irradiance_wm2"": 28, ""interpolated_keys_poa_irradiance_wm2"": 28}","{""ambient_temperature_celsius"": 1.0, ""battery_voltage"": 1.0, ""ghi_irradiance_wm2"": 0.2462622549019608, ""gri_irradiance_wm2"": 1.0, ""interpolated_keys_ghi_irradiance_wm2"": 0.9982843137254902, ""interpolated_keys_poa_irradiance_wm2"": 0.9982843137254902, ""panel_temperature_celsius"": 1.0, ""poa_irradiance_wm2"": 0.2462622549019608, ""precipitation_accumulated_mm"": 1.0, ""tracker_albedo_index"": 1.0, ""wind_direction_degrees"": 1.0, ""wind_speed_ms"": 1.0}",0,1
BR-PVGen_meteorological/PS_032.csv,meteorological,23904,0,0,23904,0,23904,0,2024-10-04T00:00:00+00:00,2025-06-09T23:45:00+00:00,0,"{""900"": 23903}",{},"{""interpolated_keys_ghi_irradiance_wm2"": 39, ""interpolated_keys_poa_irradiance_wm2"": 39}","{""ambient_temperature_celsius"": 1.0, ""battery_voltage"": 1.0, ""ghi_irradiance_wm2"": 0.2740963855421687, ""gri_irradiance_wm2"": 1.0, ""interpolated_keys_ghi_irradiance_wm2"": 0.9983684738955824, ""interpolated_keys_poa_irradiance_wm2"": 0.9983684738955824, ""panel_temperature_celsius"": 1.0, ""poa_irradiance_wm2"": 0.2740963855421687, ""precipitation_accumulated_mm"": 1.0, ""tracker_albedo_index"": 1.0, ""wind_direction_degrees"": 1.0, ""wind_speed_ms"": 1.0}",0,1
BR-PVGen_meteorological/PS_033.csv,meteorological,23520,0,0,23520,0,23520,0,2024-10-08T00:00:00+00:00,2025-06-09T23:45:00+00:00,0,"{""900"": 23519}","{""ghi_irradiance_wm2"": 8085, ""poa_irradiance_wm2"": 8128}","{""interpolated_keys_ambient_temperature_celsius"": 20, ""interpolated_keys_ghi_irradiance_wm2"": 20, ""interpolated_keys_panel_temperature_celsius"": 20, ""interpolated_keys_poa_irradiance_wm2"": 20, ""interpolated_keys_wind_speed_ms"": 20}","{""ambient_temperature_celsius"": 0.19340986394557824, ""battery_voltage"": 1.0, ""ghi_irradiance_wm2"": 0.1933673469387755, ""gri_irradiance_wm2"": 1.0, ""interpolated_keys_ambient_temperature_celsius"": 0.9991496598639455, ""interpolated_keys_ghi_irradiance_wm2"": 0.9991496598639455, ""interpolated_keys_panel_temperature_celsius"": 0.9991496598639455, ""interpolated_keys_poa_irradiance_wm2"": 0.9991496598639455, ""interpolated_keys_wind_speed_ms"": 0.9991496598639455, ""panel_temperature_celsius"": 0.19340986394557824, ""poa_irradiance_wm2"": 0.1933673469387755, ""precipitation_accumulated_mm"": 0.0025935374149659864, ""tracker_albedo_index"": 1.0, ""wind_direction_degrees"": 1.0, ""wind_speed_ms"": 0.19345238095238096}",0,1
BR-PVGen_meteorological/PS_034.csv,meteorological,23328,0,0,23328,0,23328,0,2024-10-10T00:00:00+00:00,2025-06-09T23:45:00+00:00,0,"{""900"": 23327}","{""poa_irradiance_wm2"": 6985, ""ghi_irradiance_wm2"": 11}","{""interpolated_keys_wind_speed_ms"": 18, ""interpolated_keys_ambient_temperature_celsius"": 22, ""interpolated_keys_ghi_irradiance_wm2"": 18, ""interpolated_keys_panel_temperature_celsius"": 18, ""interpolated_keys_poa_irradiance_wm2"": 20, ""interpolated_keys_gri_irradiance_wm2"": 8}","{""ambient_temperature_celsius"": 0.2665895061728395, ""battery_voltage"": 1.0, ""ghi_irradiance_wm2"": 0.2665895061728395, ""gri_irradiance_wm2"": 0.9784379286694102, ""interpolated_keys_ambient_temperature_celsius"": 0.999056927297668, ""interpolated_keys_ghi_irradiance_wm2"": 0.9992283950617284, ""interpolated_keys_gri_irradiance_wm2"": 0.9996570644718793, ""interpolated_keys_panel_temperature_celsius"": 0.9992283950617284, ""interpolated_keys_poa_irradiance_wm2"": 0.9991426611796982, ""interpolated_keys_wind_speed_ms"": 0.9992283950617284, ""panel_temperature_celsius"": 0.26663237311385457, ""poa_irradiance_wm2"": 0.2665895061728395, ""precipitation_accumulated_mm"": 0.0019718792866941014, ""tracker_albedo_index"": 1.0, ""wind_direction_degrees"": 1.0, ""wind_speed_ms"": 0.2666752400548697}",0,1
BR-PVGen_meteorological/PS_035.csv,meteorological,18912,0,0,18912,0,18912,0,2024-11-25T00:00:00+00:00,2025-06-09T23:45:00+00:00,0,"{""900"": 18911}","{""gri_irradiance_wm2"": 7432, ""ghi_irradiance_wm2"": 8003, ""poa_irradiance_wm2"": 8018, ""wind_direction_degrees"": 1}","{""interpolated_keys_ambient_temperature_celsius"": 36, ""interpolated_keys_battery_voltage"": 36, ""interpolated_keys_ghi_irradiance_wm2"": 36, ""interpolated_keys_gri_irradiance_wm2"": 36, ""interpolated_keys_panel_temperature_celsius"": 36, ""interpolated_keys_poa_irradiance_wm2"": 36, ""interpolated_keys_wind_direction_degrees"": 36, ""interpolated_keys_wind_speed_ms"": 36}","{""ambient_temperature_celsius"": 0.043993231810490696, ""battery_voltage"": 0.043993231810490696, ""ghi_irradiance_wm2"": 0.043993231810490696, ""gri_irradiance_wm2"": 0.043993231810490696, ""interpolated_keys_ambient_temperature_celsius"": 0.9980964467005076, ""interpolated_keys_battery_voltage"": 0.9980964467005076, ""interpolated_keys_ghi_irradiance_wm2"": 0.9980964467005076, ""interpolated_keys_gri_irradiance_wm2"": 0.9980964467005076, ""interpolated_keys_panel_temperature_celsius"": 0.9980964467005076, ""interpolated_keys_poa_irradiance_wm2"": 0.9980964467005076, ""interpolated_keys_wind_direction_degrees"": 0.9980964467005076, ""interpolated_keys_wind_speed_ms"": 0.9980964467005076, ""panel_temperature_celsius"": 0.043993231810490696, ""poa_irradiance_wm2"": 0.043993231810490696, ""precipitation_accumulated_mm"": 0.00327834179357022, ""tracker_albedo_index"": 1.0, ""wind_direction_degrees"": 0.043993231810490696, ""wind_speed_ms"": 0.043993231810490696}",0,1
BR-PVGen_meteorological/PS_036.csv,meteorological,18816,0,0,18816,0,18816,0,2024-11-26T00:00:00+00:00,2025-06-09T23:45:00+00:00,0,"{""900"": 18815}","{""gri_irradiance_wm2"": 6348, ""poa_irradiance_wm2"": 5238, ""ghi_irradiance_wm2"": 6138, ""wind_speed_ms"": 337}","{""interpolated_keys_ambient_temperature_celsius"": 36, ""interpolated_keys_battery_voltage"": 36, ""interpolated_keys_ghi_irradiance_wm2"": 36, ""interpolated_keys_gri_irradiance_wm2"": 36, ""interpolated_keys_panel_temperature_celsius"": 36, ""interpolated_keys_poa_irradiance_wm2"": 36, ""interpolated_keys_wind_direction_degrees"": 36, ""interpolated_keys_wind_speed_ms"": 36}","{""ambient_temperature_celsius"": 0.28380102040816324, ""battery_voltage"": 0.28380102040816324, ""ghi_irradiance_wm2"": 0.28380102040816324, ""gri_irradiance_wm2"": 0.28380102040816324, ""interpolated_keys_ambient_temperature_celsius"": 0.9980867346938775, ""interpolated_keys_battery_voltage"": 0.9980867346938775, ""interpolated_keys_ghi_irradiance_wm2"": 0.9980867346938775, ""interpolated_keys_gri_irradiance_wm2"": 0.9980867346938775, ""interpolated_keys_panel_temperature_celsius"": 0.9980867346938775, ""interpolated_keys_poa_irradiance_wm2"": 0.9980867346938775, ""interpolated_keys_wind_direction_degrees"": 0.9980867346938775, ""interpolated_keys_wind_speed_ms"": 0.9980867346938775, ""panel_temperature_celsius"": 0.28380102040816324, ""poa_irradiance_wm2"": 0.28380102040816324, ""precipitation_accumulated_mm"": 0.003241921768707483, ""tracker_albedo_index"": 1.0, ""wind_direction_degrees"": 0.28380102040816324, ""wind_speed_ms"": 0.28380102040816324}",0,1
BR-PVGen_meteorological/PS_037.csv,meteorological,18144,0,0,18144,0,18144,0,2024-12-03T00:00:00+00:00,2025-06-09T23:45:00+00:00,0,"{""900"": 18143}","{""poa_irradiance_wm2"": 6597, ""ghi_irradiance_wm2"": 6697, ""gri_irradiance_wm2"": 6836}","{""interpolated_keys_ambient_temperature_celsius"": 81, ""interpolated_keys_battery_voltage"": 81, ""interpolated_keys_ghi_irradiance_wm2"": 81, ""interpolated_keys_gri_irradiance_wm2"": 81, ""interpolated_keys_panel_temperature_celsius"": 81, ""interpolated_keys_poa_irradiance_wm2"": 81, ""interpolated_keys_wind_direction_degrees"": 81, ""interpolated_keys_wind_speed_ms"": 81}","{""ambient_temperature_celsius"": 0.18953924162257496, ""battery_voltage"": 0.18953924162257496, ""ghi_irradiance_wm2"": 0.18953924162257496, ""gri_irradiance_wm2"": 0.18953924162257496, ""interpolated_keys_ambient_temperature_celsius"": 0.9955357142857143, ""interpolated_keys_battery_voltage"": 0.9955357142857143, ""interpolated_keys_ghi_irradiance_wm2"": 0.9955357142857143, ""interpolated_keys_gri_irradiance_wm2"": 0.9955357142857143, ""interpolated_keys_panel_temperature_celsius"": 0.9955357142857143, ""interpolated_keys_poa_irradiance_wm2"": 0.9955357142857143, ""interpolated_keys_tracker_albedo_index"": 0.9955357142857143, ""interpolated_keys_wind_direction_degrees"": 0.9955357142857143, ""interpolated_keys_wind_speed_ms"": 0.9955357142857143, ""panel_temperature_celsius"": 0.18953924162257496, ""poa_irradiance_wm2"": 0.18953924162257496, ""precipitation_accumulated_mm"": 0.003968253968253968, ""tracker_albedo_index"": 0.18953924162257496, ""wind_direction_degrees"": 0.18953924162257496, ""wind_speed_ms"": 0.18953924162257496}",0,1
BR-PVGen_meteorological/PS_038.csv,meteorological,18240,0,0,18240,0,18240,0,2024-12-02T00:00:00+00:00,2025-06-09T23:45:00+00:00,0,"{""900"": 18239}","{""gri_irradiance_wm2"": 8044, ""poa_irradiance_wm2"": 8076, ""wind_speed_ms"": 442, ""ghi_irradiance_wm2"": 8011}","{""interpolated_keys_ambient_temperature_celsius"": 8, ""interpolated_keys_battery_voltage"": 8, ""interpolated_keys_ghi_irradiance_wm2"": 8, ""interpolated_keys_gri_irradiance_wm2"": 8, ""interpolated_keys_panel_temperature_celsius"": 8, ""interpolated_keys_poa_irradiance_wm2"": 8, ""interpolated_keys_wind_direction_degrees"": 8, ""interpolated_keys_wind_speed_ms"": 8}","{""ambient_temperature_celsius"": 0.029111842105263158, ""battery_voltage"": 0.029111842105263158, ""ghi_irradiance_wm2"": 0.029111842105263158, ""gri_irradiance_wm2"": 0.029111842105263158, ""interpolated_keys_ambient_temperature_celsius"": 0.999561403508772, ""interpolated_keys_battery_voltage"": 0.999561403508772, ""interpolated_keys_ghi_irradiance_wm2"": 0.999561403508772, ""interpolated_keys_gri_irradiance_wm2"": 0.999561403508772, ""interpolated_keys_panel_temperature_celsius"": 0.999561403508772, ""interpolated_keys_poa_irradiance_wm2"": 0.999561403508772, ""interpolated_keys_wind_direction_degrees"": 0.999561403508772, ""interpolated_keys_wind_speed_ms"": 0.999561403508772, ""panel_temperature_celsius"": 0.029111842105263158, ""poa_irradiance_wm2"": 0.029111842105263158, ""precipitation_accumulated_mm"": 0.003344298245614035, ""tracker_albedo_index"": 1.0, ""wind_direction_degrees"": 0.029111842105263158, ""wind_speed_ms"": 0.029111842105263158}",0,1
BR-PVGen_meteorological/PS_039.csv,meteorological,17856,0,0,17856,0,17856,0,2024-12-06T00:00:00+00:00,2025-06-09T23:45:00+00:00,0,"{""900"": 17855}","{""gri_irradiance_wm2"": 8543, ""wind_speed_ms"": 843, ""poa_irradiance_wm2"": 1145, ""ghi_irradiance_wm2"": 6375}","{""interpolated_keys_ambient_temperature_celsius"": 29, ""interpolated_keys_battery_voltage"": 29, ""interpolated_keys_ghi_irradiance_wm2"": 29, ""interpolated_keys_gri_irradiance_wm2"": 29, ""interpolated_keys_panel_temperature_celsius"": 29, ""interpolated_keys_poa_irradiance_wm2"": 29, ""interpolated_keys_wind_direction_degrees"": 29, ""interpolated_keys_wind_speed_ms"": 29}","{""ambient_temperature_celsius"": 0.08434139784946236, ""battery_voltage"": 0.08434139784946236, ""ghi_irradiance_wm2"": 0.08434139784946236, ""gri_irradiance_wm2"": 0.08434139784946236, ""interpolated_keys_ambient_temperature_celsius"": 0.9983758960573477, ""interpolated_keys_battery_voltage"": 0.9983758960573477, ""interpolated_keys_ghi_irradiance_wm2"": 0.9983758960573477, ""interpolated_keys_gri_irradiance_wm2"": 0.9983758960573477, ""interpolated_keys_panel_temperature_celsius"": 0.9983758960573477, ""interpolated_keys_poa_irradiance_wm2"": 0.9983758960573477, ""interpolated_keys_wind_direction_degrees"": 0.9983758960573477, ""interpolated_keys_wind_speed_ms"": 0.9983758960573477, ""panel_temperature_celsius"": 0.08434139784946236, ""poa_irradiance_wm2"": 0.08434139784946236, ""precipitation_accumulated_mm"": 0.004480286738351254, ""tracker_albedo_index"": 1.0, ""wind_direction_degrees"": 0.08434139784946236, ""wind_speed_ms"": 0.08434139784946236}",0,1
BR-PVGen_meteorological/PS_040.csv,meteorological,13056,0,0,13056,0,13056,0,2024-12-19T00:00:00+00:00,2025-05-03T23:45:00+00:00,0,"{""900"": 13055}","{""ghi_irradiance_wm2"": 5897, ""poa_irradiance_wm2"": 5917}","{""interpolated_keys_ambient_temperature_celsius"": 2, ""interpolated_keys_ghi_irradiance_wm2"": 2, ""interpolated_keys_panel_temperature_celsius"": 2, ""interpolated_keys_poa_irradiance_wm2"": 2, ""interpolated_keys_wind_speed_ms"": 2}","{""ambient_temperature_celsius"": 0.020526960784313725, ""battery_voltage"": 1.0, ""ghi_irradiance_wm2"": 0.020526960784313725, ""gri_irradiance_wm2"": 1.0, ""interpolated_keys_ambient_temperature_celsius"": 0.9998468137254902, ""interpolated_keys_ghi_irradiance_wm2"": 0.9998468137254902, ""interpolated_keys_panel_temperature_celsius"": 0.9998468137254902, ""interpolated_keys_poa_irradiance_wm2"": 0.9998468137254902, ""interpolated_keys_wind_speed_ms"": 0.9998468137254902, ""panel_temperature_celsius"": 0.020526960784313725, ""poa_irradiance_wm2"": 0.020526960784313725, ""precipitation_accumulated_mm"": 0.004978553921568627, ""tracker_albedo_index"": 1.0, ""wind_direction_degrees"": 1.0, ""wind_speed_ms"": 0.020526960784313725}",0,1
BR-PVGen_meteorological/PS_041.csv,meteorological,16800,0,0,16800,0,16800,0,2024-12-17T00:00:00+00:00,2025-06-09T23:45:00+00:00,0,"{""900"": 16799}","{""gri_irradiance_wm2"": 6175, ""wind_speed_ms"": 196}","{""interpolated_keys_ambient_temperature_celsius"": 8, ""interpolated_keys_ghi_irradiance_wm2"": 8, ""interpolated_keys_gri_irradiance_wm2"": 8, ""interpolated_keys_panel_temperature_celsius"": 8, ""interpolated_keys_poa_irradiance_wm2"": 8, ""interpolated_keys_wind_speed_ms"": 8}","{""ambient_temperature_celsius"": 0.23285714285714285, ""battery_voltage"": 1.0, ""ghi_irradiance_wm2"": 0.23285714285714285, ""gri_irradiance_wm2"": 0.23291666666666666, ""interpolated_keys_ambient_temperature_celsius"": 0.9995238095238095, ""interpolated_keys_ghi_irradiance_wm2"": 0.9995238095238095, ""interpolated_keys_gri_irradiance_wm2"": 0.9995238095238095, ""interpolated_keys_panel_temperature_celsius"": 0.9995238095238095, ""interpolated_keys_poa_irradiance_wm2"": 0.9995238095238095, ""interpolated_keys_wind_speed_ms"": 0.9995238095238095, ""panel_temperature_celsius"": 0.23285714285714285, ""poa_irradiance_wm2"": 0.23285714285714285, ""precipitation_accumulated_mm"": 0.002976190476190476, ""tracker_albedo_index"": 1.0, ""wind_direction_degrees"": 1.0, ""wind_speed_ms"": 0.23285714285714285}",0,1
BR-PVGen_meteorological/PS_042.csv,meteorological,9792,0,0,9792,0,9792,0,2025-02-28T00:00:00+00:00,2025-06-09T23:45:00+00:00,0,"{""900"": 9791}","{""ghi_irradiance_wm2"": 4779, ""gri_irradiance_wm2"": 4873, ""poa_irradiance_wm2"": 4725}","{""interpolated_keys_ambient_temperature_celsius"": 5, ""interpolated_keys_battery_voltage"": 5, ""interpolated_keys_ghi_irradiance_wm2"": 5, ""interpolated_keys_gri_irradiance_wm2"": 5, ""interpolated_keys_panel_temperature_celsius"": 5, ""interpolated_keys_poa_irradiance_wm2"": 5, ""interpolated_keys_wind_speed_ms"": 5}","{""ambient_temperature_celsius"": 0.009497549019607842, ""battery_voltage"": 0.009497549019607842, ""ghi_irradiance_wm2"": 0.009497549019607842, ""gri_irradiance_wm2"": 0.009497549019607842, ""interpolated_keys_ambient_temperature_celsius"": 0.9994893790849673, ""interpolated_keys_battery_voltage"": 0.9994893790849673, ""interpolated_keys_ghi_irradiance_wm2"": 0.9994893790849673, ""interpolated_keys_gri_irradiance_wm2"": 0.9994893790849673, ""interpolated_keys_panel_temperature_celsius"": 0.9994893790849673, ""interpolated_keys_poa_irradiance_wm2"": 0.9994893790849673, ""interpolated_keys_wind_speed_ms"": 0.9994893790849673, ""panel_temperature_celsius"": 0.009497549019607842, ""poa_irradiance_wm2"": 0.009497549019607842, ""precipitation_accumulated_mm"": 0.006127450980392157, ""tracker_albedo_index"": 1.0, ""wind_direction_degrees"": 0.9789624183006536, ""wind_speed_ms"": 0.009497549019607842}",0,1
BR-PVGen_meteorological/PS_043.csv,meteorological,9792,0,0,9792,0,9792,0,2025-02-28T00:00:00+00:00,2025-06-09T23:45:00+00:00,0,"{""900"": 9791}","{""ghi_irradiance_wm2"": 4657, ""gri_irradiance_wm2"": 4643, ""poa_irradiance_wm2"": 4572}","{""interpolated_keys_ambient_temperature_celsius"": 9, ""interpolated_keys_battery_voltage"": 9, ""interpolated_keys_ghi_irradiance_wm2"": 9, ""interpolated_keys_gri_irradiance_wm2"": 9, ""interpolated_keys_panel_temperature_celsius"": 9, ""interpolated_keys_poa_irradiance_wm2"": 9, ""interpolated_keys_wind_speed_ms"": 9}","{""ambient_temperature_celsius"": 0.03615196078431373, ""battery_voltage"": 0.03615196078431373, ""ghi_irradiance_wm2"": 0.03615196078431373, ""gri_irradiance_wm2"": 0.03615196078431373, ""interpolated_keys_ambient_temperature_celsius"": 0.9990808823529411, ""interpolated_keys_battery_voltage"": 0.9990808823529411, ""interpolated_keys_ghi_irradiance_wm2"": 0.9990808823529411, ""interpolated_keys_gri_irradiance_wm2"": 0.9990808823529411, ""interpolated_keys_panel_temperature_celsius"": 0.9990808823529411, ""interpolated_keys_poa_irradiance_wm2"": 0.9990808823529411, ""interpolated_keys_wind_speed_ms"": 0.9990808823529411, ""panel_temperature_celsius"": 0.03615196078431373, ""poa_irradiance_wm2"": 0.03615196078431373, ""precipitation_accumulated_mm"": 0.006127450980392157, ""tracker_albedo_index"": 1.0, ""wind_direction_degrees"": 0.9789624183006536, ""wind_speed_ms"": 0.03615196078431373}",0,1
BR-PVGen_meteorological/PS_044.csv,meteorological,9792,0,0,9792,0,9792,0,2025-02-28T00:00:00+00:00,2025-06-09T23:45:00+00:00,0,"{""900"": 9791}","{""poa_irradiance_wm2"": 4723, ""ghi_irradiance_wm2"": 4785, ""gri_irradiance_wm2"": 4865}","{""interpolated_keys_ambient_temperature_celsius"": 3, ""interpolated_keys_battery_voltage"": 3, ""interpolated_keys_ghi_irradiance_wm2"": 3, ""interpolated_keys_gri_irradiance_wm2"": 3, ""interpolated_keys_panel_temperature_celsius"": 3, ""interpolated_keys_poa_irradiance_wm2"": 3, ""interpolated_keys_wind_speed_ms"": 3}","{""ambient_temperature_celsius"": 0.010416666666666666, ""battery_voltage"": 0.010416666666666666, ""ghi_irradiance_wm2"": 0.010416666666666666, ""gri_irradiance_wm2"": 0.010416666666666666, ""interpolated_keys_ambient_temperature_celsius"": 0.9996936274509803, ""interpolated_keys_battery_voltage"": 0.9996936274509803, ""interpolated_keys_ghi_irradiance_wm2"": 0.9996936274509803, ""interpolated_keys_gri_irradiance_wm2"": 0.9996936274509803, ""interpolated_keys_panel_temperature_celsius"": 0.9996936274509803, ""interpolated_keys_poa_irradiance_wm2"": 0.9996936274509803, ""interpolated_keys_wind_speed_ms"": 0.9996936274509803, ""panel_temperature_celsius"": 0.010416666666666666, ""poa_irradiance_wm2"": 0.010416666666666666, ""precipitation_accumulated_mm"": 0.006229575163398693, ""tracker_albedo_index"": 1.0, ""wind_direction_degrees"": 0.9808006535947712, ""wind_speed_ms"": 0.010416666666666666}",0,1
BR-PVGen_meteorological/PS_045.csv,meteorological,9792,0,0,9792,0,9792,0,2025-02-28T00:00:00+00:00,2025-06-09T23:45:00+00:00,0,"{""900"": 9791}","{""gri_irradiance_wm2"": 4991, ""ghi_irradiance_wm2"": 4834, ""poa_irradiance_wm2"": 4746}","{""interpolated_keys_ambient_temperature_celsius"": 6, ""interpolated_keys_battery_voltage"": 6, ""interpolated_keys_ghi_irradiance_wm2"": 6, ""interpolated_keys_gri_irradiance_wm2"": 6, ""interpolated_keys_panel_temperature_celsius"": 6, ""interpolated_keys_poa_irradiance_wm2"": 6, ""interpolated_keys_wind_speed_ms"": 6}","{""ambient_temperature_celsius"": 0.011233660130718954, ""battery_voltage"": 0.011233660130718954, ""ghi_irradiance_wm2"": 0.011233660130718954, ""gri_irradiance_wm2"": 0.011233660130718954, ""interpolated_keys_ambient_temperature_celsius"": 0.9993872549019608, ""interpolated_keys_battery_voltage"": 0.9993872549019608, ""interpolated_keys_ghi_irradiance_wm2"": 0.9993872549019608, ""interpolated_keys_gri_irradiance_wm2"": 0.9993872549019608, ""interpolated_keys_panel_temperature_celsius"": 0.9993872549019608, ""interpolated_keys_poa_irradiance_wm2"": 0.9993872549019608, ""interpolated_keys_wind_speed_ms"": 0.9993872549019608, ""panel_temperature_celsius"": 0.011233660130718954, ""poa_irradiance_wm2"": 0.011233660130718954, ""precipitation_accumulated_mm"": 0.006433823529411764, ""tracker_albedo_index"": 1.0, ""wind_direction_degrees"": 0.9809027777777778, ""wind_speed_ms"": 0.011233660130718954}",0,1
BR-PVGen_meteorological/PS_046.csv,meteorological,9792,0,0,9792,0,9792,0,2025-02-28T00:00:00+00:00,2025-06-09T23:45:00+00:00,0,"{""900"": 9791}","{""gri_irradiance_wm2"": 5141, ""ghi_irradiance_wm2"": 4885, ""poa_irradiance_wm2"": 4799}","{""interpolated_keys_ambient_temperature_celsius"": 4, ""interpolated_keys_battery_voltage"": 4, ""interpolated_keys_ghi_irradiance_wm2"": 4, ""interpolated_keys_gri_irradiance_wm2"": 4, ""interpolated_keys_panel_temperature_celsius"": 4, ""interpolated_keys_poa_irradiance_wm2"": 4, ""interpolated_keys_wind_speed_ms"": 4}","{""ambient_temperature_celsius"": 0.014195261437908497, ""battery_voltage"": 0.014195261437908497, ""ghi_irradiance_wm2"": 0.014195261437908497, ""gri_irradiance_wm2"": 0.014195261437908497, ""interpolated_keys_ambient_temperature_celsius"": 0.9995915032679739, ""interpolated_keys_battery_voltage"": 0.9995915032679739, ""interpolated_keys_ghi_irradiance_wm2"": 0.9995915032679739, ""interpolated_keys_gri_irradiance_wm2"": 0.9995915032679739, ""interpolated_keys_panel_temperature_celsius"": 0.9995915032679739, ""interpolated_keys_poa_irradiance_wm2"": 0.9995915032679739, ""interpolated_keys_wind_speed_ms"": 0.9995915032679739, ""panel_temperature_celsius"": 0.014195261437908497, ""poa_irradiance_wm2"": 0.014195261437908497, ""precipitation_accumulated_mm"": 0.006535947712418301, ""tracker_albedo_index"": 1.0, ""wind_direction_degrees"": 0.9809027777777778, ""wind_speed_ms"": 0.014195261437908497}",0,1
BR-PVGen_meteorological/PS_047.csv,meteorological,9792,0,0,9792,0,9792,0,2025-02-28T00:00:00+00:00,2025-06-09T23:45:00+00:00,0,"{""900"": 9791}","{""gri_irradiance_wm2"": 4902, ""ghi_irradiance_wm2"": 4733, ""poa_irradiance_wm2"": 4492}","{""interpolated_keys_ambient_temperature_celsius"": 7, ""interpolated_keys_battery_voltage"": 7, ""interpolated_keys_ghi_irradiance_wm2"": 7, ""interpolated_keys_gri_irradiance_wm2"": 7, ""interpolated_keys_panel_temperature_celsius"": 7, ""interpolated_keys_poa_irradiance_wm2"": 7, ""interpolated_keys_wind_speed_ms"": 7}","{""ambient_temperature_celsius"": 0.01664624183006536, ""battery_voltage"": 0.01664624183006536, ""ghi_irradiance_wm2"": 0.01664624183006536, ""gri_irradiance_wm2"": 0.01664624183006536, ""interpolated_keys_ambient_temperature_celsius"": 0.9992851307189542, ""interpolated_keys_battery_voltage"": 0.9992851307189542, ""interpolated_keys_ghi_irradiance_wm2"": 0.9992851307189542, ""interpolated_keys_gri_irradiance_wm2"": 0.9992851307189542, ""interpolated_keys_panel_temperature_celsius"": 0.9992851307189542, ""interpolated_keys_poa_irradiance_wm2"": 0.9992851307189542, ""interpolated_keys_wind_speed_ms"": 0.9992851307189542, ""panel_temperature_celsius"": 0.01664624183006536, ""poa_irradiance_wm2"": 0.01664624183006536, ""precipitation_accumulated_mm"": 0.0066380718954248364, ""tracker_albedo_index"": 1.0, ""wind_direction_degrees"": 0.9418913398692811, ""wind_speed_ms"": 0.01664624183006536}",0,1
BR-PVGen_meteorological/PS_048.csv,meteorological,9792,0,0,9792,0,9792,0,2025-02-28T00:00:00+00:00,2025-06-09T23:45:00+00:00,0,"{""900"": 9791}","{""gri_irradiance_wm2"": 4173, ""ghi_irradiance_wm2"": 4029, ""poa_irradiance_wm2"": 3906}","{""interpolated_keys_ambient_temperature_celsius"": 4, ""interpolated_keys_battery_voltage"": 4, ""interpolated_keys_ghi_irradiance_wm2"": 4, ""interpolated_keys_gri_irradiance_wm2"": 4, ""interpolated_keys_panel_temperature_celsius"": 4, ""interpolated_keys_poa_irradiance_wm2"": 4, ""interpolated_keys_wind_speed_ms"": 4}","{""ambient_temperature_celsius"": 0.15165441176470587, ""battery_voltage"": 0.15165441176470587, ""ghi_irradiance_wm2"": 0.15165441176470587, ""gri_irradiance_wm2"": 0.15165441176470587, ""interpolated_keys_ambient_temperature_celsius"": 0.9995915032679739, ""interpolated_keys_battery_voltage"": 0.9995915032679739, ""interpolated_keys_ghi_irradiance_wm2"": 0.9995915032679739, ""interpolated_keys_gri_irradiance_wm2"": 0.9995915032679739, ""interpolated_keys_panel_temperature_celsius"": 0.9995915032679739, ""interpolated_keys_poa_irradiance_wm2"": 0.9995915032679739, ""interpolated_keys_wind_speed_ms"": 0.9995915032679739, ""panel_temperature_celsius"": 0.15165441176470587, ""poa_irradiance_wm2"": 0.15165441176470587, ""precipitation_accumulated_mm"": 0.0066380718954248364, ""tracker_albedo_index"": 1.0, ""wind_direction_degrees"": 0.9809027777777778, ""wind_speed_ms"": 0.15165441176470587}",0,1
BR-PVGen_meteorological/PS_049.csv,meteorological,9792,0,0,9792,0,9792,0,2025-02-28T00:00:00+00:00,2025-06-09T23:45:00+00:00,0,"{""900"": 9791}","{""ghi_irradiance_wm2"": 4218, ""gri_irradiance_wm2"": 4358, ""poa_irradiance_wm2"": 4139}","{""interpolated_keys_ambient_temperature_celsius"": 7, ""interpolated_keys_battery_voltage"": 7, ""interpolated_keys_ghi_irradiance_wm2"": 7, ""interpolated_keys_gri_irradiance_wm2"": 7, ""interpolated_keys_panel_temperature_celsius"": 7, ""interpolated_keys_poa_irradiance_wm2"": 7, ""interpolated_keys_wind_speed_ms"": 7}","{""ambient_temperature_celsius"": 0.12683823529411764, ""battery_voltage"": 0.12683823529411764, ""ghi_irradiance_wm2"": 0.12683823529411764, ""gri_irradiance_wm2"": 0.12683823529411764, ""interpolated_keys_ambient_temperature_celsius"": 0.9992851307189542, ""interpolated_keys_battery_voltage"": 0.9992851307189542, ""interpolated_keys_ghi_irradiance_wm2"": 0.9992851307189542, ""interpolated_keys_gri_irradiance_wm2"": 0.9992851307189542, ""interpolated_keys_panel_temperature_celsius"": 0.9992851307189542, ""interpolated_keys_poa_irradiance_wm2"": 0.9992851307189542, ""interpolated_keys_wind_speed_ms"": 0.9992851307189542, ""panel_temperature_celsius"": 0.12683823529411764, ""poa_irradiance_wm2"": 0.12683823529411764, ""precipitation_accumulated_mm"": 0.0066380718954248364, ""tracker_albedo_index"": 1.0, ""wind_direction_degrees"": 0.9809027777777778, ""wind_speed_ms"": 0.12683823529411764}",0,1
BR-PVGen_meteorological/PS_050.csv,meteorological,9792,0,0,9792,0,9792,0,2025-02-28T00:00:00+00:00,2025-06-09T23:45:00+00:00,0,"{""900"": 9791}","{""gri_irradiance_wm2"": 4899, ""poa_irradiance_wm2"": 4684, ""ghi_irradiance_wm2"": 4753}","{""interpolated_keys_ambient_temperature_celsius"": 3, ""interpolated_keys_battery_voltage"": 3, ""interpolated_keys_ghi_irradiance_wm2"": 3, ""interpolated_keys_gri_irradiance_wm2"": 3, ""interpolated_keys_panel_temperature_celsius"": 3, ""interpolated_keys_poa_irradiance_wm2"": 3, ""interpolated_keys_wind_speed_ms"": 3}","{""ambient_temperature_celsius"": 0.014093137254901961, ""battery_voltage"": 0.014093137254901961, ""ghi_irradiance_wm2"": 0.014093137254901961, ""gri_irradiance_wm2"": 0.014093137254901961, ""interpolated_keys_ambient_temperature_celsius"": 0.9996936274509803, ""interpolated_keys_battery_voltage"": 0.9996936274509803, ""interpolated_keys_ghi_irradiance_wm2"": 0.9996936274509803, ""interpolated_keys_gri_irradiance_wm2"": 0.9996936274509803, ""interpolated_keys_panel_temperature_celsius"": 0.9996936274509803, ""interpolated_keys_poa_irradiance_wm2"": 0.9996936274509803, ""interpolated_keys_wind_speed_ms"": 0.9996936274509803, ""panel_temperature_celsius"": 0.014093137254901961, ""poa_irradiance_wm2"": 0.014093137254901961, ""precipitation_accumulated_mm"": 0.0066380718954248364, ""tracker_albedo_index"": 1.0, ""wind_direction_degrees"": 0.9809027777777778, ""wind_speed_ms"": 0.014093137254901961}",0,1
BR-PVGen_meteorological/PS_051.csv,meteorological,8832,0,0,8832,0,8832,0,2025-03-10T00:00:00+00:00,2025-06-09T23:45:00+00:00,0,"{""900"": 8831}","{""ghi_irradiance_wm2"": 4258, ""poa_irradiance_wm2"": 4182, ""gri_irradiance_wm2"": 2776}","{""interpolated_keys_ambient_temperature_celsius"": 3, ""interpolated_keys_battery_voltage"": 3, ""interpolated_keys_ghi_irradiance_wm2"": 3, ""interpolated_keys_gri_irradiance_wm2"": 3, ""interpolated_keys_panel_temperature_celsius"": 3, ""interpolated_keys_poa_irradiance_wm2"": 3, ""interpolated_keys_wind_speed_ms"": 3}","{""ambient_temperature_celsius"": 0.020040760869565216, ""battery_voltage"": 0.020040760869565216, ""ghi_irradiance_wm2"": 0.020040760869565216, ""gri_irradiance_wm2"": 0.020040760869565216, ""interpolated_keys_ambient_temperature_celsius"": 0.9996603260869565, ""interpolated_keys_battery_voltage"": 0.9996603260869565, ""interpolated_keys_ghi_irradiance_wm2"": 0.9996603260869565, ""interpolated_keys_gri_irradiance_wm2"": 0.9996603260869565, ""interpolated_keys_panel_temperature_celsius"": 0.9996603260869565, ""interpolated_keys_poa_irradiance_wm2"": 0.9996603260869565, ""interpolated_keys_wind_speed_ms"": 0.9996603260869565, ""panel_temperature_celsius"": 0.020040760869565216, ""poa_irradiance_wm2"": 0.020040760869565216, ""precipitation_accumulated_mm"": 0.006340579710144928, ""tracker_albedo_index"": 1.0, ""wind_direction_degrees"": 0.9767889492753623, ""wind_speed_ms"": 0.020040760869565216}",0,1
BR-PVGen_inverter/PS_001.csv,inverter,1682304,0,0,1682304,0,1682304,0,2024-03-26T00:00:00+00:00,2025-06-09T23:45:00+00:00,0,"{""0"": 1639968, ""900"": 42335}",{},"{""interpolated_keys_internal_temperature_celsius"": 26123, ""interpolated_keys_total_active_power_w"": 26123, ""interpolated_keys_total_dc_power_w"": 26123, ""interpolated_keys_total_reactive_power_var"": 26127}","{""internal_temperature_celsius"": 0.12648486837099596, ""interpolated_keys_internal_temperature_celsius"": 0.9844718909305333, ""interpolated_keys_total_active_power_w"": 0.9844718909305333, ""interpolated_keys_total_dc_power_w"": 0.9844718909305333, ""interpolated_keys_total_reactive_power_var"": 0.9844695132389866, ""total_active_power_w"": 0.12648486837099596, ""total_dc_power_w"": 0.12648486837099596, ""total_reactive_power_var"": 0.1264884349083162}",41,1
BR-PVGen_inverter/PS_002.csv,inverter,169344,0,0,169344,0,169344,0,2024-03-26T00:00:00+00:00,2025-06-09T23:45:00+00:00,0,"{""0"": 127008, ""900"": 42335}",{},"{""interpolated_keys_internal_temperature_celsius"": 108, ""interpolated_keys_total_active_power_w"": 108, ""interpolated_keys_total_dc_power_w"": 108, ""interpolated_keys_total_reactive_power_var"": 108}","{""internal_temperature_celsius"": 0.02568145313681028, ""interpolated_keys_internal_temperature_celsius"": 0.9993622448979592, ""interpolated_keys_total_active_power_w"": 0.9993622448979592, ""interpolated_keys_total_dc_power_w"": 0.9993622448979592, ""interpolated_keys_total_reactive_power_var"": 0.9993622448979592, ""total_active_power_w"": 0.02568145313681028, ""total_dc_power_w"": 0.02568145313681028, ""total_reactive_power_var"": 0.02568145313681028}",4,1
BR-PVGen_inverter/PS_003.csv,inverter,168480,0,0,168480,0,168480,0,2024-03-26T00:00:00+00:00,2025-06-09T23:45:00+00:00,0,"{""0"": 126144, ""900"": 42335}",{},"{""interpolated_keys_internal_temperature_celsius"": 374, ""interpolated_keys_total_active_power_w"": 374, ""interpolated_keys_total_dc_power_w"": 374, ""interpolated_keys_total_reactive_power_var"": 374}","{""internal_temperature_celsius"": 0.04075854700854701, ""interpolated_keys_internal_temperature_celsius"": 0.9977801519468186, ""interpolated_keys_total_active_power_w"": 0.9977801519468186, ""interpolated_keys_total_dc_power_w"": 0.9977801519468186, ""interpolated_keys_total_reactive_power_var"": 0.9977801519468186, ""total_active_power_w"": 0.04075854700854701, ""total_dc_power_w"": 0.04075854700854701, ""total_reactive_power_var"": 0.04075854700854701}",4,1
BR-PVGen_inverter/PS_004.csv,inverter,405984,0,0,405984,0,405984,0,2024-03-26T00:00:00+00:00,2025-06-09T23:45:00+00:00,0,"{""0"": 363648, ""900"": 42335}",{},"{""interpolated_keys_internal_temperature_celsius"": 262, ""interpolated_keys_total_active_power_w"": 262, ""interpolated_keys_total_dc_power_w"": 262, ""interpolated_keys_total_reactive_power_var"": 262}","{""internal_temperature_celsius"": 0.08203771577205013, ""interpolated_keys_internal_temperature_celsius"": 0.9993546543706155, ""interpolated_keys_total_active_power_w"": 0.9993546543706155, ""interpolated_keys_total_dc_power_w"": 0.9993546543706155, ""interpolated_keys_total_reactive_power_var"": 0.9993546543706155, ""total_active_power_w"": 0.08203771577205013, ""total_dc_power_w"": 0.08203771577205013, ""total_reactive_power_var"": 0.08203771577205013}",11,1
BR-PVGen_inverter/PS_005.csv,inverter,653856,0,0,653856,0,653856,0,2024-04-11T00:00:00+00:00,2025-06-09T23:45:00+00:00,0,"{""0"": 613056, ""900"": 40799}",{},"{""interpolated_keys_internal_temperature_celsius"": 1152, ""interpolated_keys_total_active_power_w"": 1152, ""interpolated_keys_total_dc_power_w"": 1152, ""interpolated_keys_total_reactive_power_var"": 1152}","{""internal_temperature_celsius"": 0.11143126315274311, ""interpolated_keys_internal_temperature_celsius"": 0.9982381441785347, ""interpolated_keys_total_active_power_w"": 0.9982381441785347, ""interpolated_keys_total_dc_power_w"": 0.9982381441785347, ""interpolated_keys_total_reactive_power_var"": 0.9982381441785347, ""total_active_power_w"": 0.11143126315274311, ""total_dc_power_w"": 0.11143126315274311, ""total_reactive_power_var"": 0.11143126315274311}",20,1
BR-PVGen_inverter/PS_006.csv,inverter,609216,0,0,609216,0,609216,0,2024-05-09T00:00:00+00:00,2025-06-09T23:45:00+00:00,0,"{""0"": 571104, ""900"": 38111}",{},"{""interpolated_keys_internal_temperature_celsius"": 699, ""interpolated_keys_total_active_power_w"": 699, ""interpolated_keys_total_dc_power_w"": 699, ""interpolated_keys_total_reactive_power_var"": 699}","{""internal_temperature_celsius"": 0.059010268935812585, ""interpolated_keys_internal_temperature_celsius"": 0.9988526236999685, ""interpolated_keys_total_active_power_w"": 0.9988526236999685, ""interpolated_keys_total_dc_power_w"": 0.9988526236999685, ""interpolated_keys_total_reactive_power_var"": 0.9988526236999685, ""total_active_power_w"": 0.059010268935812585, ""total_dc_power_w"": 0.059010268935812585, ""total_reactive_power_var"": 0.059010268935812585}",16,1
BR-PVGen_inverter/PS_007.csv,inverter,152448,0,0,152448,0,152448,0,2024-05-09T00:00:00+00:00,2025-06-09T23:45:00+00:00,0,"{""0"": 114336, ""900"": 38111}",{},"{""interpolated_keys_internal_temperature_celsius"": 203, ""interpolated_keys_total_active_power_w"": 203, ""interpolated_keys_total_dc_power_w"": 203, ""interpolated_keys_total_reactive_power_var"": 203}","{""internal_temperature_celsius"": 0.09199202350965575, ""interpolated_keys_internal_temperature_celsius"": 0.9986683984047019, ""interpolated_keys_total_active_power_w"": 0.9986683984047019, ""interpolated_keys_total_dc_power_w"": 0.9986683984047019, ""interpolated_keys_total_reactive_power_var"": 0.9986683984047019, ""total_active_power_w"": 0.09199202350965575, ""total_dc_power_w"": 0.09199202350965575, ""total_reactive_power_var"": 0.09199202350965575}",4,1
BR-PVGen_inverter/PS_008.csv,inverter,608256,0,0,608256,0,608256,0,2024-05-10T00:00:00+00:00,2025-06-09T23:45:00+00:00,0,"{""0"": 570240, ""900"": 38015}",{},"{""interpolated_keys_internal_temperature_celsius"": 912, ""interpolated_keys_total_active_power_w"": 912, ""interpolated_keys_total_dc_power_w"": 912, ""interpolated_keys_total_reactive_power_var"": 901}","{""internal_temperature_celsius"": 0.07627216172138047, ""interpolated_keys_internal_temperature_celsius"": 0.9985006313131313, ""interpolated_keys_total_active_power_w"": 0.9985006313131313, ""interpolated_keys_total_dc_power_w"": 0.9985006313131313, ""interpolated_keys_total_reactive_power_var"": 0.9985187158038721, ""total_active_power_w"": 0.07627216172138047, ""total_dc_power_w"": 0.07627216172138047, ""total_reactive_power_var"": 0.07646287089646464}",16,1
BR-PVGen_inverter/PS_009.csv,inverter,140160,0,0,140160,0,140160,0,2024-06-10T00:00:00+00:00,2025-06-09T23:45:00+00:00,0,"{""0"": 105120, ""900"": 35039}",{},"{""interpolated_keys_internal_temperature_celsius"": 61, ""interpolated_keys_total_active_power_w"": 61, ""interpolated_keys_total_dc_power_w"": 61, ""interpolated_keys_total_reactive_power_var"": 61}","{""internal_temperature_celsius"": 0.03168521689497717, ""interpolated_keys_internal_temperature_celsius"": 0.9995647831050228, ""interpolated_keys_total_active_power_w"": 0.9995647831050228, ""interpolated_keys_total_dc_power_w"": 0.9995647831050228, ""interpolated_keys_total_reactive_power_var"": 0.9995647831050228, ""total_active_power_w"": 0.03168521689497717, ""total_dc_power_w"": 0.03168521689497717, ""total_reactive_power_var"": 0.03168521689497717}",4,1
BR-PVGen_inverter/PS_010.csv,inverter,278784,0,0,278784,0,278784,0,2024-06-12T00:00:00+00:00,2025-06-09T23:45:00+00:00,0,"{""0"": 243936, ""900"": 34847}",{},"{""interpolated_keys_internal_temperature_celsius"": 226, ""interpolated_keys_total_active_power_w"": 226, ""interpolated_keys_total_dc_power_w"": 226, ""interpolated_keys_total_reactive_power_var"": 226}","{""internal_temperature_celsius"": 0.07929795110192837, ""interpolated_keys_internal_temperature_celsius"": 0.9991893365472911, ""interpolated_keys_total_active_power_w"": 0.9991893365472911, ""interpolated_keys_total_dc_power_w"": 0.9991893365472911, ""interpolated_keys_total_reactive_power_var"": 0.9991893365472911, ""total_active_power_w"": 0.07929795110192837, ""total_dc_power_w"": 0.07929795110192837, ""total_reactive_power_var"": 0.07929795110192837}",8,1
BR-PVGen_inverter/PS_011.csv,inverter,306720,0,0,306720,0,306720,0,2024-06-20T00:00:00+00:00,2025-06-09T23:45:00+00:00,0,"{""0"": 272640, ""900"": 34079}",{},"{""interpolated_keys_internal_temperature_celsius"": 446, ""interpolated_keys_total_active_power_w"": 446, ""interpolated_keys_total_dc_power_w"": 446, ""interpolated_keys_total_reactive_power_var"": 446}","{""internal_temperature_celsius"": 0.09908711528429838, ""interpolated_keys_internal_temperature_celsius"": 0.9985459050599895, ""interpolated_keys_total_active_power_w"": 0.9985459050599895, ""interpolated_keys_total_dc_power_w"": 0.9985459050599895, ""interpolated_keys_total_reactive_power_var"": 0.9985459050599895, ""total_active_power_w"": 0.09908711528429838, ""total_dc_power_w"": 0.09908711528429838, ""total_reactive_power_var"": 0.09908711528429838}",9,1
BR-PVGen_inverter/PS_012.csv,inverter,679680,0,0,679680,0,679680,0,2024-06-21T00:00:00+00:00,2025-06-09T23:45:00+00:00,0,"{""0"": 645696, ""900"": 33983}",{},"{""interpolated_keys_internal_temperature_celsius"": 2255, ""interpolated_keys_total_active_power_w"": 2255, ""interpolated_keys_total_dc_power_w"": 2255, ""interpolated_keys_total_reactive_power_var"": 2255}","{""internal_temperature_celsius"": 0.3238450447269303, ""interpolated_keys_internal_temperature_celsius"": 0.9966822622410546, ""interpolated_keys_total_active_power_w"": 0.9966822622410546, ""interpolated_keys_total_dc_power_w"": 0.9966822622410546, ""interpolated_keys_total_reactive_power_var"": 0.9966822622410546, ""total_active_power_w"": 0.3238450447269303, ""total_dc_power_w"": 0.3238450447269303, ""total_reactive_power_var"": 0.3238450447269303}",20,1
BR-PVGen_inverter/PS_013.csv,inverter,127872,0,0,127872,0,127872,0,2024-07-03T00:00:00+00:00,2025-05-31T23:45:00+00:00,0,"{""0"": 95904, ""900"": 31967}",{},"{""interpolated_keys_internal_temperature_celsius"": 198, ""interpolated_keys_total_active_power_w"": 198, ""interpolated_keys_total_dc_power_w"": 198, ""interpolated_keys_total_reactive_power_var"": 198}","{""internal_temperature_celsius"": 0.05388200700700701, ""interpolated_keys_internal_temperature_celsius"": 0.9984515765765766, ""interpolated_keys_total_active_power_w"": 0.9984515765765766, ""interpolated_keys_total_dc_power_w"": 0.9984515765765766, ""interpolated_keys_total_reactive_power_var"": 0.9984515765765766, ""total_active_power_w"": 0.05388200700700701, ""total_dc_power_w"": 0.05388200700700701, ""total_reactive_power_var"": 0.05388200700700701}",4,1
BR-PVGen_inverter/PS_014.csv,inverter,115200,0,0,115200,0,115200,0,2024-08-20T00:00:00+00:00,2024-12-17T23:45:00+00:00,0,"{""0"": 103680, ""900"": 11519}",{},"{""interpolated_keys_internal_temperature_celsius"": 182, ""interpolated_keys_total_active_power_w"": 182, ""interpolated_keys_total_dc_power_w"": 182, ""interpolated_keys_total_reactive_power_var"": 182}","{""internal_temperature_celsius"": 0.17516493055555554, ""interpolated_keys_internal_temperature_celsius"": 0.9984201388888889, ""interpolated_keys_total_active_power_w"": 0.9984201388888889, ""interpolated_keys_total_dc_power_w"": 0.9984201388888889, ""interpolated_keys_total_reactive_power_var"": 0.9984201388888889, ""total_active_power_w"": 0.17516493055555554, ""total_dc_power_w"": 0.17516493055555554, ""total_reactive_power_var"": 0.17516493055555554}",10,1
BR-PVGen_inverter/PS_015.csv,inverter,281280,0,0,281280,0,281280,0,2024-08-21T00:00:00+00:00,2025-06-09T23:45:00+00:00,0,"{""0"": 253152, ""900"": 28127}",{},"{""interpolated_keys_internal_temperature_celsius"": 6534, ""interpolated_keys_total_active_power_w"": 6534, ""interpolated_keys_total_dc_power_w"": 6534, ""interpolated_keys_total_reactive_power_var"": 6534}","{""internal_temperature_celsius"": 0.03875497724687144, ""interpolated_keys_internal_temperature_celsius"": 0.9767704778156997, ""interpolated_keys_total_active_power_w"": 0.9767704778156997, ""interpolated_keys_total_dc_power_w"": 0.9767704778156997, ""interpolated_keys_total_reactive_power_var"": 0.9767704778156997, ""total_active_power_w"": 0.03875497724687144, ""total_dc_power_w"": 0.03875497724687144, ""total_reactive_power_var"": 0.03875497724687144}",10,1
BR-PVGen_inverter/PS_016.csv,inverter,264384,0,0,264384,0,264384,0,2024-09-02T00:00:00+00:00,2025-06-09T23:45:00+00:00,0,"{""0"": 237408, ""900"": 26975}",{},"{""interpolated_keys_internal_temperature_celsius"": 15186, ""interpolated_keys_total_active_power_w"": 15186, ""interpolated_keys_total_dc_power_w"": 15186, ""interpolated_keys_total_reactive_power_var"": 15186}","{""internal_temperature_celsius"": 0.3598742737835875, ""interpolated_keys_internal_temperature_celsius"": 0.9425608206245462, ""interpolated_keys_total_active_power_w"": 0.9425608206245462, ""interpolated_keys_total_dc_power_w"": 0.9425608206245462, ""interpolated_keys_total_reactive_power_var"": 0.9425608206245462, ""total_active_power_w"": 0.3598742737835875, ""total_dc_power_w"": 0.3598742737835875, ""total_reactive_power_var"": 0.3598742737835875}",10,1
BR-PVGen_inverter/PS_017.csv,inverter,252480,0,0,252480,0,252480,0,2024-09-20T00:00:00+00:00,2025-06-09T23:45:00+00:00,0,"{""0"": 227232, ""900"": 25247}",{},"{""interpolated_keys_internal_temperature_celsius"": 361, ""interpolated_keys_total_active_power_w"": 361, ""interpolated_keys_total_dc_power_w"": 361, ""interpolated_keys_total_reactive_power_var"": 361}","{""internal_temperature_celsius"": 0.04617791508238276, ""interpolated_keys_internal_temperature_celsius"": 0.9985701837769329, ""interpolated_keys_total_active_power_w"": 0.9985701837769329, ""interpolated_keys_total_dc_power_w"": 0.9985701837769329, ""interpolated_keys_total_reactive_power_var"": 0.9985701837769329, ""total_active_power_w"": 0.04617791508238276, ""total_dc_power_w"": 0.04617791508238276, ""total_reactive_power_var"": 0.04617791508238276}",10,1
BR-PVGen_inverter/PS_018.csv,inverter,292032,0,0,292032,0,292032,0,2024-09-20T00:00:00+00:00,2025-04-10T23:45:00+00:00,0,"{""0"": 272544, ""900"": 19487}",{},"{""interpolated_keys_internal_temperature_celsius"": 240, ""interpolated_keys_total_active_power_w"": 240, ""interpolated_keys_total_dc_power_w"": 240, ""interpolated_keys_total_reactive_power_var"": 240}","{""internal_temperature_celsius"": 0.08587757506026737, ""interpolated_keys_internal_temperature_celsius"": 0.9991781722550953, ""interpolated_keys_total_active_power_w"": 0.9991781722550953, ""interpolated_keys_total_dc_power_w"": 0.9991781722550953, ""interpolated_keys_total_reactive_power_var"": 0.9991781722550953, ""total_active_power_w"": 0.08587757506026737, ""total_dc_power_w"": 0.08587757506026737, ""total_reactive_power_var"": 0.08587757506026737}",15,1
BR-PVGen_inverter/PS_019.csv,inverter,374400,0,0,374400,0,374400,0,2024-09-23T00:00:00+00:00,2025-06-09T23:45:00+00:00,0,"{""0"": 349440, ""900"": 24959}",{},"{""interpolated_keys_internal_temperature_celsius"": 358, ""interpolated_keys_total_active_power_w"": 358, ""interpolated_keys_total_dc_power_w"": 358, ""interpolated_keys_total_reactive_power_var"": 358}","{""internal_temperature_celsius"": 0.06684561965811966, ""interpolated_keys_internal_temperature_celsius"": 0.9990438034188034, ""interpolated_keys_total_active_power_w"": 0.9990438034188034, ""interpolated_keys_total_dc_power_w"": 0.9990438034188034, ""interpolated_keys_total_reactive_power_var"": 0.9990438034188034, ""total_active_power_w"": 0.06684561965811966, ""total_dc_power_w"": 0.06684561965811966, ""total_reactive_power_var"": 0.06684561965811966}",15,1
BR-PVGen_inverter/PS_020.csv,inverter,249600,0,0,249600,0,249600,0,2024-09-23T00:00:00+00:00,2025-06-09T23:45:00+00:00,0,"{""0"": 224640, ""900"": 24959}",{},"{""interpolated_keys_internal_temperature_celsius"": 1189, ""interpolated_keys_total_active_power_w"": 1189, ""interpolated_keys_total_dc_power_w"": 1189, ""interpolated_keys_total_reactive_power_var"": 1189}","{""internal_temperature_celsius"": 0.22106971153846153, ""interpolated_keys_internal_temperature_celsius"": 0.9952363782051282, ""interpolated_keys_total_active_power_w"": 0.9952363782051282, ""interpolated_keys_total_dc_power_w"": 0.9952363782051282, ""interpolated_keys_total_reactive_power_var"": 0.9952363782051282, ""total_active_power_w"": 0.22106971153846153, ""total_dc_power_w"": 0.22106971153846153, ""total_reactive_power_var"": 0.22106971153846153}",10,1
BR-PVGen_inverter/PS_021.csv,inverter,374400,0,0,374400,0,374400,0,2024-09-23T00:00:00+00:00,2025-06-09T23:45:00+00:00,0,"{""0"": 349440, ""900"": 24959}",{},"{""interpolated_keys_internal_temperature_celsius"": 375, ""interpolated_keys_total_active_power_w"": 375, ""interpolated_keys_total_dc_power_w"": 375, ""interpolated_keys_total_reactive_power_var"": 375}","{""internal_temperature_celsius"": 0.07424679487179488, ""interpolated_keys_internal_temperature_celsius"": 0.9989983974358975, ""interpolated_keys_total_active_power_w"": 0.9989983974358975, ""interpolated_keys_total_dc_power_w"": 0.9989983974358975, ""interpolated_keys_total_reactive_power_var"": 0.9989983974358975, ""total_active_power_w"": 0.07424679487179488, ""total_dc_power_w"": 0.07424679487179488, ""total_reactive_power_var"": 0.07424679487179488}",15,1
BR-PVGen_inverter/PS_022.csv,inverter,238656,0,0,238656,0,238656,0,2024-09-23T00:00:00+00:00,2025-05-29T23:45:00+00:00,0,"{""0"": 214752, ""900"": 23903}",{},"{""interpolated_keys_internal_temperature_celsius"": 250, ""interpolated_keys_total_active_power_w"": 250, ""interpolated_keys_total_dc_power_w"": 250, ""interpolated_keys_total_reactive_power_var"": 250}","{""internal_temperature_celsius"": 0.0352222445695897, ""interpolated_keys_internal_temperature_celsius"": 0.9989524671493698, ""interpolated_keys_total_active_power_w"": 0.9989524671493698, ""interpolated_keys_total_dc_power_w"": 0.9989524671493698, ""interpolated_keys_total_reactive_power_var"": 0.9989524671493698, ""total_active_power_w"": 0.0352222445695897, ""total_dc_power_w"": 0.0352222445695897, ""total_reactive_power_var"": 0.0352222445695897}",10,1
BR-PVGen_inverter/PS_023.csv,inverter,240000,0,0,240000,0,240000,0,2024-09-23T00:00:00+00:00,2025-05-30T23:45:00+00:00,0,"{""0"": 216000, ""900"": 23999}",{},"{""interpolated_keys_internal_temperature_celsius"": 173, ""interpolated_keys_total_active_power_w"": 173, ""interpolated_keys_total_dc_power_w"": 173, ""interpolated_keys_total_reactive_power_var"": 173}","{""internal_temperature_celsius"": 0.053545833333333334, ""interpolated_keys_internal_temperature_celsius"": 0.9992791666666667, ""interpolated_keys_total_active_power_w"": 0.9992791666666667, ""interpolated_keys_total_dc_power_w"": 0.9992791666666667, ""interpolated_keys_total_reactive_power_var"": 0.9992791666666667, ""total_active_power_w"": 0.053545833333333334, ""total_dc_power_w"": 0.053545833333333334, ""total_reactive_power_var"": 0.053545833333333334}",10,1
BR-PVGen_inverter/PS_024.csv,inverter,234240,0,0,234240,0,234240,0,2024-10-09T00:00:00+00:00,2025-06-09T23:45:00+00:00,0,"{""0"": 210816, ""900"": 23423}",{},"{""interpolated_keys_internal_temperature_celsius"": 507, ""interpolated_keys_total_active_power_w"": 507, ""interpolated_keys_total_dc_power_w"": 507, ""interpolated_keys_total_reactive_power_var"": 507}","{""internal_temperature_celsius"": 0.1799436475409836, ""interpolated_keys_internal_temperature_celsius"": 0.9978355532786886, ""interpolated_keys_total_active_power_w"": 0.9978355532786886, ""interpolated_keys_total_dc_power_w"": 0.9978355532786886, ""interpolated_keys_total_reactive_power_var"": 0.9978355532786886, ""total_active_power_w"": 0.1799436475409836, ""total_dc_power_w"": 0.1799436475409836, ""total_reactive_power_var"": 0.1799436475409836}",10,1
BR-PVGen_inverter/PS_025.csv,inverter,361440,0,0,361440,0,361440,0,2024-10-02T00:00:00+00:00,2025-06-09T23:45:00+00:00,0,"{""0"": 337344, ""900"": 24095}",{},"{""interpolated_keys_internal_temperature_celsius"": 260, ""interpolated_keys_total_active_power_w"": 260, ""interpolated_keys_total_dc_power_w"": 260, ""interpolated_keys_total_reactive_power_var"": 260}","{""internal_temperature_celsius"": 0.17954293935369633, ""interpolated_keys_internal_temperature_celsius"": 0.9992806551571491, ""interpolated_keys_total_active_power_w"": 0.9992806551571491, ""interpolated_keys_total_dc_power_w"": 0.9992806551571491, ""interpolated_keys_total_reactive_power_var"": 0.9992806551571491, ""total_active_power_w"": 0.17954293935369633, ""total_dc_power_w"": 0.17954293935369633, ""total_reactive_power_var"": 0.17954293935369633}",15,1
BR-PVGen_inverter/PS_026.csv,inverter,245760,0,0,245760,0,245760,0,2024-09-27T00:00:00+00:00,2025-06-09T23:45:00+00:00,0,"{""0"": 221184, ""900"": 24575}",{},"{""interpolated_keys_internal_temperature_celsius"": 1080, ""interpolated_keys_total_active_power_w"": 1080, ""interpolated_keys_total_dc_power_w"": 1080, ""interpolated_keys_total_reactive_power_var"": 1080}","{""internal_temperature_celsius"": 0.10157470703125, ""interpolated_keys_internal_temperature_celsius"": 0.99560546875, ""interpolated_keys_total_active_power_w"": 0.99560546875, ""interpolated_keys_total_dc_power_w"": 0.99560546875, ""interpolated_keys_total_reactive_power_var"": 0.99560546875, ""total_active_power_w"": 0.10157470703125, ""total_dc_power_w"": 0.10157470703125, ""total_reactive_power_var"": 0.10157470703125}",10,1
BR-PVGen_inverter/PS_027.csv,inverter,364320,0,0,364320,0,364320,0,2024-09-30T00:00:00+00:00,2025-06-09T23:45:00+00:00,0,"{""0"": 340032, ""900"": 24287}",{},"{""interpolated_keys_internal_temperature_celsius"": 512, ""interpolated_keys_total_active_power_w"": 512, ""interpolated_keys_total_dc_power_w"": 512, ""interpolated_keys_total_reactive_power_var"": 512}","{""internal_temperature_celsius"": 0.12554347826086956, ""interpolated_keys_internal_temperature_celsius"": 0.9985946420729029, ""interpolated_keys_total_active_power_w"": 0.9985946420729029, ""interpolated_keys_total_dc_power_w"": 0.9985946420729029, ""interpolated_keys_total_reactive_power_var"": 0.9985946420729029, ""total_active_power_w"": 0.12554347826086956, ""total_dc_power_w"": 0.12554347826086956, ""total_reactive_power_var"": 0.12554347826086956}",15,1
BR-PVGen_inverter/PS_028.csv,inverter,96768,0,0,96768,0,96768,0,2024-10-01T00:00:00+00:00,2025-06-09T23:45:00+00:00,0,"{""0"": 72576, ""900"": 24191}",{},"{""interpolated_keys_internal_temperature_celsius"": 114, ""interpolated_keys_total_active_power_w"": 114, ""interpolated_keys_total_dc_power_w"": 114, ""interpolated_keys_total_reactive_power_var"": 114}","{""internal_temperature_celsius"": 0.06819403108465609, ""interpolated_keys_internal_temperature_celsius"": 0.9988219246031746, ""interpolated_keys_total_active_power_w"": 0.9988219246031746, ""interpolated_keys_total_dc_power_w"": 0.9988219246031746, ""interpolated_keys_total_reactive_power_var"": 0.9988219246031746, ""total_active_power_w"": 0.06819403108465609, ""total_dc_power_w"": 0.06819403108465609, ""total_reactive_power_var"": 0.06819403108465609}",4,1
BR-PVGen_inverter/PS_029.csv,inverter,364320,0,0,364320,0,364320,0,2024-09-30T00:00:00+00:00,2025-06-09T23:45:00+00:00,0,"{""0"": 340032, ""900"": 24287}",{},"{""interpolated_keys_internal_temperature_celsius"": 323, ""interpolated_keys_total_active_power_w"": 323, ""interpolated_keys_total_dc_power_w"": 323, ""interpolated_keys_total_reactive_power_var"": 323}","{""internal_temperature_celsius"": 0.05925834431269214, ""interpolated_keys_internal_temperature_celsius"": 0.9991134167764603, ""interpolated_keys_total_active_power_w"": 0.9991134167764603, ""interpolated_keys_total_dc_power_w"": 0.9991134167764603, ""interpolated_keys_total_reactive_power_var"": 0.9991134167764603, ""total_active_power_w"": 0.05925834431269214, ""total_dc_power_w"": 0.05925834431269214, ""total_reactive_power_var"": 0.05925834431269214}",15,1
BR-PVGen_inverter/PS_030.csv,inverter,240960,0,0,240960,0,240960,0,2024-10-02T00:00:00+00:00,2025-06-09T23:45:00+00:00,0,"{""0"": 216864, ""900"": 24095}",{},"{""interpolated_keys_internal_temperature_celsius"": 185, ""interpolated_keys_total_active_power_w"": 185, ""interpolated_keys_total_dc_power_w"": 185, ""interpolated_keys_total_reactive_power_var"": 185}","{""internal_temperature_celsius"": 0.12434013944223107, ""interpolated_keys_internal_temperature_celsius"": 0.9992322377158035, ""interpolated_keys_total_active_power_w"": 0.9992322377158035, ""interpolated_keys_total_dc_power_w"": 0.9992322377158035, ""interpolated_keys_total_reactive_power_var"": 0.9992322377158035, ""total_active_power_w"": 0.12434013944223107, ""total_dc_power_w"": 0.12434013944223107, ""total_reactive_power_var"": 0.12434013944223107}",10,1
BR-PVGen_inverter/PS_031.csv,inverter,244032,0,0,244032,0,244032,0,2024-10-04T00:00:00+00:00,2025-03-22T23:45:00+00:00,0,"{""0"": 227712, ""900"": 16319}",{},"{""interpolated_keys_internal_temperature_celsius"": 2129, ""interpolated_keys_total_active_power_w"": 2129, ""interpolated_keys_total_dc_power_w"": 2129, ""interpolated_keys_total_reactive_power_var"": 2129}","{""internal_temperature_celsius"": 0.1602084972462628, ""interpolated_keys_internal_temperature_celsius"": 0.991275734329924, ""interpolated_keys_total_active_power_w"": 0.991275734329924, ""interpolated_keys_total_dc_power_w"": 0.991275734329924, ""interpolated_keys_total_reactive_power_var"": 0.991275734329924, ""total_active_power_w"": 0.1602084972462628, ""total_dc_power_w"": 0.1602084972462628, ""total_reactive_power_var"": 0.1602084972462628}",15,1
BR-PVGen_inverter/PS_032.csv,inverter,358080,0,0,358080,0,358080,0,2024-10-04T00:00:00+00:00,2025-06-09T23:45:00+00:00,0,"{""0"": 334176, ""900"": 23903}",{},"{""interpolated_keys_internal_temperature_celsius"": 350, ""interpolated_keys_total_active_power_w"": 350, ""interpolated_keys_total_dc_power_w"": 350, ""interpolated_keys_total_reactive_power_var"": 350}","{""internal_temperature_celsius"": 0.08568755585344057, ""interpolated_keys_internal_temperature_celsius"": 0.9990225647899911, ""interpolated_keys_total_active_power_w"": 0.9990225647899911, ""interpolated_keys_total_dc_power_w"": 0.9990225647899911, ""interpolated_keys_total_reactive_power_var"": 0.9990225647899911, ""total_active_power_w"": 0.08568755585344057, ""total_dc_power_w"": 0.08568755585344057, ""total_reactive_power_var"": 0.08568755585344057}",15,1
BR-PVGen_inverter/PS_033.csv,inverter,281184,0,0,281184,0,281184,0,2024-10-08T00:00:00+00:00,2025-06-09T23:45:00+00:00,0,"{""900"": 23519, ""0"": 257664}",{},"{""interpolated_keys_internal_temperature_celsius"": 487, ""interpolated_keys_total_active_power_w"": 487, ""interpolated_keys_total_dc_power_w"": 487, ""interpolated_keys_total_reactive_power_var"": 487}","{""internal_temperature_celsius"": 0.22502347217480367, ""interpolated_keys_internal_temperature_celsius"": 0.9982680380106976, ""interpolated_keys_total_active_power_w"": 0.9982680380106976, ""interpolated_keys_total_dc_power_w"": 0.9982680380106976, ""interpolated_keys_total_reactive_power_var"": 0.9982680380106976, ""total_active_power_w"": 0.22502347217480367, ""total_dc_power_w"": 0.22502347217480367, ""total_reactive_power_var"": 0.22502347217480367}",12,1
BR-PVGen_inverter/PS_034.csv,inverter,373248,0,0,373248,0,373248,0,2024-10-10T00:00:00+00:00,2025-06-09T23:45:00+00:00,0,"{""0"": 349920, ""900"": 23327}",{},"{""interpolated_keys_internal_temperature_celsius"": 864, ""interpolated_keys_total_active_power_w"": 864, ""interpolated_keys_total_dc_power_w"": 864, ""interpolated_keys_total_reactive_power_var"": 864}","{""internal_temperature_celsius"": 0.11134955847050755, ""interpolated_keys_internal_temperature_celsius"": 0.9976851851851852, ""interpolated_keys_total_active_power_w"": 0.9976851851851852, ""interpolated_keys_total_dc_power_w"": 0.9976851851851852, ""interpolated_keys_total_reactive_power_var"": 0.9976851851851852, ""total_active_power_w"": 0.11134955847050755, ""total_dc_power_w"": 0.11134955847050755, ""total_reactive_power_var"": 0.11134955847050755}",16,1
BR-PVGen_inverter/PS_035.csv,inverter,378240,0,0,378240,0,378240,0,2024-11-25T00:00:00+00:00,2025-06-09T23:45:00+00:00,0,"{""0"": 359328, ""900"": 18911}",{},"{""interpolated_keys_internal_temperature_celsius"": 269, ""interpolated_keys_total_active_power_w"": 269, ""interpolated_keys_total_dc_power_w"": 269, ""interpolated_keys_total_reactive_power_var"": 269}","{""internal_temperature_celsius"": 0.05686601099830795, ""interpolated_keys_internal_temperature_celsius"": 0.9992888113367174, ""interpolated_keys_total_active_power_w"": 0.9992888113367174, ""interpolated_keys_total_dc_power_w"": 0.9992888113367174, ""interpolated_keys_total_reactive_power_var"": 0.9992888113367174, ""total_active_power_w"": 0.05686601099830795, ""total_dc_power_w"": 0.05686601099830795, ""total_reactive_power_var"": 0.05686601099830795}",20,1
BR-PVGen_inverter/PS_036.csv,inverter,188160,0,0,188160,0,188160,0,2024-11-26T00:00:00+00:00,2025-06-09T23:45:00+00:00,0,"{""0"": 169344, ""900"": 18815}",{},"{""interpolated_keys_internal_temperature_celsius"": 136, ""interpolated_keys_total_active_power_w"": 136, ""interpolated_keys_total_dc_power_w"": 136, ""interpolated_keys_total_reactive_power_var"": 136}","{""internal_temperature_celsius"": 0.16441326530612244, ""interpolated_keys_internal_temperature_celsius"": 0.9992772108843537, ""interpolated_keys_total_active_power_w"": 0.9992772108843537, ""interpolated_keys_total_dc_power_w"": 0.9992772108843537, ""interpolated_keys_total_reactive_power_var"": 0.9992772108843537, ""total_active_power_w"": 0.16441326530612244, ""total_dc_power_w"": 0.16441326530612244, ""total_reactive_power_var"": 0.16441326530612244}",10,1
BR-PVGen_inverter/PS_037.csv,inverter,145920,0,0,145920,0,145920,0,2024-12-02T00:00:00+00:00,2025-06-09T23:45:00+00:00,0,"{""0"": 127680, ""900"": 18239}",{},"{""interpolated_keys_internal_temperature_celsius"": 192, ""interpolated_keys_total_active_power_w"": 192, ""interpolated_keys_total_dc_power_w"": 192, ""interpolated_keys_total_reactive_power_var"": 192}","{""internal_temperature_celsius"": 0.12932428728070175, ""interpolated_keys_internal_temperature_celsius"": 0.9986842105263158, ""interpolated_keys_total_active_power_w"": 0.9986842105263158, ""interpolated_keys_total_dc_power_w"": 0.9986842105263158, ""interpolated_keys_total_reactive_power_var"": 0.9986842105263158, ""total_active_power_w"": 0.12932428728070175, ""total_dc_power_w"": 0.12932428728070175, ""total_reactive_power_var"": 0.12932428728070175}",8,1
BR-PVGen_inverter/PS_038.csv,inverter,182400,0,0,182400,0,182400,0,2024-12-02T00:00:00+00:00,2025-06-09T23:45:00+00:00,0,"{""0"": 164160, ""900"": 18239}",{},"{""interpolated_keys_internal_temperature_celsius"": 91, ""interpolated_keys_total_active_power_w"": 91, ""interpolated_keys_total_dc_power_w"": 91, ""interpolated_keys_total_reactive_power_var"": 91}","{""internal_temperature_celsius"": 0.026644736842105263, ""interpolated_keys_internal_temperature_celsius"": 0.9995010964912281, ""interpolated_keys_total_active_power_w"": 0.9995010964912281, ""interpolated_keys_total_dc_power_w"": 0.9995010964912281, ""interpolated_keys_total_reactive_power_var"": 0.9995010964912281, ""total_active_power_w"": 0.026644736842105263, ""total_dc_power_w"": 0.026644736842105263, ""total_reactive_power_var"": 0.026644736842105263}",10,1
BR-PVGen_inverter/PS_039.csv,inverter,357120,0,0,357120,0,357120,0,2024-12-06T00:00:00+00:00,2025-06-09T23:45:00+00:00,0,"{""0"": 339264, ""900"": 17855}",{},"{""interpolated_keys_internal_temperature_celsius"": 1348, ""interpolated_keys_total_active_power_w"": 1348, ""interpolated_keys_total_dc_power_w"": 1348, ""interpolated_keys_total_reactive_power_var"": 1359}","{""internal_temperature_celsius"": 0.1295306899641577, ""interpolated_keys_internal_temperature_celsius"": 0.996225358422939, ""interpolated_keys_total_active_power_w"": 0.996225358422939, ""interpolated_keys_total_dc_power_w"": 0.996225358422939, ""interpolated_keys_total_reactive_power_var"": 0.9961945564516129, ""total_active_power_w"": 0.1295306899641577, ""total_dc_power_w"": 0.1295306899641577, ""total_reactive_power_var"": 0.12955029121863798}",20,1
BR-PVGen_inverter/PS_040.csv,inverter,66432,0,0,66432,0,66432,0,2024-12-19T00:00:00+00:00,2025-06-09T23:45:00+00:00,0,"{""0"": 49824, ""900"": 16607}",{},"{""interpolated_keys_internal_temperature_celsius"": 70, ""interpolated_keys_total_active_power_w"": 70, ""interpolated_keys_total_dc_power_w"": 70, ""interpolated_keys_total_reactive_power_var"": 70}","{""internal_temperature_celsius"": 0.07500903179190752, ""interpolated_keys_internal_temperature_celsius"": 0.9989462909441233, ""interpolated_keys_total_active_power_w"": 0.9989462909441233, ""interpolated_keys_total_dc_power_w"": 0.9989462909441233, ""interpolated_keys_total_reactive_power_var"": 0.9989462909441233, ""total_active_power_w"": 0.07500903179190752, ""total_dc_power_w"": 0.07500903179190752, ""total_reactive_power_var"": 0.07500903179190752}",4,1
BR-PVGen_inverter/PS_041.csv,inverter,151008,0,0,151008,0,151008,0,2024-12-17T00:00:00+00:00,2025-06-09T23:45:00+00:00,0,"{""0"": 134208, ""900"": 16799}",{},"{""interpolated_keys_internal_temperature_celsius"": 1172, ""interpolated_keys_total_active_power_w"": 1172, ""interpolated_keys_total_dc_power_w"": 1172, ""interpolated_keys_total_reactive_power_var"": 1172}","{""internal_temperature_celsius"": 0.2450068870523416, ""interpolated_keys_internal_temperature_celsius"": 0.9922388217842764, ""interpolated_keys_total_active_power_w"": 0.9922388217842764, ""interpolated_keys_total_dc_power_w"": 0.9922388217842764, ""interpolated_keys_total_reactive_power_var"": 0.9922388217842764, ""total_active_power_w"": 0.2450068870523416, ""total_dc_power_w"": 0.2450068870523416, ""total_reactive_power_var"": 0.2450068870523416}",9,1
BR-PVGen_inverter/PS_042.csv,inverter,78336,0,0,78336,0,78336,0,2025-02-28T00:00:00+00:00,2025-06-09T23:45:00+00:00,0,"{""0"": 68544, ""900"": 9791}",{},"{""interpolated_keys_internal_temperature_celsius"": 101, ""interpolated_keys_total_active_power_w"": 101, ""interpolated_keys_total_dc_power_w"": 101, ""interpolated_keys_total_reactive_power_var"": 101}","{""internal_temperature_celsius"": 0.04238153594771242, ""interpolated_keys_internal_temperature_celsius"": 0.9987106821895425, ""interpolated_keys_total_active_power_w"": 0.9987106821895425, ""interpolated_keys_total_dc_power_w"": 0.9987106821895425, ""interpolated_keys_total_reactive_power_var"": 0.9987106821895425, ""total_active_power_w"": 0.04238153594771242, ""total_dc_power_w"": 0.04238153594771242, ""total_reactive_power_var"": 0.04238153594771242}",8,1
BR-PVGen_inverter/PS_043.csv,inverter,78336,0,0,78336,0,78336,0,2025-02-28T00:00:00+00:00,2025-06-09T23:45:00+00:00,0,"{""0"": 68544, ""900"": 9791}",{},"{""interpolated_keys_internal_temperature_celsius"": 91, ""interpolated_keys_total_active_power_w"": 91, ""interpolated_keys_total_dc_power_w"": 91, ""interpolated_keys_total_reactive_power_var"": 91}","{""internal_temperature_celsius"": 0.09420955882352941, ""interpolated_keys_internal_temperature_celsius"": 0.9988383374183006, ""interpolated_keys_total_active_power_w"": 0.9988383374183006, ""interpolated_keys_total_dc_power_w"": 0.9988383374183006, ""interpolated_keys_total_reactive_power_var"": 0.9988383374183006, ""total_active_power_w"": 0.09420955882352941, ""total_dc_power_w"": 0.09420955882352941, ""total_reactive_power_var"": 0.09420955882352941}",8,1
BR-PVGen_inverter/PS_044.csv,inverter,78336,0,0,78336,0,78336,0,2025-02-28T00:00:00+00:00,2025-06-09T23:45:00+00:00,0,"{""0"": 68544, ""900"": 9791}",{},"{""interpolated_keys_internal_temperature_celsius"": 109, ""interpolated_keys_total_active_power_w"": 109, ""interpolated_keys_total_dc_power_w"": 109, ""interpolated_keys_total_reactive_power_var"": 109}","{""internal_temperature_celsius"": 0.03947099673202614, ""interpolated_keys_internal_temperature_celsius"": 0.9986085580065359, ""interpolated_keys_total_active_power_w"": 0.9986085580065359, ""interpolated_keys_total_dc_power_w"": 0.9986085580065359, ""interpolated_keys_total_reactive_power_var"": 0.9986085580065359, ""total_active_power_w"": 0.03947099673202614, ""total_dc_power_w"": 0.03947099673202614, ""total_reactive_power_var"": 0.03947099673202614}",8,1
BR-PVGen_inverter/PS_045.csv,inverter,195840,0,0,195840,0,195840,0,2025-02-28T00:00:00+00:00,2025-06-09T23:45:00+00:00,0,"{""0"": 186048, ""900"": 9791}",{},"{""interpolated_keys_internal_temperature_celsius"": 292, ""interpolated_keys_total_active_power_w"": 292, ""interpolated_keys_total_dc_power_w"": 292, ""interpolated_keys_total_reactive_power_var"": 292}","{""internal_temperature_celsius"": 0.1197406045751634, ""interpolated_keys_internal_temperature_celsius"": 0.9985089869281045, ""interpolated_keys_total_active_power_w"": 0.9985089869281045, ""interpolated_keys_total_dc_power_w"": 0.9985089869281045, ""interpolated_keys_total_reactive_power_var"": 0.9985089869281045, ""total_active_power_w"": 0.1197406045751634, ""total_dc_power_w"": 0.1197406045751634, ""total_reactive_power_var"": 0.1197406045751634}",20,1
BR-PVGen_inverter/PS_046.csv,inverter,195840,0,0,195840,0,195840,0,2025-02-28T00:00:00+00:00,2025-06-09T23:45:00+00:00,0,"{""0"": 186048, ""900"": 9791}",{},"{""interpolated_keys_internal_temperature_celsius"": 283, ""interpolated_keys_total_active_power_w"": 283, ""interpolated_keys_total_dc_power_w"": 283, ""interpolated_keys_total_reactive_power_var"": 283}","{""internal_temperature_celsius"": 0.19496017156862744, ""interpolated_keys_internal_temperature_celsius"": 0.9985549428104575, ""interpolated_keys_total_active_power_w"": 0.9985549428104575, ""interpolated_keys_total_dc_power_w"": 0.9985549428104575, ""interpolated_keys_total_reactive_power_var"": 0.9985549428104575, ""total_active_power_w"": 0.19496017156862744, ""total_dc_power_w"": 0.19496017156862744, ""total_reactive_power_var"": 0.19496017156862744}",20,1
BR-PVGen_inverter/PS_047.csv,inverter,168960,0,0,168960,0,168960,0,2025-02-28T00:00:00+00:00,2025-06-09T23:45:00+00:00,0,"{""0"": 159168, ""900"": 9791}",{},"{""interpolated_keys_internal_temperature_celsius"": 186, ""interpolated_keys_total_active_power_w"": 186, ""interpolated_keys_total_dc_power_w"": 186, ""interpolated_keys_total_reactive_power_var"": 186}","{""internal_temperature_celsius"": 0.14761482007575757, ""interpolated_keys_internal_temperature_celsius"": 0.9988991477272727, ""interpolated_keys_total_active_power_w"": 0.9988991477272727, ""interpolated_keys_total_dc_power_w"": 0.9988991477272727, ""interpolated_keys_total_reactive_power_var"": 0.9988991477272727, ""total_active_power_w"": 0.14761482007575757, ""total_dc_power_w"": 0.14761482007575757, ""total_reactive_power_var"": 0.14761482007575757}",20,1
BR-PVGen_inverter/PS_048.csv,inverter,78336,0,0,78336,0,78336,0,2025-02-28T00:00:00+00:00,2025-06-09T23:45:00+00:00,0,"{""0"": 68544, ""900"": 9791}",{},"{""interpolated_keys_internal_temperature_celsius"": 127, ""interpolated_keys_total_active_power_w"": 127, ""interpolated_keys_total_dc_power_w"": 127, ""interpolated_keys_total_reactive_power_var"": 127}","{""internal_temperature_celsius"": 0.054585375816993464, ""interpolated_keys_internal_temperature_celsius"": 0.9983787785947712, ""interpolated_keys_total_active_power_w"": 0.9983787785947712, ""interpolated_keys_total_dc_power_w"": 0.9983787785947712, ""interpolated_keys_total_reactive_power_var"": 0.9983787785947712, ""total_active_power_w"": 0.054585375816993464, ""total_dc_power_w"": 0.054585375816993464, ""total_reactive_power_var"": 0.054585375816993464}",8,1
BR-PVGen_inverter/PS_049.csv,inverter,78336,0,0,78336,0,78336,0,2025-02-28T00:00:00+00:00,2025-06-09T23:45:00+00:00,0,"{""0"": 68544, ""900"": 9791}",{},"{""interpolated_keys_internal_temperature_celsius"": 107, ""interpolated_keys_total_active_power_w"": 107, ""interpolated_keys_total_dc_power_w"": 107, ""interpolated_keys_total_reactive_power_var"": 107}","{""internal_temperature_celsius"": 0.08051215277777778, ""interpolated_keys_internal_temperature_celsius"": 0.9986340890522876, ""interpolated_keys_total_active_power_w"": 0.9986340890522876, ""interpolated_keys_total_dc_power_w"": 0.9986340890522876, ""interpolated_keys_total_reactive_power_var"": 0.9986340890522876, ""total_active_power_w"": 0.08051215277777778, ""total_dc_power_w"": 0.08051215277777778, ""total_reactive_power_var"": 0.08051215277777778}",8,1
BR-PVGen_inverter/PS_050.csv,inverter,78336,0,0,78336,0,78336,0,2025-02-28T00:00:00+00:00,2025-06-09T23:45:00+00:00,0,"{""0"": 68544, ""900"": 9791}",{},"{""interpolated_keys_internal_temperature_celsius"": 103, ""interpolated_keys_total_active_power_w"": 103, ""interpolated_keys_total_dc_power_w"": 103, ""interpolated_keys_total_reactive_power_var"": 103}","{""internal_temperature_celsius"": 0.034147773692810454, ""interpolated_keys_internal_temperature_celsius"": 0.9986851511437909, ""interpolated_keys_total_active_power_w"": 0.9986851511437909, ""interpolated_keys_total_dc_power_w"": 0.9986851511437909, ""interpolated_keys_total_reactive_power_var"": 0.9986851511437909, ""total_active_power_w"": 0.034147773692810454, ""total_dc_power_w"": 0.034147773692810454, ""total_reactive_power_var"": 0.034147773692810454}",8,1
BR-PVGen_inverter/PS_051.csv,inverter,70656,0,0,70656,0,70656,0,2025-03-10T00:00:00+00:00,2025-06-09T23:45:00+00:00,0,"{""0"": 61824, ""900"": 8831}",{},"{""interpolated_keys_internal_temperature_celsius"": 73, ""interpolated_keys_total_active_power_w"": 73, ""interpolated_keys_total_dc_power_w"": 73, ""interpolated_keys_total_reactive_power_var"": 73}","{""internal_temperature_celsius"": 0.045771059782608696, ""interpolated_keys_internal_temperature_celsius"": 0.9989668251811594, ""interpolated_keys_total_active_power_w"": 0.9989668251811594, ""interpolated_keys_total_dc_power_w"": 0.9989668251811594, ""interpolated_keys_total_reactive_power_var"": 0.9989668251811594, ""total_active_power_w"": 0.045771059782608696, ""total_dc_power_w"": 0.045771059782608696, ""total_reactive_power_var"": 0.045771059782608696}",8,1
