source,family,columns,dtypes,schema_fingerprint,nulls
BR-PVGen_metadata.csv,metadata,"[""brazil_federative_unit"", ""id"", ""is_panel_bifacial"", ""nominal_power_mw"", ""number_of_panels"", ""panel_area_mm2"", ""panel_bifaciality_coefficient"", ""panel_efficiency_percentage"", ""panel_temperature_coefficient"", ""structure_type""]","{""brazil_federative_unit"": ""string"", ""id"": ""string"", ""is_panel_bifacial"": ""boolean"", ""nominal_power_mw"": ""float"", ""number_of_panels"": ""integer"", ""panel_area_mm2"": ""float"", ""panel_bifaciality_coefficient"": ""float"", ""panel_efficiency_percentage"": ""float"", ""panel_temperature_coefficient"": ""float"", ""structure_type"": ""string""}",f073d95a45eacc5281d848bc5a8982b4c577704699cb953f9a4f387dea402585,{}
BR-PVGen_meteorological/PS_001.csv,meteorological,"[""ambient_temperature_celsius"", ""battery_voltage"", ""datetime"", ""document_count_ambient_temperature_celsius"", ""document_count_battery_voltage"", ""document_count_ghi_irradiance_wm2"", ""document_count_gri_irradiance_wm2"", ""document_count_panel_temperature_celsius"", ""document_count_poa_irradiance_wm2"", ""document_count_precipitation_accumulated_mm"", ""document_count_tracker_albedo_index"", ""document_count_wind_direction_degrees"", ""document_count_wind_speed_ms"", ""ghi_irradiance_wm2"", ""gri_irradiance_wm2"", ""interpolated_keys_ambient_temperature_celsius"", ""interpolated_keys_battery_voltage"", ""interpolated_keys_ghi_irradiance_wm2"", ""interpolated_keys_gri_irradiance_wm2"", ""interpolated_keys_panel_temperature_celsius"", ""interpolated_keys_poa_irradiance_wm2"", ""interpolated_keys_tracker_albedo_index"", ""interpolated_keys_wind_direction_degrees"", ""interpolated_keys_wind_speed_ms"", ""panel_temperature_celsius"", ""poa_irradiance_wm2"", ""precipitation_accumulated_mm"", ""ps_id"", ""tracker_albedo_index"", ""wind_direction_degrees"", ""wind_speed_ms""]","{""ambient_temperature_celsius"": ""float"", ""battery_voltage"": ""float"", ""datetime"": ""string"", ""document_count_ambient_temperature_celsius"": ""integer"", ""document_count_battery_voltage"": ""integer"", ""document_count_ghi_irradiance_wm2"": ""integer"", ""document_count_gri_irradiance_wm2"": ""integer"", ""document_count_panel_temperature_celsius"": ""integer"", ""document_count_poa_irradiance_wm2"": ""integer"", ""document_count_precipitation_accumulated_mm"": ""integer"", ""document_count_tracker_albedo_index"": ""integer"", ""document_count_wind_direction_degrees"": ""integer"", ""document_count_wind_speed_ms"": ""integer"", ""ghi_irradiance_wm2"": ""float"", ""gri_irradiance_wm2"": ""float"", ""interpolated_keys_ambient_temperature_celsius"": ""boolean"", ""interpolated_keys_battery_voltage"": ""boolean"", ""interpolated_keys_ghi_irradiance_wm2"": ""boolean"", ""interpolated_keys_gri_irradiance_wm2"": ""boolean"", ""interpolated_keys_panel_temperature_celsius"": ""boolean"", ""interpolated_keys_poa_irradiance_wm2"": ""boolean"", ""interpolated_keys_tracker_albedo_index"": ""boolean"", ""interpolated_keys_wind_direction_degrees"": ""boolean"", ""interpolated_keys_wind_speed_ms"": ""boolean"", ""panel_temperature_celsius"": ""float"", ""poa_irradiance_wm2"": ""float"", ""precipitation_accumulated_mm"": ""float"", ""ps_id"": ""string"", ""tracker_albedo_index"": ""float"", ""wind_direction_degrees"": ""float"", ""wind_speed_ms"": ""float""}",093bfefb45ff5029b1bf970814b9f7682bcd22502601f0292cc53c76ee953bce,"{""ambient_temperature_celsius"": 1332, ""battery_voltage"": 1335, ""ghi_irradiance_wm2"": 1317, ""gri_irradiance_wm2"": 1324, ""interpolated_keys_ambient_temperature_celsius"": 42279, ""interpolated_keys_battery_voltage"": 42280, ""interpolated_keys_ghi_irradiance_wm2"": 42278, ""interpolated_keys_gri_irradiance_wm2"": 42275, ""interpolated_keys_panel_temperature_celsius"": 42279, ""interpolated_keys_poa_irradiance_wm2"": 42278, ""interpolated_keys_tracker_albedo_index"": 42281, ""interpolated_keys_wind_direction_degrees"": 42279, ""interpolated_keys_wind_speed_ms"": 42281, ""panel_temperature_celsius"": 1336, ""poa_irradiance_wm2"": 1322, ""precipitation_accumulated_mm"": 71, ""tracker_albedo_index"": 1356, ""wind_direction_degrees"": 1338, ""wind_speed_ms"": 1341}"
BR-PVGen_meteorological/PS_002.csv,meteorological,"[""ambient_temperature_celsius"", ""battery_voltage"", ""datetime"", ""document_count_ambient_temperature_celsius"", ""document_count_battery_voltage"", ""document_count_ghi_irradiance_wm2"", ""document_count_gri_irradiance_wm2"", ""document_count_panel_temperature_celsius"", ""document_count_poa_irradiance_wm2"", ""document_count_precipitation_accumulated_mm"", ""document_count_tracker_albedo_index"", ""document_count_wind_direction_degrees"", ""document_count_wind_speed_ms"", ""ghi_irradiance_wm2"", ""gri_irradiance_wm2"", ""interpolated_keys_ambient_temperature_celsius"", ""interpolated_keys_ghi_irradiance_wm2"", ""interpolated_keys_gri_irradiance_wm2"", ""interpolated_keys_panel_temperature_celsius"", ""interpolated_keys_poa_irradiance_wm2"", ""interpolated_keys_wind_speed_ms"", ""panel_temperature_celsius"", ""poa_irradiance_wm2"", ""precipitation_accumulated_mm"", ""ps_id"", ""tracker_albedo_index"", ""wind_direction_degrees"", ""wind_speed_ms""]","{""ambient_temperature_celsius"": ""float"", ""battery_voltage"": ""empty"", ""datetime"": ""string"", ""document_count_ambient_temperature_celsius"": ""integer"", ""document_count_battery_voltage"": ""integer"", ""document_count_ghi_irradiance_wm2"": ""integer"", ""document_count_gri_irradiance_wm2"": ""integer"", ""document_count_panel_temperature_celsius"": ""integer"", ""document_count_poa_irradiance_wm2"": ""integer"", ""document_count_precipitation_accumulated_mm"": ""integer"", ""document_count_tracker_albedo_index"": ""integer"", ""document_count_wind_direction_degrees"": ""integer"", ""document_count_wind_speed_ms"": ""integer"", ""ghi_irradiance_wm2"": ""float"", ""gri_irradiance_wm2"": ""float"", ""interpolated_keys_ambient_temperature_celsius"": ""boolean"", ""interpolated_keys_ghi_irradiance_wm2"": ""boolean"", ""interpolated_keys_gri_irradiance_wm2"": ""boolean"", ""interpolated_keys_panel_temperature_celsius"": ""boolean"", ""interpolated_keys_poa_irradiance_wm2"": ""boolean"", ""interpolated_keys_wind_speed_ms"": ""boolean"", ""panel_temperature_celsius"": ""float"", ""poa_irradiance_wm2"": ""float"", ""precipitation_accumulated_mm"": ""empty"", ""ps_id"": ""string"", ""tracker_albedo_index"": ""empty"", ""wind_direction_degrees"": ""empty"", ""wind_speed_ms"": ""float""}",671aa1727180e4ddb73606419bd05270111e75bec663ad237e806d6c716d817b,"{""ambient_temperature_celsius"": 827, ""battery_voltage"": 42336, ""ghi_irradiance_wm2"": 827, ""gri_irradiance_wm2"": 827, ""interpolated_keys_ambient_temperature_celsius"": 42331, ""interpolated_keys_ghi_irradiance_wm2"": 42331, ""interpolated_keys_gri_irradiance_wm2"": 42331, ""interpolated_keys_panel_temperature_celsius"": 42331, ""interpolated_keys_poa_irradiance_wm2"": 42331, ""interpolated_keys_wind_speed_ms"": 42331, ""panel_temperature_celsius"": 827, ""poa_irradiance_wm2"": 827, ""precipitation_accumulated_mm"": 42336, ""tracker_albedo_index"": 42336, ""wind_direction_degrees"": 42336, ""wind_speed_ms"": 827}"
BR-PVGen_meteorological/PS_003.csv,meteorological,"[""ambient_temperature_celsius"", ""battery_voltage"", ""datetime"", ""document_count_ambient_temperature_celsius"", ""document_count_battery_voltage"", ""document_count_ghi_irradiance_wm2"", ""document_count_gri_irradiance_wm2"", ""document_count_panel_temperature_celsius"", ""document_count_poa_irradiance_wm2"", ""document_count_precipitation_accumulated_mm"", ""document_count_tracker_albedo_index"", ""document_count_wind_direction_degrees"", ""document_count_wind_speed_ms"", ""ghi_irradiance_wm2"", ""gri_irradiance_wm2"", ""interpolated_keys_ambient_temperature_celsius"", ""interpolated_keys_ghi_irradiance_wm2"", ""interpolated_keys_gri_irradiance_wm2"", ""interpolated_keys_panel_temperature_celsius"", ""interpolated_keys_poa_irradiance_wm2"", ""interpolated_keys_wind_speed_ms"", ""panel_temperature_celsius"", ""poa_irradiance_wm2"", ""precipitation_accumulated_mm"", ""ps_id"", ""tracker_albedo_index"", ""wind_direction_degrees"", ""wind_speed_ms""]","{""ambient_temperature_celsius"": ""float"", ""battery_voltage"": ""empty"", ""datetime"": ""string"", ""document_count_ambient_temperature_celsius"": ""integer"", ""document_count_battery_voltage"": ""integer"", ""document_count_ghi_irradiance_wm2"": ""integer"", ""document_count_gri_irradiance_wm2"": ""integer"", ""document_count_panel_temperature_celsius"": ""integer"", ""document_count_poa_irradiance_wm2"": ""integer"", ""document_count_precipitation_accumulated_mm"": ""integer"", ""document_count_tracker_albedo_index"": ""integer"", ""document_count_wind_direction_degrees"": ""integer"", ""document_count_wind_speed_ms"": ""integer"", ""ghi_irradiance_wm2"": ""float"", ""gri_irradiance_wm2"": ""float"", ""interpolated_keys_ambient_temperature_celsius"": ""boolean"", ""interpolated_keys_ghi_irradiance_wm2"": ""boolean"", ""interpolated_keys_gri_irradiance_wm2"": ""boolean"", ""interpolated_keys_panel_temperature_celsius"": ""boolean"", ""interpolated_keys_poa_irradiance_wm2"": ""boolean"", ""interpolated_keys_wind_speed_ms"": ""boolean"", ""panel_temperature_celsius"": ""float"", ""poa_irradiance_wm2"": ""float"", ""precipitation_accumulated_mm"": ""empty"", ""ps_id"": ""string"", ""tracker_albedo_index"": ""empty"", ""wind_direction_degrees"": ""empty"", ""wind_speed_ms"": ""float""}",671aa1727180e4ddb73606419bd05270111e75bec663ad237e806d6c716d817b,"{""ambient_temperature_celsius"": 930, ""battery_voltage"": 42336, ""ghi_irradiance_wm2"": 930, ""gri_irradiance_wm2"": 930, ""interpolated_keys_ambient_temperature_celsius"": 42245, ""interpolated_keys_ghi_irradiance_wm2"": 42245, ""interpolated_keys_gri_irradiance_wm2"": 42245, ""interpolated_keys_panel_temperature_celsius"": 42245, ""interpolated_keys_poa_irradiance_wm2"": 42245, ""interpolated_keys_wind_speed_ms"": 42245, ""panel_temperature_celsius"": 930, ""poa_irradiance_wm2"": 930, ""precipitation_accumulated_mm"": 42336, ""tracker_albedo_index"": 42336, ""wind_direction_degrees"": 42336, ""wind_speed_ms"": 930}"
BR-PVGen_meteorological/PS_004.csv,meteorological,"[""ambient_temperature_celsius"", ""battery_voltage"", ""datetime"", ""document_count_ambient_temperature_celsius"", ""document_count_battery_voltage"", ""document_count_ghi_irradiance_wm2"", ""document_count_gri_irradiance_wm2"", ""document_count_panel_temperature_celsius"", ""document_count_poa_irradiance_wm2"", ""document_count_precipitation_accumulated_mm"", ""document_count_tracker_albedo_index"", ""document_count_wind_direction_degrees"", ""document_count_wind_speed_ms"", ""ghi_irradiance_wm2"", ""gri_irradiance_wm2"", ""interpolated_keys_ambient_temperature_celsius"", ""interpolated_keys_battery_voltage"", ""interpolated_keys_ghi_irradiance_wm2"", ""interpolated_keys_panel_temperature_celsius"", ""interpolated_keys_poa_irradiance_wm2"", ""interpolated_keys_tracker_albedo_index"", ""interpolated_keys_wind_direction_degrees"", ""interpolated_keys_wind_speed_ms"", ""panel_temperature_celsius"", ""poa_irradiance_wm2"", ""precipitation_accumulated_mm"", ""ps_id"", ""tracker_albedo_index"", ""wind_direction_degrees"", ""wind_speed_ms""]","{""ambient_temperature_celsius"": ""float"", ""battery_voltage"": ""float"", ""datetime"": ""string"", ""document_count_ambient_temperature_celsius"": ""integer"", ""document_count_battery_voltage"": ""integer"", ""document_count_ghi_irradiance_wm2"": ""integer"", ""document_count_gri_irradiance_wm2"": ""integer"", ""document_count_panel_temperature_celsius"": ""integer"", ""document_count_poa_irradiance_wm2"": ""integer"", ""document_count_precipitation_accumulated_mm"": ""integer"", ""document_count_tracker_albedo_index"": ""integer"", ""document_count_wind_direction_degrees"": ""integer"", ""document_count_wind_speed_ms"": ""integer"", ""ghi_irradiance_wm2"": ""float"", ""gri_irradiance_wm2"": ""empty"", ""interpolated_keys_ambient_temperature_celsius"": ""boolean"", ""interpolated_keys_battery_voltage"": ""boolean"", ""interpolated_keys_ghi_irradiance_wm2"": ""boolean"", ""interpolated_keys_panel_temperature_celsius"": ""boolean"", ""interpolated_keys_poa_irradiance_wm2"": ""boolean"", ""interpolated_keys_tracker_albedo_index"": ""boolean"", ""interpolated_keys_wind_direction_degrees"": ""boolean"", ""interpolated_keys_wind_speed_ms"": ""boolean"", ""panel_temperature_celsius"": ""float"", ""poa_irradiance_wm2"": ""float"", ""precipitation_accumulated_mm"": ""float"", ""ps_id"": ""string"", ""tracker_albedo_index"": ""float"", ""wind_direction_degrees"": ""float"", ""wind_speed_ms"": ""float""}",943949e17fe0e8ce489b9ea7a0fa6a04631a458809a089493a3e767152732e85,"{""ambient_temperature_celsius"": 6547, ""battery_voltage"": 6547, ""ghi_irradiance_wm2"": 6547, ""gri_irradiance_wm2"": 42336, ""interpolated_keys_ambient_temperature_celsius"": 42327, ""interpolated_keys_battery_voltage"": 42327, ""interpolated_keys_ghi_irradiance_wm2"": 42327, ""interpolated_keys_panel_temperature_celsius"": 42327, ""interpolated_keys_poa_irradiance_wm2"": 42327, ""interpolated_keys_tracker_albedo_index"": 42327, ""interpolated_keys_wind_direction_degrees"": 42327, ""interpolated_keys_wind_speed_ms"": 42327, ""panel_temperature_celsius"": 6547, ""poa_irradiance_wm2"": 6547, ""precipitation_accumulated_mm"": 725, ""tracker_albedo_index"": 8091, ""wind_direction_degrees"": 6547, ""wind_speed_ms"": 6547}"
BR-PVGen_meteorological/PS_005.csv,meteorological,"[""ambient_temperature_celsius"", ""battery_voltage"", ""datetime"", ""document_count_ambient_temperature_celsius"", ""document_count_battery_voltage"", ""document_count_ghi_irradiance_wm2"", ""document_count_gri_irradiance_wm2"", ""document_count_panel_temperature_celsius"", ""document_count_poa_irradiance_wm2"", ""document_count_precipitation_accumulated_mm"", ""document_count_tracker_albedo_index"", ""document_count_wind_direction_degrees"", ""document_count_wind_speed_ms"", ""ghi_irradiance_wm2"", ""gri_irradiance_wm2"", ""interpolated_keys_ambient_temperature_celsius"", ""interpolated_keys_battery_voltage"", ""interpolated_keys_ghi_irradiance_wm2"", ""interpolated_keys_gri_irradiance_wm2"", ""interpolated_keys_panel_temperature_celsius"", ""interpolated_keys_poa_irradiance_wm2"", ""interpolated_keys_tracker_albedo_index"", ""interpolated_keys_wind_direction_degrees"", ""interpolated_keys_wind_speed_ms"", ""panel_temperature_celsius"", ""poa_irradiance_wm2"", ""precipitation_accumulated_mm"", ""ps_id"", ""tracker_albedo_index"", ""wind_direction_degrees"", ""wind_speed_ms""]","{""ambient_temperature_celsius"": ""float"", ""battery_voltage"": ""float"", ""datetime"": ""string"", ""document_count_ambient_temperature_celsius"": ""integer"", ""document_count_battery_voltage"": ""integer"", ""document_count_ghi_irradiance_wm2"": ""integer"", ""document_count_gri_irradiance_wm2"": ""integer"", ""document_count_panel_temperature_celsius"": ""integer"", ""document_count_poa_irradiance_wm2"": ""integer"", ""document_count_precipitation_accumulated_mm"": ""integer"", ""document_count_tracker_albedo_index"": ""integer"", ""document_count_wind_direction_degrees"": ""integer"", ""document_count_wind_speed_ms"": ""integer"", ""ghi_irradiance_wm2"": ""float"", ""gri_irradiance_wm2"": ""float"", ""interpolated_keys_ambient_temperature_celsius"": ""boolean"", ""interpolated_keys_battery_voltage"": ""boolean"", ""interpolated_keys_ghi_irradiance_wm2"": ""boolean"", ""interpolated_keys_gri_irradiance_wm2"": ""boolean"", ""interpolated_keys_panel_temperature_celsius"": ""boolean"", ""interpolated_keys_poa_irradiance_wm2"": ""boolean"", ""interpolated_keys_tracker_albedo_index"": ""boolean"", ""interpolated_keys_wind_direction_degrees"": ""boolean"", ""interpolated_keys_wind_speed_ms"": ""boolean"", ""panel_temperature_celsius"": ""float"", ""poa_irradiance_wm2"": ""float"", ""precipitation_accumulated_mm"": ""float"", ""ps_id"": ""string"", ""tracker_albedo_index"": ""float"", ""wind_direction_degrees"": ""float"", ""wind_speed_ms"": ""float""}",093bfefb45ff5029b1bf970814b9f7682bcd22502601f0292cc53c76ee953bce,"{""ambient_temperature_celsius"": 2323, ""battery_voltage"": 2323, ""ghi_irradiance_wm2"": 2323, ""gri_irradiance_wm2"": 2323, ""interpolated_keys_ambient_temperature_celsius"": 40766, ""interpolated_keys_battery_voltage"": 40766, ""interpolated_keys_ghi_irradiance_wm2"": 40766, ""interpolated_keys_gri_irradiance_wm2"": 40766, ""interpolated_keys_panel_temperature_celsius"": 40766, ""interpolated_keys_poa_irradiance_wm2"": 40766, ""interpolated_keys_tracker_albedo_index"": 40766, ""interpolated_keys_wind_direction_degrees"": 40766, ""interpolated_keys_wind_speed_ms"": 40766, ""panel_temperature_celsius"": 2323, ""poa_irradiance_wm2"": 2323, ""precipitation_accumulated_mm"": 47, ""tracker_albedo_index"": 2323, ""wind_direction_degrees"": 2323, ""wind_speed_ms"": 2323}"
BR-PVGen_meteorological/PS_006.csv,meteorological,"[""ambient_temperature_celsius"", ""battery_voltage"", ""datetime"", ""document_count_ambient_temperature_celsius"", ""document_count_battery_voltage"", ""document_count_ghi_irradiance_wm2"", ""document_count_gri_irradiance_wm2"", ""document_count_panel_temperature_celsius"", ""document_count_poa_irradiance_wm2"", ""document_count_precipitation_accumulated_mm"", ""document_count_tracker_albedo_index"", ""document_count_wind_direction_degrees"", ""document_count_wind_speed_ms"", ""ghi_irradiance_wm2"", ""gri_irradiance_wm2"", ""interpolated_keys_ambient_temperature_celsius"", ""interpolated_keys_battery_voltage"", ""interpolated_keys_ghi_irradiance_wm2"", ""interpolated_keys_gri_irradiance_wm2"", ""interpolated_keys_panel_temperature_celsius"", ""interpolated_keys_poa_irradiance_wm2"", ""interpolated_keys_tracker_albedo_index"", ""interpolated_keys_wind_direction_degrees"", ""interpolated_keys_wind_speed_ms"", ""panel_temperature_celsius"", ""poa_irradiance_wm2"", ""precipitation_accumulated_mm"", ""ps_id"", ""tracker_albedo_index"", ""wind_direction_degrees"", ""wind_speed_ms""]","{""ambient_temperature_celsius"": ""float"", ""battery_voltage"": ""float"", ""datetime"": ""string"", ""document_count_ambient_temperature_celsius"": ""integer"", ""document_count_battery_voltage"": ""integer"", ""document_count_ghi_irradiance_wm2"": ""integer"", ""document_count_gri_irradiance_wm2"": ""integer"", ""document_count_panel_temperature_celsius"": ""integer"", ""document_count_poa_irradiance_wm2"": ""integer"", ""document_count_precipitation_accumulated_mm"": ""integer"", ""document_count_tracker_albedo_index"": ""integer"", ""document_count_wind_direction_degrees"": ""integer"", ""document_count_wind_speed_ms"": ""integer"", ""ghi_irradiance_wm2"": ""float"", ""gri_irradiance_wm2"": ""float"", ""interpolated_keys_ambient_temperature_celsius"": ""boolean"", ""interpolated_keys_battery_voltage"": ""boolean"", ""interpolated_keys_ghi_irradiance_wm2"": ""boolean"", ""interpolated_keys_gri_irradiance_wm2"": ""boolean"", ""interpolated_keys_panel_temperature_celsius"": ""boolean"", ""interpolated_keys_poa_irradiance_wm2"": ""boolean"", ""interpolated_keys_tracker_albedo_index"": ""boolean"", ""interpolated_keys_wind_direction_degrees"": ""boolean"", ""interpolated_keys_wind_speed_ms"": ""boolean"", ""panel_temperature_celsius"": ""float"", ""poa_irradiance_wm2"": ""float"", ""precipitation_accumulated_mm"": ""float"", ""ps_id"": ""string"", ""tracker_albedo_index"": ""float"", ""wind_direction_degrees"": ""float"", ""wind_speed_ms"": ""float""}",093bfefb45ff5029b1bf970814b9f7682bcd22502601f0292cc53c76ee953bce,"{""ambient_temperature_celsius"": 1798, ""battery_voltage"": 1798, ""ghi_irradiance_wm2"": 1798, ""gri_irradiance_wm2"": 1798, ""interpolated_keys_ambient_temperature_celsius"": 35483, ""interpolated_keys_battery_voltage"": 35483, ""interpolated_keys_ghi_irradiance_wm2"": 35483, ""interpolated_keys_gri_irradiance_wm2"": 35484, ""interpolated_keys_panel_temperature_celsius"": 35483, ""interpolated_keys_poa_irradiance_wm2"": 35483, ""interpolated_keys_tracker_albedo_index"": 35484, ""interpolated_keys_wind_direction_degrees"": 35483, ""interpolated_keys_wind_speed_ms"": 35483, ""panel_temperature_celsius"": 1798, ""poa_irradiance_wm2"": 1798, ""precipitation_accumulated_mm"": 83, ""tracker_albedo_index"": 1800, ""wind_direction_degrees"": 1798, ""wind_speed_ms"": 1798}"
BR-PVGen_meteorological/PS_007.csv,meteorological,"[""ambient_temperature_celsius"", ""battery_voltage"", ""datetime"", ""document_count_ambient_temperature_celsius"", ""document_count_battery_voltage"", ""document_count_ghi_irradiance_wm2"", ""document_count_gri_irradiance_wm2"", ""document_count_panel_temperature_celsius"", ""document_count_poa_irradiance_wm2"", ""document_count_precipitation_accumulated_mm"", ""document_count_tracker_albedo_index"", ""document_count_wind_direction_degrees"", ""document_count_wind_speed_ms"", ""ghi_irradiance_wm2"", ""gri_irradiance_wm2"", ""interpolated_keys_ambient_temperature_celsius"", ""interpolated_keys_battery_voltage"", ""interpolated_keys_ghi_irradiance_wm2"", ""interpolated_keys_gri_irradiance_wm2"", ""interpolated_keys_panel_temperature_celsius"", ""interpolated_keys_poa_irradiance_wm2"", ""interpolated_keys_tracker_albedo_index"", ""interpolated_keys_wind_direction_degrees"", ""interpolated_keys_wind_speed_ms"", ""panel_temperature_celsius"", ""poa_irradiance_wm2"", ""precipitation_accumulated_mm"", ""ps_id"", ""tracker_albedo_index"", ""wind_direction_degrees"", ""wind_speed_ms""]","{""ambient_temperature_celsius"": ""float"", ""battery_voltage"": ""float"", ""datetime"": ""string"", ""document_count_ambient_temperature_celsius"": ""integer"", ""document_count_battery_voltage"": ""integer"", ""document_count_ghi_irradiance_wm2"": ""integer"", ""document_count_gri_irradiance_wm2"": ""integer"", ""document_count_panel_temperature_celsius"": ""integer"", ""document_count_poa_irradiance_wm2"": ""integer"", ""document_count_precipitation_accumulated_mm"": ""integer"", ""document_count_tracker_albedo_index"": ""integer"", ""document_count_wind_direction_degrees"": ""integer"", ""document_count_wind_speed_ms"": ""integer"", ""ghi_irradiance_wm2"": ""float"", ""gri_irradiance_wm2"": ""float"", ""interpolated_keys_ambient_temperature_celsius"": ""boolean"", ""interpolated_keys_battery_voltage"": ""boolean"", ""interpolated_keys_ghi_irradiance_wm2"": ""boolean"", ""interpolated_keys_gri_irradiance_wm2"": ""boolean"", ""interpolated_keys_panel_temperature_celsius"": ""boolean"", ""interpolated_keys_poa_irradiance_wm2"": ""boolean"", ""interpolated_keys_tracker_albedo_index"": ""boolean"", ""interpolated_keys_wind_direction_degrees"": ""boolean"", ""interpolated_keys_wind_speed_ms"": ""boolean"", ""panel_temperature_celsius"": ""float"", ""poa_irradiance_wm2"": ""float"", ""precipitation_accumulated_mm"": ""float"", ""ps_id"": ""string"", ""tracker_albedo_index"": ""float"", ""wind_direction_degrees"": ""float"", ""wind_speed_ms"": ""float""}",093bfefb45ff5029b1bf970814b9f7682bcd22502601f0292cc53c76ee953bce,"{""ambient_temperature_celsius"": 3545, ""battery_voltage"": 3545, ""ghi_irradiance_wm2"": 3545, ""gri_irradiance_wm2"": 3545, ""interpolated_keys_ambient_temperature_celsius"": 38048, ""interpolated_keys_battery_voltage"": 38048, ""interpolated_keys_ghi_irradiance_wm2"": 38048, ""interpolated_keys_gri_irradiance_wm2"": 38048, ""interpolated_keys_panel_temperature_celsius"": 38048, ""interpolated_keys_poa_irradiance_wm2"": 38048, ""interpolated_keys_tracker_albedo_index"": 38048, ""interpolated_keys_wind_direction_degrees"": 38048, ""interpolated_keys_wind_speed_ms"": 38048, ""panel_temperature_celsius"": 3545, ""poa_irradiance_wm2"": 3545, ""precipitation_accumulated_mm"": 78, ""tracker_albedo_index"": 3545, ""wind_direction_degrees"": 3545, ""wind_speed_ms"": 3545}"
BR-PVGen_meteorological/PS_008.csv,meteorological,"[""ambient_temperature_celsius"", ""battery_voltage"", ""datetime"", ""document_count_ambient_temperature_celsius"", ""document_count_battery_voltage"", ""document_count_ghi_irradiance_wm2"", ""document_count_gri_irradiance_wm2"", ""document_count_panel_temperature_celsius"", ""document_count_poa_irradiance_wm2"", ""document_count_precipitation_accumulated_mm"", ""document_count_tracker_albedo_index"", ""document_count_wind_direction_degrees"", ""document_count_wind_speed_ms"", ""ghi_irradiance_wm2"", ""gri_irradiance_wm2"", ""interpolated_keys_ambient_temperature_celsius"", ""interpolated_keys_battery_voltage"", ""interpolated_keys_ghi_irradiance_wm2"", ""interpolated_keys_gri_irradiance_wm2"", ""interpolated_keys_panel_temperature_celsius"", ""interpolated_keys_poa_irradiance_wm2"", ""interpolated_keys_tracker_albedo_index"", ""interpolated_keys_wind_direction_degrees"", ""interpolated_keys_wind_speed_ms"", ""panel_temperature_celsius"", ""poa_irradiance_wm2"", ""precipitation_accumulated_mm"", ""ps_id"", ""tracker_albedo_index"", ""wind_direction_degrees"", ""wind_speed_ms""]","{""ambient_temperature_celsius"": ""float"", ""battery_voltage"": ""float"", ""datetime"": ""string"", ""document_count_ambient_temperature_celsius"": ""integer"", ""document_count_battery_voltage"": ""integer"", ""document_count_ghi_irradiance_wm2"": ""integer"", ""document_count_gri_irradiance_wm2"": ""integer"", ""document_count_panel_temperature_celsius"": ""integer"", ""document_count_poa_irradiance_wm2"": ""integer"", ""document_count_precipitation_accumulated_mm"": ""integer"", ""document_count_tracker_albedo_index"": ""integer"", ""document_count_wind_direction_degrees"": ""integer"", ""document_count_wind_speed_ms"": ""integer"", ""ghi_irradiance_wm2"": ""float"", ""gri_irradiance_wm2"": ""float"", ""interpolated_keys_ambient_temperature_celsius"": ""boolean"", ""interpolated_keys_battery_voltage"": ""boolean"", ""interpolated_keys_ghi_irradiance_wm2"": ""boolean"", ""interpolated_keys_gri_irradiance_wm2"": ""boolean"", ""interpolated_keys_panel_temperature_celsius"": ""boolean"", ""interpolated_keys_poa_irradiance_wm2"": ""boolean"", ""interpolated_keys_tracker_albedo_index"": ""boolean"", ""interpolated_keys_wind_direction_degrees"": ""boolean"", ""interpolated_keys_wind_speed_ms"": ""boolean"", ""panel_temperature_celsius"": ""float"", ""poa_irradiance_wm2"": ""float"", ""precipitation_accumulated_mm"": ""float"", ""ps_id"": ""string"", ""tracker_albedo_index"": ""float"", ""wind_direction_degrees"": ""float"", ""wind_speed_ms"": ""float""}",093bfefb45ff5029b1bf970814b9f7682bcd22502601f0292cc53c76ee953bce,"{""ambient_temperature_celsius"": 6946, ""battery_voltage"": 6946, ""ghi_irradiance_wm2"": 6946, ""gri_irradiance_wm2"": 6946, ""interpolated_keys_ambient_temperature_celsius"": 37614, ""interpolated_keys_battery_voltage"": 37614, ""interpolated_keys_ghi_irradiance_wm2"": 37614, ""interpolated_keys_gri_irradiance_wm2"": 37614, ""interpolated_keys_panel_temperature_celsius"": 37614, ""interpolated_keys_poa_irradiance_wm2"": 37614, ""interpolated_keys_tracker_albedo_index"": 37614, ""interpolated_keys_wind_direction_degrees"": 37614, ""interpolated_keys_wind_speed_ms"": 37614, ""panel_temperature_celsius"": 6946, ""poa_irradiance_wm2"": 6946, ""precipitation_accumulated_mm"": 74, ""tracker_albedo_index"": 6946, ""wind_direction_degrees"": 6946, ""wind_speed_ms"": 6946}"
BR-PVGen_meteorological/PS_009.csv,meteorological,"[""ambient_temperature_celsius"", ""battery_voltage"", ""datetime"", ""document_count_ambient_temperature_celsius"", ""document_count_battery_voltage"", ""document_count_ghi_irradiance_wm2"", ""document_count_gri_irradiance_wm2"", ""document_count_panel_temperature_celsius"", ""document_count_poa_irradiance_wm2"", ""document_count_precipitation_accumulated_mm"", ""document_count_tracker_albedo_index"", ""document_count_wind_direction_degrees"", ""document_count_wind_speed_ms"", ""ghi_irradiance_wm2"", ""gri_irradiance_wm2"", ""interpolated_keys_ambient_temperature_celsius"", ""interpolated_keys_battery_voltage"", ""interpolated_keys_ghi_irradiance_wm2"", ""interpolated_keys_gri_irradiance_wm2"", ""interpolated_keys_panel_temperature_celsius"", ""interpolated_keys_poa_irradiance_wm2"", ""interpolated_keys_tracker_albedo_index"", ""interpolated_keys_wind_direction_degrees"", ""interpolated_keys_wind_speed_ms"", ""panel_temperature_celsius"", ""poa_irradiance_wm2"", ""precipitation_accumulated_mm"", ""ps_id"", ""tracker_albedo_index"", ""wind_direction_degrees"", ""wind_speed_ms""]","{""ambient_temperature_celsius"": ""float"", ""battery_voltage"": ""float"", ""datetime"": ""string"", ""document_count_ambient_temperature_celsius"": ""integer"", ""document_count_battery_voltage"": ""integer"", ""document_count_ghi_irradiance_wm2"": ""integer"", ""document_count_gri_irradiance_wm2"": ""integer"", ""document_count_panel_temperature_celsius"": ""integer"", ""document_count_poa_irradiance_wm2"": ""integer"", ""document_count_precipitation_accumulated_mm"": ""integer"", ""document_count_tracker_albedo_index"": ""integer"", ""document_count_wind_direction_degrees"": ""integer"", ""document_count_wind_speed_ms"": ""integer"", ""ghi_irradiance_wm2"": ""float"", ""gri_irradiance_wm2"": ""float"", ""interpolated_keys_ambient_temperature_celsius"": ""boolean"", ""interpolated_keys_battery_voltage"": ""boolean"", ""interpolated_keys_ghi_irradiance_wm2"": ""boolean"", ""interpolated_keys_gri_irradiance_wm2"": ""boolean"", ""interpolated_keys_panel_temperature_celsius"": ""boolean"", ""interpolated_keys_poa_irradiance_wm2"": ""boolean"", ""interpolated_keys_tracker_albedo_index"": ""boolean"", ""interpolated_keys_wind_direction_degrees"": ""boolean"", ""interpolated_keys_wind_speed_ms"": ""boolean"", ""panel_temperature_celsius"": ""float"", ""poa_irradiance_wm2"": ""float"", ""precipitation_accumulated_mm"": ""float"", ""ps_id"": ""string"", ""tracker_albedo_index"": ""float"", ""wind_direction_degrees"": ""float"", ""wind_speed_ms"": ""float""}",093bfefb45ff5029b1bf970814b9f7682bcd22502601f0292cc53c76ee953bce,"{""ambient_temperature_celsius"": 401, ""battery_voltage"": 401, ""ghi_irradiance_wm2"": 401, ""gri_irradiance_wm2"": 401, ""interpolated_keys_ambient_temperature_celsius"": 35004, ""interpolated_keys_battery_voltage"": 35004, ""interpolated_keys_ghi_irradiance_wm2"": 35004, ""interpolated_keys_gri_irradiance_wm2"": 35004, ""interpolated_keys_panel_temperature_celsius"": 35004, ""interpolated_keys_poa_irradiance_wm2"": 35004, ""interpolated_keys_tracker_albedo_index"": 35005, ""interpolated_keys_wind_direction_degrees"": 35004, ""interpolated_keys_wind_speed_ms"": 35004, ""panel_temperature_celsius"": 401, ""poa_irradiance_wm2"": 401, ""precipitation_accumulated_mm"": 54, ""tracker_albedo_index"": 403, ""wind_direction_degrees"": 401, ""wind_speed_ms"": 401}"
BR-PVGen_meteorological/PS_010.csv,meteorological,"[""ambient_temperature_celsius"", ""battery_voltage"", ""datetime"", ""document_count_ambient_temperature_celsius"", ""document_count_battery_voltage"", ""document_count_ghi_irradiance_wm2"", ""document_count_gri_irradiance_wm2"", ""document_count_panel_temperature_celsius"", ""document_count_poa_irradiance_wm2"", ""document_count_precipitation_accumulated_mm"", ""document_count_tracker_albedo_index"", ""document_count_wind_direction_degrees"", ""document_count_wind_speed_ms"", ""ghi_irradiance_wm2"", ""gri_irradiance_wm2"", ""interpolated_keys_ambient_temperature_celsius"", ""interpolated_keys_battery_voltage"", ""interpolated_keys_ghi_irradiance_wm2"", ""interpolated_keys_gri_irradiance_wm2"", ""interpolated_keys_panel_temperature_celsius"", ""interpolated_keys_poa_irradiance_wm2"", ""interpolated_keys_tracker_albedo_index"", ""interpolated_keys_wind_direction_degrees"", ""interpolated_keys_wind_speed_ms"", ""panel_temperature_celsius"", ""poa_irradiance_wm2"", ""precipitation_accumulated_mm"", ""ps_id"", ""tracker_albedo_index"", ""wind_direction_degrees"", ""wind_speed_ms""]","{""ambient_temperature_celsius"": ""float"", ""battery_voltage"": ""float"", ""datetime"": ""string"", ""document_count_ambient_temperature_celsius"": ""integer"", ""document_count_battery_voltage"": ""integer"", ""document_count_ghi_irradiance_wm2"": ""integer"", ""document_count_gri_irradiance_wm2"": ""integer"", ""document_count_panel_temperature_celsius"": ""integer"", ""document_count_poa_irradiance_wm2"": ""integer"", ""document_count_precipitation_accumulated_mm"": ""integer"", ""document_count_tracker_albedo_index"": ""integer"", ""document_count_wind_direction_degrees"": ""integer"", ""document_count_wind_speed_ms"": ""integer"", ""ghi_irradiance_wm2"": ""float"", ""gri_irradiance_wm2"": ""float"", ""interpolated_keys_ambient_temperature_celsius"": ""boolean"", ""interpolated_keys_battery_voltage"": ""boolean"", ""interpolated_keys_ghi_irradiance_wm2"": ""boolean"", ""interpolated_keys_gri_irradiance_wm2"": ""boolean"", ""interpolated_keys_panel_temperature_celsius"": ""boolean"", ""interpolated_keys_poa_irradiance_wm2"": ""boolean"", ""interpolated_keys_tracker_albedo_index"": ""boolean"", ""interpolated_keys_wind_direction_degrees"": ""boolean"", ""interpolated_keys_wind_speed_ms"": ""boolean"", ""panel_temperature_celsius"": ""float"", ""poa_irradiance_wm2"": ""float"", ""precipitation_accumulated_mm"": ""float"", ""ps_id"": ""string"", ""tracker_albedo_index"": ""float"", ""wind_direction_degrees"": ""float"", ""wind_speed_ms"": ""float""}",093bfefb45ff5029b1bf970814b9f7682bcd22502601f0292cc53c76ee953bce,"{""ambient_temperature_celsius"": 8631, ""battery_voltage"": 8631, ""ghi_irradiance_wm2"": 8631, ""gri_irradiance_wm2"": 8631, ""interpolated_keys_ambient_temperature_celsius"": 34754, ""interpolated_keys_battery_voltage"": 34754, ""interpolated_keys_ghi_irradiance_wm2"": 34754, ""interpolated_keys_gri_irradiance_wm2"": 34754, ""interpolated_keys_panel_temperature_celsius"": 34754, ""interpolated_keys_poa_irradiance_wm2"": 34754, ""interpolated_keys_tracker_albedo_index"": 34754, ""interpolated_keys_wind_direction_degrees"": 34754, ""interpolated_keys_wind_speed_ms"": 34754, ""panel_temperature_celsius"": 8631, ""poa_irradiance_wm2"": 8631, ""precipitation_accumulated_mm"": 77, ""tracker_albedo_index"": 8631, ""wind_direction_degrees"": 8631, ""wind_speed_ms"": 8631}"
BR-PVGen_meteorological/PS_011.csv,meteorological,"[""ambient_temperature_celsius"", ""battery_voltage"", ""datetime"", ""document_count_ambient_temperature_celsius"", ""document_count_battery_voltage"", ""document_count_ghi_irradiance_wm2"", ""document_count_gri_irradiance_wm2"", ""document_count_panel_temperature_celsius"", ""document_count_poa_irradiance_wm2"", ""document_count_precipitation_accumulated_mm"", ""document_count_tracker_albedo_index"", ""document_count_wind_direction_degrees"", ""document_count_wind_speed_ms"", ""ghi_irradiance_wm2"", ""gri_irradiance_wm2"", ""interpolated_keys_ambient_temperature_celsius"", ""interpolated_keys_battery_voltage"", ""interpolated_keys_ghi_irradiance_wm2"", ""interpolated_keys_gri_irradiance_wm2"", ""interpolated_keys_panel_temperature_celsius"", ""interpolated_keys_poa_irradiance_wm2"", ""interpolated_keys_tracker_albedo_index"", ""interpolated_keys_wind_direction_degrees"", ""interpolated_keys_wind_speed_ms"", ""panel_temperature_celsius"", ""poa_irradiance_wm2"", ""precipitation_accumulated_mm"", ""ps_id"", ""tracker_albedo_index"", ""wind_direction_degrees"", ""wind_speed_ms""]","{""ambient_temperature_celsius"": ""float"", ""battery_voltage"": ""float"", ""datetime"": ""string"", ""document_count_ambient_temperature_celsius"": ""integer"", ""document_count_battery_voltage"": ""integer"", ""document_count_ghi_irradiance_wm2"": ""integer"", ""document_count_gri_irradiance_wm2"": ""integer"", ""document_count_panel_temperature_celsius"": ""integer"", ""document_count_poa_irradiance_wm2"": ""integer"", ""document_count_precipitation_accumulated_mm"": ""integer"", ""document_count_tracker_albedo_index"": ""integer"", ""document_count_wind_direction_degrees"": ""integer"", ""document_count_wind_speed_ms"": ""integer"", ""ghi_irradiance_wm2"": ""float"", ""gri_irradiance_wm2"": ""float"", ""interpolated_keys_ambient_temperature_celsius"": ""boolean"", ""interpolated_keys_battery_voltage"": ""boolean"", ""interpolated_keys_ghi_irradiance_wm2"": ""boolean"", ""interpolated_keys_gri_irradiance_wm2"": ""boolean"", ""interpolated_keys_panel_temperature_celsius"": ""boolean"", ""interpolated_keys_poa_irradiance_wm2"": ""boolean"", ""interpolated_keys_tracker_albedo_index"": ""boolean"", ""interpolated_keys_wind_direction_degrees"": ""boolean"", ""interpolated_keys_wind_speed_ms"": ""boolean"", ""panel_temperature_celsius"": ""float"", ""poa_irradiance_wm2"": ""float"", ""precipitation_accumulated_mm"": ""float"", ""ps_id"": ""string"", ""tracker_albedo_index"": ""float"", ""wind_direction_degrees"": ""float"", ""wind_speed_ms"": ""float""}",093bfefb45ff5029b1bf970814b9f7682bcd22502601f0292cc53c76ee953bce,"{""ambient_temperature_celsius"": 3094, ""battery_voltage"": 3094, ""ghi_irradiance_wm2"": 3094, ""gri_irradiance_wm2"": 3094, ""interpolated_keys_ambient_temperature_celsius"": 33306, ""interpolated_keys_battery_voltage"": 33306, ""interpolated_keys_ghi_irradiance_wm2"": 33306, ""interpolated_keys_gri_irradiance_wm2"": 33306, ""interpolated_keys_panel_temperature_celsius"": 33306, ""interpolated_keys_poa_irradiance_wm2"": 33306, ""interpolated_keys_tracker_albedo_index"": 33306, ""interpolated_keys_wind_direction_degrees"": 33306, ""interpolated_keys_wind_speed_ms"": 33306, ""panel_temperature_celsius"": 3094, ""poa_irradiance_wm2"": 3094, ""precipitation_accumulated_mm"": 72, ""tracker_albedo_index"": 3094, ""wind_direction_degrees"": 3094, ""wind_speed_ms"": 3094}"
BR-PVGen_meteorological/PS_012.csv,meteorological,"[""ambient_temperature_celsius"", ""battery_voltage"", ""datetime"", ""document_count_ambient_temperature_celsius"", ""document_count_battery_voltage"", ""document_count_ghi_irradiance_wm2"", ""document_count_gri_irradiance_wm2"", ""document_count_panel_temperature_celsius"", ""document_count_poa_irradiance_wm2"", ""document_count_precipitation_accumulated_mm"", ""document_count_tracker_albedo_index"", ""document_count_wind_direction_degrees"", ""document_count_wind_speed_ms"", ""ghi_irradiance_wm2"", ""gri_irradiance_wm2"", ""interpolated_keys_ambient_temperature_celsius"", ""interpolated_keys_battery_voltage"", ""interpolated_keys_ghi_irradiance_wm2"", ""interpolated_keys_gri_irradiance_wm2"", ""interpolated_keys_panel_temperature_celsius"", ""interpolated_keys_poa_irradiance_wm2"", ""interpolated_keys_tracker_albedo_index"", ""interpolated_keys_wind_direction_degrees"", ""interpolated_keys_wind_speed_ms"", ""panel_temperature_celsius"", ""poa_irradiance_wm2"", ""precipitation_accumulated_mm"", ""ps_id"", ""tracker_albedo_index"", ""wind_direction_degrees"", ""wind_speed_ms""]","{""ambient_temperature_celsius"": ""float"", ""battery_voltage"": ""float"", ""datetime"": ""string"", ""document_count_ambient_temperature_celsius"": ""integer"", ""document_count_battery_voltage"": ""integer"", ""document_count_ghi_irradiance_wm2"": ""integer"", ""document_count_gri_irradiance_wm2"": ""integer"", ""document_count_panel_temperature_celsius"": ""integer"", ""document_count_poa_irradiance_wm2"": ""integer"", ""document_count_precipitation_accumulated_mm"": ""integer"", ""document_count_tracker_albedo_index"": ""integer"", ""document_count_wind_direction_degrees"": ""integer"", ""document_count_wind_speed_ms"": ""integer"", ""ghi_irradiance_wm2"": ""float"", ""gri_irradiance_wm2"": ""float"", ""interpolated_keys_ambient_temperature_celsius"": ""boolean"", ""interpolated_keys_battery_voltage"": ""boolean"", ""interpolated_keys_ghi_irradiance_wm2"": ""boolean"", ""interpolated_keys_gri_irradiance_wm2"": ""boolean"", ""interpolated_keys_panel_temperature_celsius"": ""boolean"", ""interpolated_keys_poa_irradiance_wm2"": ""boolean"", ""interpolated_keys_tracker_albedo_index"": ""boolean"", ""interpolated_keys_wind_direction_degrees"": ""boolean"", ""interpolated_keys_wind_speed_ms"": ""boolean"", ""panel_temperature_celsius"": ""float"", ""poa_irradiance_wm2"": ""float"", ""precipitation_accumulated_mm"": ""float"", ""ps_id"": ""string"", ""tracker_albedo_index"": ""float"", ""wind_direction_degrees"": ""float"", ""wind_speed_ms"": ""float""}",093bfefb45ff5029b1bf970814b9f7682bcd22502601f0292cc53c76ee953bce,"{""ambient_temperature_celsius"": 9509, ""battery_voltage"": 9509, ""ghi_irradiance_wm2"": 9509, ""gri_irradiance_wm2"": 9509, ""interpolated_keys_ambient_temperature_celsius"": 32314, ""interpolated_keys_battery_voltage"": 32314, ""interpolated_keys_ghi_irradiance_wm2"": 32314, ""interpolated_keys_gri_irradiance_wm2"": 32314, ""interpolated_keys_panel_temperature_celsius"": 32314, ""interpolated_keys_poa_irradiance_wm2"": 32314, ""interpolated_keys_tracker_albedo_index"": 32314, ""interpolated_keys_wind_direction_degrees"": 32314, ""interpolated_keys_wind_speed_ms"": 32314, ""panel_temperature_celsius"": 9509, ""poa_irradiance_wm2"": 9509, ""precipitation_accumulated_mm"": 71, ""tracker_albedo_index"": 9509, ""wind_direction_degrees"": 9509, ""wind_speed_ms"": 9509}"
BR-PVGen_meteorological/PS_013.csv,meteorological,"[""ambient_temperature_celsius"", ""battery_voltage"", ""datetime"", ""document_count_ambient_temperature_celsius"", ""document_count_battery_voltage"", ""document_count_ghi_irradiance_wm2"", ""document_count_gri_irradiance_wm2"", ""document_count_panel_temperature_celsius"", ""document_count_poa_irradiance_wm2"", ""document_count_precipitation_accumulated_mm"", ""document_count_tracker_albedo_index"", ""document_count_wind_direction_degrees"", ""document_count_wind_speed_ms"", ""ghi_irradiance_wm2"", ""gri_irradiance_wm2"", ""interpolated_keys_ambient_temperature_celsius"", ""interpolated_keys_battery_voltage"", ""interpolated_keys_ghi_irradiance_wm2"", ""interpolated_keys_gri_irradiance_wm2"", ""interpolated_keys_panel_temperature_celsius"", ""interpolated_keys_poa_irradiance_wm2"", ""interpolated_keys_tracker_albedo_index"", ""interpolated_keys_wind_direction_degrees"", ""interpolated_keys_wind_speed_ms"", ""panel_temperature_celsius"", ""poa_irradiance_wm2"", ""precipitation_accumulated_mm"", ""ps_id"", ""tracker_albedo_index"", ""wind_direction_degrees"", ""wind_speed_ms""]","{""ambient_temperature_celsius"": ""float"", ""battery_voltage"": ""float"", ""datetime"": ""string"", ""document_count_ambient_temperature_celsius"": ""integer"", ""document_count_battery_voltage"": ""integer"", ""document_count_ghi_irradiance_wm2"": ""integer"", ""document_count_gri_irradiance_wm2"": ""integer"", ""document_count_panel_temperature_celsius"": ""integer"", ""document_count_poa_irradiance_wm2"": ""integer"", ""document_count_precipitation_accumulated_mm"": ""integer"", ""document_count_tracker_albedo_index"": ""integer"", ""document_count_wind_direction_degrees"": ""integer"", ""document_count_wind_speed_ms"": ""integer"", ""ghi_irradiance_wm2"": ""float"", ""gri_irradiance_wm2"": ""float"", ""interpolated_keys_ambient_temperature_celsius"": ""boolean"", ""interpolated_keys_battery_voltage"": ""boolean"", ""interpolated_keys_ghi_irradiance_wm2"": ""boolean"", ""interpolated_keys_gri_irradiance_wm2"": ""boolean"", ""interpolated_keys_panel_temperature_celsius"": ""boolean"", ""interpolated_keys_poa_irradiance_wm2"": ""boolean"", ""interpolated_keys_tracker_albedo_index"": ""boolean"", ""interpolated_keys_wind_direction_degrees"": ""boolean"", ""interpolated_keys_wind_speed_ms"": ""boolean"", ""panel_temperature_celsius"": ""float"", ""poa_irradiance_wm2"": ""float"", ""precipitation_accumulated_mm"": ""float"", ""ps_id"": ""string"", ""tracker_albedo_index"": ""float"", ""wind_direction_degrees"": ""float"", ""wind_speed_ms"": ""float""}",093bfefb45ff5029b1bf970814b9f7682bcd22502601f0292cc53c76ee953bce,"{""ambient_temperature_celsius"": 3982, ""battery_voltage"": 3982, ""ghi_irradiance_wm2"": 3982, ""gri_irradiance_wm2"": 3982, ""interpolated_keys_ambient_temperature_celsius"": 31932, ""interpolated_keys_battery_voltage"": 31932, ""interpolated_keys_ghi_irradiance_wm2"": 31932, ""interpolated_keys_gri_irradiance_wm2"": 31932, ""interpolated_keys_panel_temperature_celsius"": 31932, ""interpolated_keys_poa_irradiance_wm2"": 31932, ""interpolated_keys_tracker_albedo_index"": 31932, ""interpolated_keys_wind_direction_degrees"": 31932, ""interpolated_keys_wind_speed_ms"": 31932, ""panel_temperature_celsius"": 3982, ""poa_irradiance_wm2"": 3982, ""precipitation_accumulated_mm"": 55, ""tracker_albedo_index"": 3982, ""wind_direction_degrees"": 3982, ""wind_speed_ms"": 3982}"
BR-PVGen_meteorological/PS_014.csv,meteorological,"[""ambient_temperature_celsius"", ""battery_voltage"", ""datetime"", ""document_count_ambient_temperature_celsius"", ""document_count_battery_voltage"", ""document_count_ghi_irradiance_wm2"", ""document_count_gri_irradiance_wm2"", ""document_count_panel_temperature_celsius"", ""document_count_poa_irradiance_wm2"", ""document_count_precipitation_accumulated_mm"", ""document_count_tracker_albedo_index"", ""document_count_wind_direction_degrees"", ""document_count_wind_speed_ms"", ""ghi_irradiance_wm2"", ""gri_irradiance_wm2"", ""interpolated_keys_ambient_temperature_celsius"", ""interpolated_keys_ghi_irradiance_wm2"", ""interpolated_keys_poa_irradiance_wm2"", ""interpolated_keys_wind_speed_ms"", ""panel_temperature_celsius"", ""poa_irradiance_wm2"", ""precipitation_accumulated_mm"", ""ps_id"", ""tracker_albedo_index"", ""wind_direction_degrees"", ""wind_speed_ms""]","{""ambient_temperature_celsius"": ""float"", ""battery_voltage"": ""empty"", ""datetime"": ""string"", ""document_count_ambient_temperature_celsius"": ""integer"", ""document_count_battery_voltage"": ""integer"", ""document_count_ghi_irradiance_wm2"": ""integer"", ""document_count_gri_irradiance_wm2"": ""integer"", ""document_count_panel_temperature_celsius"": ""integer"", ""document_count_poa_irradiance_wm2"": ""integer"", ""document_count_precipitation_accumulated_mm"": ""integer"", ""document_count_tracker_albedo_index"": ""integer"", ""document_count_wind_direction_degrees"": ""integer"", ""document_count_wind_speed_ms"": ""integer"", ""ghi_irradiance_wm2"": ""float"", ""gri_irradiance_wm2"": ""empty"", ""interpolated_keys_ambient_temperature_celsius"": ""boolean"", ""interpolated_keys_ghi_irradiance_wm2"": ""boolean"", ""interpolated_keys_poa_irradiance_wm2"": ""boolean"", ""interpolated_keys_wind_speed_ms"": ""boolean"", ""panel_temperature_celsius"": ""empty"", ""poa_irradiance_wm2"": ""float"", ""precipitation_accumulated_mm"": ""float"", ""ps_id"": ""string"", ""tracker_albedo_index"": ""empty"", ""wind_direction_degrees"": ""empty"", ""wind_speed_ms"": ""float""}",fdb50eabe31bac9200c3fa6409d1d1d69b7f6bfada4eaa954942d5ed732239c0,"{""ambient_temperature_celsius"": 1610, ""battery_voltage"": 11712, ""ghi_irradiance_wm2"": 1610, ""gri_irradiance_wm2"": 11712, ""interpolated_keys_ambient_temperature_celsius"": 11692, ""interpolated_keys_ghi_irradiance_wm2"": 11692, ""interpolated_keys_poa_irradiance_wm2"": 11692, ""interpolated_keys_wind_speed_ms"": 11692, ""panel_temperature_celsius"": 11712, ""poa_irradiance_wm2"": 1610, ""precipitation_accumulated_mm"": 2757, ""tracker_albedo_index"": 11712, ""wind_direction_degrees"": 11712, ""wind_speed_ms"": 1610}"
BR-PVGen_meteorological/PS_015.csv,meteorological,"[""ambient_temperature_celsius"", ""battery_voltage"", ""datetime"", ""document_count_ambient_temperature_celsius"", ""document_count_battery_voltage"", ""document_count_ghi_irradiance_wm2"", ""document_count_gri_irradiance_wm2"", ""document_count_panel_temperature_celsius"", ""document_count_poa_irradiance_wm2"", ""document_count_precipitation_accumulated_mm"", ""document_count_tracker_albedo_index"", ""document_count_wind_direction_degrees"", ""document_count_wind_speed_ms"", ""ghi_irradiance_wm2"", ""gri_irradiance_wm2"", ""interpolated_keys_ambient_temperature_celsius"", ""interpolated_keys_battery_voltage"", ""interpolated_keys_ghi_irradiance_wm2"", ""interpolated_keys_panel_temperature_celsius"", ""interpolated_keys_poa_irradiance_wm2"", ""interpolated_keys_wind_speed_ms"", ""panel_temperature_celsius"", ""poa_irradiance_wm2"", ""precipitation_accumulated_mm"", ""ps_id"", ""tracker_albedo_index"", ""wind_direction_degrees"", ""wind_speed_ms""]","{""ambient_temperature_celsius"": ""float"", ""battery_voltage"": ""float"", ""datetime"": ""string"", ""document_count_ambient_temperature_celsius"": ""integer"", ""document_count_battery_voltage"": ""integer"", ""document_count_ghi_irradiance_wm2"": ""integer"", ""document_count_gri_irradiance_wm2"": ""integer"", ""document_count_panel_temperature_celsius"": ""integer"", ""document_count_poa_irradiance_wm2"": ""integer"", ""document_count_precipitation_accumulated_mm"": ""integer"", ""document_count_tracker_albedo_index"": ""integer"", ""document_count_wind_direction_degrees"": ""integer"", ""document_count_wind_speed_ms"": ""integer"", ""ghi_irradiance_wm2"": ""float"", ""gri_irradiance_wm2"": ""empty"", ""interpolated_keys_ambient_temperature_celsius"": ""boolean"", ""interpolated_keys_battery_voltage"": ""boolean"", ""interpolated_keys_ghi_irradiance_wm2"": ""boolean"", ""interpolated_keys_panel_temperature_celsius"": ""boolean"", ""interpolated_keys_poa_irradiance_wm2"": ""boolean"", ""interpolated_keys_wind_speed_ms"": ""boolean"", ""panel_temperature_celsius"": ""float"", ""poa_irradiance_wm2"": ""float"", ""precipitation_accumulated_mm"": ""empty"", ""ps_id"": ""string"", ""tracker_albedo_index"": ""empty"", ""wind_direction_degrees"": ""empty"", ""wind_speed_ms"": ""float""}",e941072c24fdc141700bbbabc0eab8ae3d3e4d8a62a2e950a3c406a9952c79e7,"{""ambient_temperature_celsius"": 1067, ""battery_voltage"": 1067, ""ghi_irradiance_wm2"": 1067, ""gri_irradiance_wm2"": 28896, ""interpolated_keys_ambient_temperature_celsius"": 28775, ""interpolated_keys_battery_voltage"": 28775, ""interpolated_keys_ghi_irradiance_wm2"": 28775, ""interpolated_keys_panel_temperature_celsius"": 28775, ""interpolated_keys_poa_irradiance_wm2"": 28775, ""interpolated_keys_wind_speed_ms"": 28775, ""panel_temperature_celsius"": 1067, ""poa_irradiance_wm2"": 1067, ""precipitation_accumulated_mm"": 28896, ""tracker_albedo_index"": 28896, ""wind_direction_degrees"": 28896, ""wind_speed_ms"": 1067}"
BR-PVGen_meteorological/PS_016.csv,meteorological,"[""ambient_temperature_celsius"", ""battery_voltage"", ""datetime"", ""document_count_ambient_temperature_celsius"", ""document_count_battery_voltage"", ""document_count_ghi_irradiance_wm2"", ""document_count_gri_irradiance_wm2"", ""document_count_panel_temperature_celsius"", ""document_count_poa_irradiance_wm2"", ""document_count_precipitation_accumulated_mm"", ""document_count_tracker_albedo_index"", ""document_count_wind_direction_degrees"", ""document_count_wind_speed_ms"", ""ghi_irradiance_wm2"", ""gri_irradiance_wm2"", ""interpolated_keys_ambient_temperature_celsius"", ""interpolated_keys_ghi_irradiance_wm2"", ""interpolated_keys_poa_irradiance_wm2"", ""interpolated_keys_wind_speed_ms"", ""panel_temperature_celsius"", ""poa_irradiance_wm2"", ""precipitation_accumulated_mm"", ""ps_id"", ""tracker_albedo_index"", ""wind_direction_degrees"", ""wind_speed_ms""]","{""ambient_temperature_celsius"": ""float"", ""battery_voltage"": ""empty"", ""datetime"": ""string"", ""document_count_ambient_temperature_celsius"": ""integer"", ""document_count_battery_voltage"": ""integer"", ""document_count_ghi_irradiance_wm2"": ""integer"", ""document_count_gri_irradiance_wm2"": ""integer"", ""document_count_panel_temperature_celsius"": ""integer"", ""document_count_poa_irradiance_wm2"": ""integer"", ""document_count_precipitation_accumulated_mm"": ""integer"", ""document_count_tracker_albedo_index"": ""integer"", ""document_count_wind_direction_degrees"": ""integer"", ""document_count_wind_speed_ms"": ""integer"", ""ghi_irradiance_wm2"": ""float"", ""gri_irradiance_wm2"": ""empty"", ""interpolated_keys_ambient_temperature_celsius"": ""boolean"", ""interpolated_keys_ghi_irradiance_wm2"": ""boolean"", ""interpolated_keys_poa_irradiance_wm2"": ""boolean"", ""interpolated_keys_wind_speed_ms"": ""boolean"", ""panel_temperature_celsius"": ""empty"", ""poa_irradiance_wm2"": ""float"", ""precipitation_accumulated_mm"": ""float"", ""ps_id"": ""string"", ""tracker_albedo_index"": ""empty"", ""wind_direction_degrees"": ""empty"", ""wind_speed_ms"": ""float""}",fdb50eabe31bac9200c3fa6409d1d1d69b7f6bfada4eaa954942d5ed732239c0,"{""ambient_temperature_celsius"": 2784, ""battery_voltage"": 21216, ""ghi_irradiance_wm2"": 2784, ""gri_irradiance_wm2"": 21216, ""interpolated_keys_ambient_temperature_celsius"": 21161, ""interpolated_keys_ghi_irradiance_wm2"": 21161, ""interpolated_keys_poa_irradiance_wm2"": 21161, ""interpolated_keys_wind_speed_ms"": 21161, ""panel_temperature_celsius"": 21216, ""poa_irradiance_wm2"": 2784, ""precipitation_accumulated_mm"": 6, ""tracker_albedo_index"": 21216, ""wind_direction_degrees"": 21216, ""wind_speed_ms"": 2784}"
BR-PVGen_meteorological/PS_017.csv,meteorological,"[""ambient_temperature_celsius"", ""battery_voltage"", ""datetime"", ""document_count_ambient_temperature_celsius"", ""document_count_battery_voltage"", ""document_count_ghi_irradiance_wm2"", ""document_count_gri_irradiance_wm2"", ""document_count_panel_temperature_celsius"", ""document_count_poa_irradiance_wm2"", ""document_count_precipitation_accumulated_mm"", ""document_count_tracker_albedo_index"", ""document_count_wind_direction_degrees"", ""document_count_wind_speed_ms"", ""ghi_irradiance_wm2"", ""gri_irradiance_wm2"", ""interpolated_keys_ghi_irradiance_wm2"", ""interpolated_keys_poa_irradiance_wm2"", ""panel_temperature_celsius"", ""poa_irradiance_wm2"", ""precipitation_accumulated_mm"", ""ps_id"", ""tracker_albedo_index"", ""wind_direction_degrees"", ""wind_speed_ms""]","{""ambient_temperature_celsius"": ""empty"", ""battery_voltage"": ""empty"", ""datetime"": ""string"", ""document_count_ambient_temperature_celsius"": ""integer"", ""document_count_battery_voltage"": ""integer"", ""document_count_ghi_irradiance_wm2"": ""integer"", ""document_count_gri_irradiance_wm2"": ""integer"", ""document_count_panel_temperature_celsius"": ""integer"", ""document_count_poa_irradiance_wm2"": ""integer"", ""document_count_precipitation_accumulated_mm"": ""integer"", ""document_count_tracker_albedo_index"": ""integer"", ""document_count_wind_direction_degrees"": ""integer"", ""document_count_wind_speed_ms"": ""integer"", ""ghi_irradiance_wm2"": ""float"", ""gri_irradiance_wm2"": ""empty"", ""interpolated_keys_ghi_irradiance_wm2"": ""boolean"", ""interpolated_keys_poa_irradiance_wm2"": ""boolean"", ""panel_temperature_celsius"": ""empty"", ""poa_irradiance_wm2"": ""float"", ""precipitation_accumulated_mm"": ""empty"", ""ps_id"": ""string"", ""tracker_albedo_index"": ""empty"", ""wind_direction_degrees"": ""empty"", ""wind_speed_ms"": ""empty""}",96c5debe6bfe5116ced72c9717da90f4aa2fa69c435a579258ec94e92e4d2755,"{""ambient_temperature_celsius"": 24960, ""battery_voltage"": 24960, ""ghi_irradiance_wm2"": 2540, ""gri_irradiance_wm2"": 24960, ""interpolated_keys_ghi_irradiance_wm2"": 24951, ""interpolated_keys_poa_irradiance_wm2"": 24951, ""panel_temperature_celsius"": 24960, ""poa_irradiance_wm2"": 2540, ""precipitation_accumulated_mm"": 24960, ""tracker_albedo_index"": 24960, ""wind_direction_degrees"": 24960, ""wind_speed_ms"": 24960}"
BR-PVGen_meteorological/PS_018.csv,meteorological,"[""ambient_temperature_celsius"", ""battery_voltage"", ""datetime"", ""document_count_ambient_temperature_celsius"", ""document_count_battery_voltage"", ""document_count_ghi_irradiance_wm2"", ""document_count_gri_irradiance_wm2"", ""document_count_panel_temperature_celsius"", ""document_count_poa_irradiance_wm2"", ""document_count_precipitation_accumulated_mm"", ""document_count_tracker_albedo_index"", ""document_count_wind_direction_degrees"", ""document_count_wind_speed_ms"", ""ghi_irradiance_wm2"", ""gri_irradiance_wm2"", ""interpolated_keys_ghi_irradiance_wm2"", ""interpolated_keys_poa_irradiance_wm2"", ""panel_temperature_celsius"", ""poa_irradiance_wm2"", ""precipitation_accumulated_mm"", ""ps_id"", ""tracker_albedo_index"", ""wind_direction_degrees"", ""wind_speed_ms""]","{""ambient_temperature_celsius"": ""empty"", ""battery_voltage"": ""empty"", ""datetime"": ""string"", ""document_count_ambient_temperature_celsius"": ""integer"", ""document_count_battery_voltage"": ""integer"", ""document_count_ghi_irradiance_wm2"": ""integer"", ""document_count_gri_irradiance_wm2"": ""integer"", ""document_count_panel_temperature_celsius"": ""integer"", ""document_count_poa_irradiance_wm2"": ""integer"", ""document_count_precipitation_accumulated_mm"": ""integer"", ""document_count_tracker_albedo_index"": ""integer"", ""document_count_wind_direction_degrees"": ""integer"", ""document_count_wind_speed_ms"": ""integer"", ""ghi_irradiance_wm2"": ""float"", ""gri_irradiance_wm2"": ""empty"", ""interpolated_keys_ghi_irradiance_wm2"": ""boolean"", ""interpolated_keys_poa_irradiance_wm2"": ""boolean"", ""panel_temperature_celsius"": ""empty"", ""poa_irradiance_wm2"": ""float"", ""precipitation_accumulated_mm"": ""empty"", ""ps_id"": ""string"", ""tracker_albedo_index"": ""empty"", ""wind_direction_degrees"": ""empty"", ""wind_speed_ms"": ""empty""}",96c5debe6bfe5116ced72c9717da90f4aa2fa69c435a579258ec94e92e4d2755,"{""ambient_temperature_celsius"": 19200, ""battery_voltage"": 19200, ""ghi_irradiance_wm2"": 3073, ""gri_irradiance_wm2"": 19200, ""interpolated_keys_ghi_irradiance_wm2"": 19199, ""interpolated_keys_poa_irradiance_wm2"": 19199, ""panel_temperature_celsius"": 19200, ""poa_irradiance_wm2"": 3073, ""precipitation_accumulated_mm"": 19200, ""tracker_albedo_index"": 19200, ""wind_direction_degrees"": 19200, ""wind_speed_ms"": 19200}"
BR-PVGen_meteorological/PS_019.csv,meteorological,"[""ambient_temperature_celsius"", ""battery_voltage"", ""datetime"", ""document_count_ambient_temperature_celsius"", ""document_count_battery_voltage"", ""document_count_ghi_irradiance_wm2"", ""document_count_gri_irradiance_wm2"", ""document_count_panel_temperature_celsius"", ""document_count_poa_irradiance_wm2"", ""document_count_precipitation_accumulated_mm"", ""document_count_tracker_albedo_index"", ""document_count_wind_direction_degrees"", ""document_count_wind_speed_ms"", ""ghi_irradiance_wm2"", ""gri_irradiance_wm2"", ""interpolated_keys_ghi_irradiance_wm2"", ""interpolated_keys_poa_irradiance_wm2"", ""panel_temperature_celsius"", ""poa_irradiance_wm2"", ""precipitation_accumulated_mm"", ""ps_id"", ""tracker_albedo_index"", ""wind_direction_degrees"", ""wind_speed_ms""]","{""ambient_temperature_celsius"": ""empty"", ""battery_voltage"": ""empty"", ""datetime"": ""string"", ""document_count_ambient_temperature_celsius"": ""integer"", ""document_count_battery_voltage"": ""integer"", ""document_count_ghi_irradiance_wm2"": ""integer"", ""document_count_gri_irradiance_wm2"": ""integer"", ""document_count_panel_temperature_celsius"": ""integer"", ""document_count_poa_irradiance_wm2"": ""integer"", ""document_count_precipitation_accumulated_mm"": ""integer"", ""document_count_tracker_albedo_index"": ""integer"", ""document_count_wind_direction_degrees"": ""integer"", ""document_count_wind_speed_ms"": ""integer"", ""ghi_irradiance_wm2"": ""float"", ""gri_irradiance_wm2"": ""empty"", ""interpolated_keys_ghi_irradiance_wm2"": ""boolean"", ""interpolated_keys_poa_irradiance_wm2"": ""boolean"", ""panel_temperature_celsius"": ""empty"", ""poa_irradiance_wm2"": ""float"", ""precipitation_accumulated_mm"": ""empty"", ""ps_id"": ""string"", ""tracker_albedo_index"": ""empty"", ""wind_direction_degrees"": ""empty"", ""wind_speed_ms"": ""empty""}",96c5debe6bfe5116ced72c9717da90f4aa2fa69c435a579258ec94e92e4d2755,"{""ambient_temperature_celsius"": 24960, ""battery_voltage"": 24960, ""ghi_irradiance_wm2"": 3051, ""gri_irradiance_wm2"": 24960, ""interpolated_keys_ghi_irradiance_wm2"": 24951, ""interpolated_keys_poa_irradiance_wm2"": 24951, ""panel_temperature_celsius"": 24960, ""poa_irradiance_wm2"": 3051, ""precipitation_accumulated_mm"": 24960, ""tracker_albedo_index"": 24960, ""wind_direction_degrees"": 24960, ""wind_speed_ms"": 24960}"
BR-PVGen_meteorological/PS_020.csv,meteorological,"[""ambient_temperature_celsius"", ""battery_voltage"", ""datetime"", ""document_count_ambient_temperature_celsius"", ""document_count_battery_voltage"", ""document_count_ghi_irradiance_wm2"", ""document_count_gri_irradiance_wm2"", ""document_count_panel_temperature_celsius"", ""document_count_poa_irradiance_wm2"", ""document_count_precipitation_accumulated_mm"", ""document_count_tracker_albedo_index"", ""document_count_wind_direction_degrees"", ""document_count_wind_speed_ms"", ""ghi_irradiance_wm2"", ""gri_irradiance_wm2"", ""interpolated_keys_ghi_irradiance_wm2"", ""interpolated_keys_poa_irradiance_wm2"", ""panel_temperature_celsius"", ""poa_irradiance_wm2"", ""precipitation_accumulated_mm"", ""ps_id"", ""tracker_albedo_index"", ""wind_direction_degrees"", ""wind_speed_ms""]","{""ambient_temperature_celsius"": ""empty"", ""battery_voltage"": ""empty"", ""datetime"": ""string"", ""document_count_ambient_temperature_celsius"": ""integer"", ""document_count_battery_voltage"": ""integer"", ""document_count_ghi_irradiance_wm2"": ""integer"", ""document_count_gri_irradiance_wm2"": ""integer"", ""document_count_panel_temperature_celsius"": ""integer"", ""document_count_poa_irradiance_wm2"": ""integer"", ""document_count_precipitation_accumulated_mm"": ""integer"", ""document_count_tracker_albedo_index"": ""integer"", ""document_count_wind_direction_degrees"": ""integer"", ""document_count_wind_speed_ms"": ""integer"", ""ghi_irradiance_wm2"": ""float"", ""gri_irradiance_wm2"": ""empty"", ""interpolated_keys_ghi_irradiance_wm2"": ""boolean"", ""interpolated_keys_poa_irradiance_wm2"": ""boolean"", ""panel_temperature_celsius"": ""empty"", ""poa_irradiance_wm2"": ""float"", ""precipitation_accumulated_mm"": ""empty"", ""ps_id"": ""string"", ""tracker_albedo_index"": ""empty"", ""wind_direction_degrees"": ""empty"", ""wind_speed_ms"": ""empty""}",96c5debe6bfe5116ced72c9717da90f4aa2fa69c435a579258ec94e92e4d2755,"{""ambient_temperature_celsius"": 24960, ""battery_voltage"": 24960, ""ghi_irradiance_wm2"": 6705, ""gri_irradiance_wm2"": 24960, ""interpolated_keys_ghi_irradiance_wm2"": 24863, ""interpolated_keys_poa_irradiance_wm2"": 24863, ""panel_temperature_celsius"": 24960, ""poa_irradiance_wm2"": 6705, ""precipitation_accumulated_mm"": 24960, ""tracker_albedo_index"": 24960, ""wind_direction_degrees"": 24960, ""wind_speed_ms"": 24960}"
BR-PVGen_meteorological/PS_021.csv,meteorological,"[""ambient_temperature_celsius"", ""battery_voltage"", ""datetime"", ""document_count_ambient_temperature_celsius"", ""document_count_battery_voltage"", ""document_count_ghi_irradiance_wm2"", ""document_count_gri_irradiance_wm2"", ""document_count_panel_temperature_celsius"", ""document_count_poa_irradiance_wm2"", ""document_count_precipitation_accumulated_mm"", ""document_count_tracker_albedo_index"", ""document_count_wind_direction_degrees"", ""document_count_wind_speed_ms"", ""ghi_irradiance_wm2"", ""gri_irradiance_wm2"", ""interpolated_keys_ghi_irradiance_wm2"", ""interpolated_keys_poa_irradiance_wm2"", ""panel_temperature_celsius"", ""poa_irradiance_wm2"", ""precipitation_accumulated_mm"", ""ps_id"", ""tracker_albedo_index"", ""wind_direction_degrees"", ""wind_speed_ms""]","{""ambient_temperature_celsius"": ""empty"", ""battery_voltage"": ""empty"", ""datetime"": ""string"", ""document_count_ambient_temperature_celsius"": ""integer"", ""document_count_battery_voltage"": ""integer"", ""document_count_ghi_irradiance_wm2"": ""integer"", ""document_count_gri_irradiance_wm2"": ""integer"", ""document_count_panel_temperature_celsius"": ""integer"", ""document_count_poa_irradiance_wm2"": ""integer"", ""document_count_precipitation_accumulated_mm"": ""integer"", ""document_count_tracker_albedo_index"": ""integer"", ""document_count_wind_direction_degrees"": ""integer"", ""document_count_wind_speed_ms"": ""integer"", ""ghi_irradiance_wm2"": ""float"", ""gri_irradiance_wm2"": ""empty"", ""interpolated_keys_ghi_irradiance_wm2"": ""boolean"", ""interpolated_keys_poa_irradiance_wm2"": ""boolean"", ""panel_temperature_celsius"": ""empty"", ""poa_irradiance_wm2"": ""float"", ""precipitation_accumulated_mm"": ""empty"", ""ps_id"": ""string"", ""tracker_albedo_index"": ""empty"", ""wind_direction_degrees"": ""empty"", ""wind_speed_ms"": ""empty""}",96c5debe6bfe5116ced72c9717da90f4aa2fa69c435a579258ec94e92e4d2755,"{""ambient_temperature_celsius"": 18624, ""battery_voltage"": 18624, ""ghi_irradiance_wm2"": 1808, ""gri_irradiance_wm2"": 18624, ""interpolated_keys_ghi_irradiance_wm2"": 18619, ""interpolated_keys_poa_irradiance_wm2"": 18619, ""panel_temperature_celsius"": 18624, ""poa_irradiance_wm2"": 1808, ""precipitation_accumulated_mm"": 18624, ""tracker_albedo_index"": 18624, ""wind_direction_degrees"": 18624, ""wind_speed_ms"": 18624}"
BR-PVGen_meteorological/PS_022.csv,meteorological,"[""ambient_temperature_celsius"", ""battery_voltage"", ""datetime"", ""document_count_ambient_temperature_celsius"", ""document_count_battery_voltage"", ""document_count_ghi_irradiance_wm2"", ""document_count_gri_irradiance_wm2"", ""document_count_panel_temperature_celsius"", ""document_count_poa_irradiance_wm2"", ""document_count_precipitation_accumulated_mm"", ""document_count_tracker_albedo_index"", ""document_count_wind_direction_degrees"", ""document_count_wind_speed_ms"", ""ghi_irradiance_wm2"", ""gri_irradiance_wm2"", ""interpolated_keys_ghi_irradiance_wm2"", ""interpolated_keys_poa_irradiance_wm2"", ""panel_temperature_celsius"", ""poa_irradiance_wm2"", ""precipitation_accumulated_mm"", ""ps_id"", ""tracker_albedo_index"", ""wind_direction_degrees"", ""wind_speed_ms""]","{""ambient_temperature_celsius"": ""empty"", ""battery_voltage"": ""empty"", ""datetime"": ""string"", ""document_count_ambient_temperature_celsius"": ""integer"", ""document_count_battery_voltage"": ""integer"", ""document_count_ghi_irradiance_wm2"": ""integer"", ""document_count_gri_irradiance_wm2"": ""integer"", ""document_count_panel_temperature_celsius"": ""integer"", ""document_count_poa_irradiance_wm2"": ""integer"", ""document_count_precipitation_accumulated_mm"": ""integer"", ""document_count_tracker_albedo_index"": ""integer"", ""document_count_wind_direction_degrees"": ""integer"", ""document_count_wind_speed_ms"": ""integer"", ""ghi_irradiance_wm2"": ""float"", ""gri_irradiance_wm2"": ""empty"", ""interpolated_keys_ghi_irradiance_wm2"": ""boolean"", ""interpolated_keys_poa_irradiance_wm2"": ""boolean"", ""panel_temperature_celsius"": ""empty"", ""poa_irradiance_wm2"": ""float"", ""precipitation_accumulated_mm"": ""empty"", ""ps_id"": ""string"", ""tracker_albedo_index"": ""empty"", ""wind_direction_degrees"": ""empty"", ""wind_speed_ms"": ""empty""}",96c5debe6bfe5116ced72c9717da90f4aa2fa69c435a579258ec94e92e4d2755,"{""ambient_temperature_celsius"": 24960, ""battery_voltage"": 24960, ""ghi_irradiance_wm2"": 8598, ""gri_irradiance_wm2"": 24960, ""interpolated_keys_ghi_irradiance_wm2"": 24895, ""interpolated_keys_poa_irradiance_wm2"": 24895, ""panel_temperature_celsius"": 24960, ""poa_irradiance_wm2"": 8598, ""precipitation_accumulated_mm"": 24960, ""tracker_albedo_index"": 24960, ""wind_direction_degrees"": 24960, ""wind_speed_ms"": 24960}"
BR-PVGen_meteorological/PS_023.csv,meteorological,"[""ambient_temperature_celsius"", ""battery_voltage"", ""datetime"", ""document_count_ambient_temperature_celsius"", ""document_count_battery_voltage"", ""document_count_ghi_irradiance_wm2"", ""document_count_gri_irradiance_wm2"", ""document_count_panel_temperature_celsius"", ""document_count_poa_irradiance_wm2"", ""document_count_precipitation_accumulated_mm"", ""document_count_tracker_albedo_index"", ""document_count_wind_direction_degrees"", ""document_count_wind_speed_ms"", ""ghi_irradiance_wm2"", ""gri_irradiance_wm2"", ""interpolated_keys_ghi_irradiance_wm2"", ""interpolated_keys_poa_irradiance_wm2"", ""panel_temperature_celsius"", ""poa_irradiance_wm2"", ""precipitation_accumulated_mm"", ""ps_id"", ""tracker_albedo_index"", ""wind_direction_degrees"", ""wind_speed_ms""]","{""ambient_temperature_celsius"": ""empty"", ""battery_voltage"": ""empty"", ""datetime"": ""string"", ""document_count_ambient_temperature_celsius"": ""integer"", ""document_count_battery_voltage"": ""integer"", ""document_count_ghi_irradiance_wm2"": ""integer"", ""document_count_gri_irradiance_wm2"": ""integer"", ""document_count_panel_temperature_celsius"": ""integer"", ""document_count_poa_irradiance_wm2"": ""integer"", ""document_count_precipitation_accumulated_mm"": ""integer"", ""document_count_tracker_albedo_index"": ""integer"", ""document_count_wind_direction_degrees"": ""integer"", ""document_count_wind_speed_ms"": ""integer"", ""ghi_irradiance_wm2"": ""float"", ""gri_irradiance_wm2"": ""empty"", ""interpolated_keys_ghi_irradiance_wm2"": ""boolean"", ""interpolated_keys_poa_irradiance_wm2"": ""boolean"", ""panel_temperature_celsius"": ""empty"", ""poa_irradiance_wm2"": ""float"", ""precipitation_accumulated_mm"": ""empty"", ""ps_id"": ""string"", ""tracker_albedo_index"": ""empty"", ""wind_direction_degrees"": ""empty"", ""wind_speed_ms"": ""empty""}",96c5debe6bfe5116ced72c9717da90f4aa2fa69c435a579258ec94e92e4d2755,"{""ambient_temperature_celsius"": 24960, ""battery_voltage"": 24960, ""ghi_irradiance_wm2"": 3534, ""gri_irradiance_wm2"": 24960, ""interpolated_keys_ghi_irradiance_wm2"": 24950, ""interpolated_keys_poa_irradiance_wm2"": 24950, ""panel_temperature_celsius"": 24960, ""poa_irradiance_wm2"": 3534, ""precipitation_accumulated_mm"": 24960, ""tracker_albedo_index"": 24960, ""wind_direction_degrees"": 24960, ""wind_speed_ms"": 24960}"
BR-PVGen_meteorological/PS_024.csv,meteorological,"[""ambient_temperature_celsius"", ""battery_voltage"", ""datetime"", ""document_count_ambient_temperature_celsius"", ""document_count_battery_voltage"", ""document_count_ghi_irradiance_wm2"", ""document_count_gri_irradiance_wm2"", ""document_count_panel_temperature_celsius"", ""document_count_poa_irradiance_wm2"", ""document_count_precipitation_accumulated_mm"", ""document_count_tracker_albedo_index"", ""document_count_wind_direction_degrees"", ""document_count_wind_speed_ms"", ""ghi_irradiance_wm2"", ""gri_irradiance_wm2"", ""interpolated_keys_ghi_irradiance_wm2"", ""interpolated_keys_poa_irradiance_wm2"", ""panel_temperature_celsius"", ""poa_irradiance_wm2"", ""precipitation_accumulated_mm"", ""ps_id"", ""tracker_albedo_index"", ""wind_direction_degrees"", ""wind_speed_ms""]","{""ambient_temperature_celsius"": ""empty"", ""battery_voltage"": ""empty"", ""datetime"": ""string"", ""document_count_ambient_temperature_celsius"": ""integer"", ""document_count_battery_voltage"": ""integer"", ""document_count_ghi_irradiance_wm2"": ""integer"", ""document_count_gri_irradiance_wm2"": ""integer"", ""document_count_panel_temperature_celsius"": ""integer"", ""document_count_poa_irradiance_wm2"": ""integer"", ""document_count_precipitation_accumulated_mm"": ""integer"", ""document_count_tracker_albedo_index"": ""integer"", ""document_count_wind_direction_degrees"": ""integer"", ""document_count_wind_speed_ms"": ""integer"", ""ghi_irradiance_wm2"": ""float"", ""gri_irradiance_wm2"": ""empty"", ""interpolated_keys_ghi_irradiance_wm2"": ""boolean"", ""interpolated_keys_poa_irradiance_wm2"": ""boolean"", ""panel_temperature_celsius"": ""empty"", ""poa_irradiance_wm2"": ""float"", ""precipitation_accumulated_mm"": ""empty"", ""ps_id"": ""string"", ""tracker_albedo_index"": ""empty"", ""wind_direction_degrees"": ""empty"", ""wind_speed_ms"": ""empty""}",96c5debe6bfe5116ced72c9717da90f4aa2fa69c435a579258ec94e92e4d2755,"{""ambient_temperature_celsius"": 23424, ""battery_voltage"": 23424, ""ghi_irradiance_wm2"": 5134, ""gri_irradiance_wm2"": 23424, ""interpolated_keys_ghi_irradiance_wm2"": 23391, ""interpolated_keys_poa_irradiance_wm2"": 23391, ""panel_temperature_celsius"": 23424, ""poa_irradiance_wm2"": 5134, ""precipitation_accumulated_mm"": 23424, ""tracker_albedo_index"": 23424, ""wind_direction_degrees"": 23424, ""wind_speed_ms"": 23424}"
BR-PVGen_meteorological/PS_025.csv,meteorological,"[""ambient_temperature_celsius"", ""battery_voltage"", ""datetime"", ""document_count_ambient_temperature_celsius"", ""document_count_battery_voltage"", ""document_count_ghi_irradiance_wm2"", ""document_count_gri_irradiance_wm2"", ""document_count_panel_temperature_celsius"", ""document_count_poa_irradiance_wm2"", ""document_count_precipitation_accumulated_mm"", ""document_count_tracker_albedo_index"", ""document_count_wind_direction_degrees"", ""document_count_wind_speed_ms"", ""ghi_irradiance_wm2"", ""gri_irradiance_wm2"", ""interpolated_keys_ghi_irradiance_wm2"", ""interpolated_keys_poa_irradiance_wm2"", ""panel_temperature_celsius"", ""poa_irradiance_wm2"", ""precipitation_accumulated_mm"", ""ps_id"", ""tracker_albedo_index"", ""wind_direction_degrees"", ""wind_speed_ms""]","{""ambient_temperature_celsius"": ""empty"", ""battery_voltage"": ""empty"", ""datetime"": ""string"", ""document_count_ambient_temperature_celsius"": ""integer"", ""document_count_battery_voltage"": ""integer"", ""document_count_ghi_irradiance_wm2"": ""integer"", ""document_count_gri_irradiance_wm2"": ""integer"", ""document_count_panel_temperature_celsius"": ""integer"", ""document_count_poa_irradiance_wm2"": ""integer"", ""document_count_precipitation_accumulated_mm"": ""integer"", ""document_count_tracker_albedo_index"": ""integer"", ""document_count_wind_direction_degrees"": ""integer"", ""document_count_wind_speed_ms"": ""integer"", ""ghi_irradiance_wm2"": ""float"", ""gri_irradiance_wm2"": ""empty"", ""interpolated_keys_ghi_irradiance_wm2"": ""boolean"", ""interpolated_keys_poa_irradiance_wm2"": ""boolean"", ""panel_temperature_celsius"": ""empty"", ""poa_irradiance_wm2"": ""float"", ""precipitation_accumulated_mm"": ""empty"", ""ps_id"": ""string"", ""tracker_albedo_index"": ""empty"", ""wind_direction_degrees"": ""empty"", ""wind_speed_ms"": ""empty""}",96c5debe6bfe5116ced72c9717da90f4aa2fa69c435a579258ec94e92e4d2755,"{""ambient_temperature_celsius"": 24000, ""battery_voltage"": 24000, ""ghi_irradiance_wm2"": 5296, ""gri_irradiance_wm2"": 24000, ""interpolated_keys_ghi_irradiance_wm2"": 23997, ""interpolated_keys_poa_irradiance_wm2"": 23997, ""panel_temperature_celsius"": 24000, ""poa_irradiance_wm2"": 5296, ""precipitation_accumulated_mm"": 24000, ""tracker_albedo_index"": 24000, ""wind_direction_degrees"": 24000, ""wind_speed_ms"": 24000}"
BR-PVGen_meteorological/PS_026.csv,meteorological,"[""ambient_temperature_celsius"", ""battery_voltage"", ""datetime"", ""document_count_ambient_temperature_celsius"", ""document_count_battery_voltage"", ""document_count_ghi_irradiance_wm2"", ""document_count_gri_irradiance_wm2"", ""document_count_panel_temperature_celsius"", ""document_count_poa_irradiance_wm2"", ""document_count_precipitation_accumulated_mm"", ""document_count_tracker_albedo_index"", ""document_count_wind_direction_degrees"", ""document_count_wind_speed_ms"", ""ghi_irradiance_wm2"", ""gri_irradiance_wm2"", ""interpolated_keys_ghi_irradiance_wm2"", ""interpolated_keys_poa_irradiance_wm2"", ""panel_temperature_celsius"", ""poa_irradiance_wm2"", ""precipitation_accumulated_mm"", ""ps_id"", ""tracker_albedo_index"", ""wind_direction_degrees"", ""wind_speed_ms""]","{""ambient_temperature_celsius"": ""empty"", ""battery_voltage"": ""empty"", ""datetime"": ""string"", ""document_count_ambient_temperature_celsius"": ""integer"", ""document_count_battery_voltage"": ""integer"", ""document_count_ghi_irradiance_wm2"": ""integer"", ""document_count_gri_irradiance_wm2"": ""integer"", ""document_count_panel_temperature_celsius"": ""integer"", ""document_count_poa_irradiance_wm2"": ""integer"", ""document_count_precipitation_accumulated_mm"": ""integer"", ""document_count_tracker_albedo_index"": ""integer"", ""document_count_wind_direction_degrees"": ""integer"", ""document_count_wind_speed_ms"": ""integer"", ""ghi_irradiance_wm2"": ""float"", ""gri_irradiance_wm2"": ""empty"", ""interpolated_keys_ghi_irradiance_wm2"": ""boolean"", ""interpolated_keys_poa_irradiance_wm2"": ""boolean"", ""panel_temperature_celsius"": ""empty"", ""poa_irradiance_wm2"": ""float"", ""precipitation_accumulated_mm"": ""empty"", ""ps_id"": ""string"", ""tracker_albedo_index"": ""empty"", ""wind_direction_degrees"": ""empty"", ""wind_speed_ms"": ""empty""}",96c5debe6bfe5116ced72c9717da90f4aa2fa69c435a579258ec94e92e4d2755,"{""ambient_temperature_celsius"": 24576, ""battery_voltage"": 24576, ""ghi_irradiance_wm2"": 4519, ""gri_irradiance_wm2"": 24576, ""interpolated_keys_ghi_irradiance_wm2"": 24541, ""interpolated_keys_poa_irradiance_wm2"": 24541, ""panel_temperature_celsius"": 24576, ""poa_irradiance_wm2"": 4519, ""precipitation_accumulated_mm"": 24576, ""tracker_albedo_index"": 24576, ""wind_direction_degrees"": 24576, ""wind_speed_ms"": 24576}"
BR-PVGen_meteorological/PS_027.csv,meteorological,"[""ambient_temperature_celsius"", ""battery_voltage"", ""datetime"", ""document_count_ambient_temperature_celsius"", ""document_count_battery_voltage"", ""document_count_ghi_irradiance_wm2"", ""document_count_gri_irradiance_wm2"", ""document_count_panel_temperature_celsius"", ""document_count_poa_irradiance_wm2"", ""document_count_precipitation_accumulated_mm"", ""document_count_tracker_albedo_index"", ""document_count_wind_direction_degrees"", ""document_count_wind_speed_ms"", ""ghi_irradiance_wm2"", ""gri_irradiance_wm2"", ""interpolated_keys_ghi_irradiance_wm2"", ""interpolated_keys_poa_irradiance_wm2"", ""panel_temperature_celsius"", ""poa_irradiance_wm2"", ""precipitation_accumulated_mm"", ""ps_id"", ""tracker_albedo_index"", ""wind_direction_degrees"", ""wind_speed_ms""]","{""ambient_temperature_celsius"": ""empty"", ""battery_voltage"": ""empty"", ""datetime"": ""string"", ""document_count_ambient_temperature_celsius"": ""integer"", ""document_count_battery_voltage"": ""integer"", ""document_count_ghi_irradiance_wm2"": ""integer"", ""document_count_gri_irradiance_wm2"": ""integer"", ""document_count_panel_temperature_celsius"": ""integer"", ""document_count_poa_irradiance_wm2"": ""integer"", ""document_count_precipitation_accumulated_mm"": ""integer"", ""document_count_tracker_albedo_index"": ""integer"", ""document_count_wind_direction_degrees"": ""integer"", ""document_count_wind_speed_ms"": ""integer"", ""ghi_irradiance_wm2"": ""float"", ""gri_irradiance_wm2"": ""empty"", ""interpolated_keys_ghi_irradiance_wm2"": ""boolean"", ""interpolated_keys_poa_irradiance_wm2"": ""boolean"", ""panel_temperature_celsius"": ""empty"", ""poa_irradiance_wm2"": ""float"", ""precipitation_accumulated_mm"": ""empty"", ""ps_id"": ""string"", ""tracker_albedo_index"": ""empty"", ""wind_direction_degrees"": ""empty"", ""wind_speed_ms"": ""empty""}",96c5debe6bfe5116ced72c9717da90f4aa2fa69c435a579258ec94e92e4d2755,"{""ambient_temperature_celsius"": 19296, ""battery_voltage"": 19296, ""ghi_irradiance_wm2"": 4207, ""gri_irradiance_wm2"": 19296, ""interpolated_keys_ghi_irradiance_wm2"": 19263, ""interpolated_keys_poa_irradiance_wm2"": 19263, ""panel_temperature_celsius"": 19296, ""poa_irradiance_wm2"": 4207, ""precipitation_accumulated_mm"": 19296, ""tracker_albedo_index"": 19296, ""wind_direction_degrees"": 19296, ""wind_speed_ms"": 19296}"
BR-PVGen_meteorological/PS_028.csv,meteorological,"[""ambient_temperature_celsius"", ""battery_voltage"", ""datetime"", ""document_count_ambient_temperature_celsius"", ""document_count_battery_voltage"", ""document_count_ghi_irradiance_wm2"", ""document_count_gri_irradiance_wm2"", ""document_count_panel_temperature_celsius"", ""document_count_poa_irradiance_wm2"", ""document_count_precipitation_accumulated_mm"", ""document_count_tracker_albedo_index"", ""document_count_wind_direction_degrees"", ""document_count_wind_speed_ms"", ""ghi_irradiance_wm2"", ""gri_irradiance_wm2"", ""interpolated_keys_ambient_temperature_celsius"", ""interpolated_keys_ghi_irradiance_wm2"", ""interpolated_keys_panel_temperature_celsius"", ""interpolated_keys_poa_irradiance_wm2"", ""interpolated_keys_wind_speed_ms"", ""panel_temperature_celsius"", ""poa_irradiance_wm2"", ""precipitation_accumulated_mm"", ""ps_id"", ""tracker_albedo_index"", ""wind_direction_degrees"", ""wind_speed_ms""]","{""ambient_temperature_celsius"": ""float"", ""battery_voltage"": ""empty"", ""datetime"": ""string"", ""document_count_ambient_temperature_celsius"": ""integer"", ""document_count_battery_voltage"": ""integer"", ""document_count_ghi_irradiance_wm2"": ""integer"", ""document_count_gri_irradiance_wm2"": ""integer"", ""document_count_panel_temperature_celsius"": ""integer"", ""document_count_poa_irradiance_wm2"": ""integer"", ""document_count_precipitation_accumulated_mm"": ""integer"", ""document_count_tracker_albedo_index"": ""integer"", ""document_count_wind_direction_degrees"": ""integer"", ""document_count_wind_speed_ms"": ""integer"", ""ghi_irradiance_wm2"": ""float"", ""gri_irradiance_wm2"": ""empty"", ""interpolated_keys_ambient_temperature_celsius"": ""boolean"", ""interpolated_keys_ghi_irradiance_wm2"": ""boolean"", ""interpolated_keys_panel_temperature_celsius"": ""boolean"", ""interpolated_keys_poa_irradiance_wm2"": ""boolean"", ""interpolated_keys_wind_speed_ms"": ""boolean"", ""panel_temperature_celsius"": ""float"", ""poa_irradiance_wm2"": ""float"", ""precipitation_accumulated_mm"": ""float"", ""ps_id"": ""string"", ""tracker_albedo_index"": ""empty"", ""wind_direction_degrees"": ""empty"", ""wind_speed_ms"": ""float""}",4ef7e68ea243a996f7be804b6fdbfc2457bc5d72bca3aee403711ffd6a13ee4d,"{""ambient_temperature_celsius"": 2734, ""battery_voltage"": 24192, ""ghi_irradiance_wm2"": 2734, ""gri_irradiance_wm2"": 24192, ""interpolated_keys_ambient_temperature_celsius"": 24175, ""interpolated_keys_ghi_irradiance_wm2"": 24176, ""interpolated_keys_panel_temperature_celsius"": 24176, ""interpolated_keys_poa_irradiance_wm2"": 24176, ""interpolated_keys_wind_speed_ms"": 24176, ""panel_temperature_celsius"": 2734, ""poa_irradiance_wm2"": 2734, ""precipitation_accumulated_mm"": 56, ""tracker_albedo_index"": 24192, ""wind_direction_degrees"": 24192, ""wind_speed_ms"": 2734}"
BR-PVGen_meteorological/PS_029.csv,meteorological,"[""ambient_temperature_celsius"", ""battery_voltage"", ""datetime"", ""document_count_ambient_temperature_celsius"", ""document_count_battery_voltage"", ""document_count_ghi_irradiance_wm2"", ""document_count_gri_irradiance_wm2"", ""document_count_panel_temperature_celsius"", ""document_count_poa_irradiance_wm2"", ""document_count_precipitation_accumulated_mm"", ""document_count_tracker_albedo_index"", ""document_count_wind_direction_degrees"", ""document_count_wind_speed_ms"", ""ghi_irradiance_wm2"", ""gri_irradiance_wm2"", ""interpolated_keys_ghi_irradiance_wm2"", ""interpolated_keys_poa_irradiance_wm2"", ""panel_temperature_celsius"", ""poa_irradiance_wm2"", ""precipitation_accumulated_mm"", ""ps_id"", ""tracker_albedo_index"", ""wind_direction_degrees"", ""wind_speed_ms""]","{""ambient_temperature_celsius"": ""empty"", ""battery_voltage"": ""empty"", ""datetime"": ""string"", ""document_count_ambient_temperature_celsius"": ""integer"", ""document_count_battery_voltage"": ""integer"", ""document_count_ghi_irradiance_wm2"": ""integer"", ""document_count_gri_irradiance_wm2"": ""integer"", ""document_count_panel_temperature_celsius"": ""integer"", ""document_count_poa_irradiance_wm2"": ""integer"", ""document_count_precipitation_accumulated_mm"": ""integer"", ""document_count_tracker_albedo_index"": ""integer"", ""document_count_wind_direction_degrees"": ""integer"", ""document_count_wind_speed_ms"": ""integer"", ""ghi_irradiance_wm2"": ""float"", ""gri_irradiance_wm2"": ""empty"", ""interpolated_keys_ghi_irradiance_wm2"": ""boolean"", ""interpolated_keys_poa_irradiance_wm2"": ""boolean"", ""panel_temperature_celsius"": ""empty"", ""poa_irradiance_wm2"": ""float"", ""precipitation_accumulated_mm"": ""empty"", ""ps_id"": ""string"", ""tracker_albedo_index"": ""empty"", ""wind_direction_degrees"": ""empty"", ""wind_speed_ms"": ""empty""}",96c5debe6bfe5116ced72c9717da90f4aa2fa69c435a579258ec94e92e4d2755,"{""ambient_temperature_celsius"": 24000, ""battery_voltage"": 24000, ""ghi_irradiance_wm2"": 4999, ""gri_irradiance_wm2"": 24000, ""interpolated_keys_ghi_irradiance_wm2"": 23971, ""interpolated_keys_poa_irradiance_wm2"": 23971, ""panel_temperature_celsius"": 24000, ""poa_irradiance_wm2"": 5001, ""precipitation_accumulated_mm"": 24000, ""tracker_albedo_index"": 24000, ""wind_direction_degrees"": 24000, ""wind_speed_ms"": 24000}"
BR-PVGen_meteorological/PS_030.csv,meteorological,"[""ambient_temperature_celsius"", ""battery_voltage"", ""datetime"", ""document_count_ambient_temperature_celsius"", ""document_count_battery_voltage"", ""document_count_ghi_irradiance_wm2"", ""document_count_gri_irradiance_wm2"", ""document_count_panel_temperature_celsius"", ""document_count_poa_irradiance_wm2"", ""document_count_precipitation_accumulated_mm"", ""document_count_tracker_albedo_index"", ""document_count_wind_direction_degrees"", ""document_count_wind_speed_ms"", ""ghi_irradiance_wm2"", ""gri_irradiance_wm2"", ""interpolated_keys_ghi_irradiance_wm2"", ""interpolated_keys_poa_irradiance_wm2"", ""panel_temperature_celsius"", ""poa_irradiance_wm2"", ""precipitation_accumulated_mm"", ""ps_id"", ""tracker_albedo_index"", ""wind_direction_degrees"", ""wind_speed_ms""]","{""ambient_temperature_celsius"": ""empty"", ""battery_voltage"": ""empty"", ""datetime"": ""string"", ""document_count_ambient_temperature_celsius"": ""integer"", ""document_count_battery_voltage"": ""integer"", ""document_count_ghi_irradiance_wm2"": ""integer"", ""document_count_gri_irradiance_wm2"": ""integer"", ""document_count_panel_temperature_celsius"": ""integer"", ""document_count_poa_irradiance_wm2"": ""integer"", ""document_count_precipitation_accumulated_mm"": ""integer"", ""document_count_tracker_albedo_index"": ""integer"", ""document_count_wind_direction_degrees"": ""integer"", ""document_count_wind_speed_ms"": ""integer"", ""ghi_irradiance_wm2"": ""float"", ""gri_irradiance_wm2"": ""empty"", ""interpolated_keys_ghi_irradiance_wm2"": ""boolean"", ""interpolated_keys_poa_irradiance_wm2"": ""boolean"", ""panel_temperature_celsius"": ""empty"", ""poa_irradiance_wm2"": ""float"", ""precipitation_accumulated_mm"": ""empty"", ""ps_id"": ""string"", ""tracker_albedo_index"": ""empty"", ""wind_direction_degrees"": ""empty"", ""wind_speed_ms"": ""empty""}",96c5debe6bfe5116ced72c9717da90f4aa2fa69c435a579258ec94e92e4d2755,"{""ambient_temperature_celsius"": 24096, ""battery_voltage"": 24096, ""ghi_irradiance_wm2"": 5999, ""gri_irradiance_wm2"": 24096, ""interpolated_keys_ghi_irradiance_wm2"": 24088, ""interpolated_keys_poa_irradiance_wm2"": 24088, ""panel_temperature_celsius"": 24096, ""poa_irradiance_wm2"": 5999, ""precipitation_accumulated_mm"": 24096, ""tracker_albedo_index"": 24096, ""wind_direction_degrees"": 24096, ""wind_speed_ms"": 24096}"
BR-PVGen_meteorological/PS_031.csv,meteorological,"[""ambient_temperature_celsius"", ""battery_voltage"", ""datetime"", ""document_count_ambient_temperature_celsius"", ""document_count_battery_voltage"", ""document_count_ghi_irradiance_wm2"", ""document_count_gri_irradiance_wm2"", ""document_count_panel_temperature_celsius"", ""document_count_poa_irradiance_wm2"", ""document_count_precipitation_accumulated_mm"", ""document_count_tracker_albedo_index"", ""document_count_wind_direction_degrees"", ""document_count_wind_speed_ms"", ""ghi_irradiance_wm2"", ""gri_irradiance_wm2"", ""interpolated_keys_ghi_irradiance_wm2"", ""interpolated_keys_poa_irradiance_wm2"", ""panel_temperature_celsius"", ""poa_irradiance_wm2"", ""precipitation_accumulated_mm"", ""ps_id"", ""tracker_albedo_index"", ""wind_direction_degrees"", ""wind_speed_ms""]","{""ambient_temperature_celsius"": ""empty"", ""battery_voltage"": ""empty"", ""datetime"": ""string"", ""document_count_ambient_temperature_celsius"": ""integer"", ""document_count_battery_voltage"": ""integer"", ""document_count_ghi_irradiance_wm2"": ""integer"", ""document_count_gri_irradiance_wm2"": ""integer"", ""document_count_panel_temperature_celsius"": ""integer"", ""document_count_poa_irradiance_wm2"": ""integer"", ""document_count_precipitation_accumulated_mm"": ""integer"", ""document_count_tracker_albedo_index"": ""integer"", ""document_count_wind_direction_degrees"": ""integer"", ""document_count_wind_speed_ms"": ""integer"", ""ghi_irradiance_wm2"": ""float"", ""gri_irradiance_wm2"": ""empty"", ""interpolated_keys_ghi_irradiance_wm2"": ""boolean"", ""interpolated_keys_poa_irradiance_wm2"": ""boolean"", ""panel_temperature_celsius"": ""empty"", ""poa_irradiance_wm2"": ""float"", ""precipitation_accumulated_mm"": ""empty"", ""ps_id"": ""string"", ""tracker_albedo_index"": ""empty"", ""wind_direction_degrees"": ""empty"", ""wind_speed_ms"": ""empty""}",96c5debe6bfe5116ced72c9717da90f4aa2fa69c435a579258ec94e92e4d2755,"{""ambient_temperature_celsius"": 16320, ""battery_voltage"": 16320, ""ghi_irradiance_wm2"": 4019, ""gri_irradiance_wm2"": 16320, ""interpolated_keys_ghi_irradiance_wm2"": 16292, ""interpolated_keys_poa_irradiance_wm2"": 16292, ""panel_temperature_celsius"": 16320, ""poa_irradiance_wm2"": 4019, ""precipitation_accumulated_mm"": 16320, ""tracker_albedo_index"": 16320, ""wind_direction_degrees"": 16320, ""wind_speed_ms"": 16320}"
BR-PVGen_meteorological/PS_032.csv,meteorological,"[""ambient_temperature_celsius"", ""battery_voltage"", ""datetime"", ""document_count_ambient_temperature_celsius"", ""document_count_battery_voltage"", ""document_count_ghi_irradiance_wm2"", ""document_count_gri_irradiance_wm2"", ""document_count_panel_temperature_celsius"", ""document_count_poa_irradiance_wm2"", ""document_count_precipitation_accumulated_mm"", ""document_count_tracker_albedo_index"", ""document_count_wind_direction_degrees"", ""document_count_wind_speed_ms"", ""ghi_irradiance_wm2"", ""gri_irradiance_wm2"", ""interpolated_keys_ghi_irradiance_wm2"", ""interpolated_keys_poa_irradiance_wm2"", ""panel_temperature_celsius"", ""poa_irradiance_wm2"", ""precipitation_accumulated_mm"", ""ps_id"", ""tracker_albedo_index"", ""wind_direction_degrees"", ""wind_speed_ms""]","{""ambient_temperature_celsius"": ""empty"", ""battery_voltage"": ""empty"", ""datetime"": ""string"", ""document_count_ambient_temperature_celsius"": ""integer"", ""document_count_battery_voltage"": ""integer"", ""document_count_ghi_irradiance_wm2"": ""integer"", ""document_count_gri_irradiance_wm2"": ""integer"", ""document_count_panel_temperature_celsius"": ""integer"", ""document_count_poa_irradiance_wm2"": ""integer"", ""document_count_precipitation_accumulated_mm"": ""integer"", ""document_count_tracker_albedo_index"": ""integer"", ""document_count_wind_direction_degrees"": ""integer"", ""document_count_wind_speed_ms"": ""integer"", ""ghi_irradiance_wm2"": ""float"", ""gri_irradiance_wm2"": ""empty"", ""interpolated_keys_ghi_irradiance_wm2"": ""boolean"", ""interpolated_keys_poa_irradiance_wm2"": ""boolean"", ""panel_temperature_celsius"": ""empty"", ""poa_irradiance_wm2"": ""float"", ""precipitation_accumulated_mm"": ""empty"", ""ps_id"": ""string"", ""tracker_albedo_index"": ""empty"", ""wind_direction_degrees"": ""empty"", ""wind_speed_ms"": ""empty""}",96c5debe6bfe5116ced72c9717da90f4aa2fa69c435a579258ec94e92e4d2755,"{""ambient_temperature_celsius"": 23904, ""battery_voltage"": 23904, ""ghi_irradiance_wm2"": 6552, ""gri_irradiance_wm2"": 23904, ""interpolated_keys_ghi_irradiance_wm2"": 23865, ""interpolated_keys_poa_irradiance_wm2"": 23865, ""panel_temperature_celsius"": 23904, ""poa_irradiance_wm2"": 6552, ""precipitation_accumulated_mm"": 23904, ""tracker_albedo_index"": 23904, ""wind_direction_degrees"": 23904, ""wind_speed_ms"": 23904}"
BR-PVGen_meteorological/PS_033.csv,meteorological,"[""ambient_temperature_celsius"", ""battery_voltage"", ""datetime"", ""document_count_ambient_temperature_celsius"", ""document_count_battery_voltage"", ""document_count_ghi_irradiance_wm2"", ""document_count_gri_irradiance_wm2"", ""document_count_panel_temperature_celsius"", ""document_count_poa_irradiance_wm2"", ""document_count_precipitation_accumulated_mm"", ""document_count_tracker_albedo_index"", ""document_count_wind_direction_degrees"", ""document_count_wind_speed_ms"", ""ghi_irradiance_wm2"", ""gri_irradiance_wm2"", ""interpolated_keys_ambient_temperature_celsius"", ""interpolated_keys_ghi_irradiance_wm2"", ""interpolated_keys_panel_temperature_celsius"", ""interpolated_keys_poa_irradiance_wm2"", ""interpolated_keys_wind_speed_ms"", ""panel_temperature_celsius"", ""poa_irradiance_wm2"", ""precipitation_accumulated_mm"", ""ps_id"", ""tracker_albedo_index"", ""wind_direction_degrees"", ""wind_speed_ms""]","{""ambient_temperature_celsius"": ""float"", ""battery_voltage"": ""empty"", ""datetime"": ""string"", ""document_count_ambient_temperature_celsius"": ""integer"", ""document_count_battery_voltage"": ""integer"", ""document_count_ghi_irradiance_wm2"": ""integer"", ""document_count_gri_irradiance_wm2"": ""integer"", ""document_count_panel_temperature_celsius"": ""integer"", ""document_count_poa_irradiance_wm2"": ""integer"", ""document_count_precipitation_accumulated_mm"": ""integer"", ""document_count_tracker_albedo_index"": ""integer"", ""document_count_wind_direction_degrees"": ""integer"", ""document_count_wind_speed_ms"": ""integer"", ""ghi_irradiance_wm2"": ""float"", ""gri_irradiance_wm2"": ""empty"", ""interpolated_keys_ambient_temperature_celsius"": ""boolean"", ""interpolated_keys_ghi_irradiance_wm2"": ""boolean"", ""interpolated_keys_panel_temperature_celsius"": ""boolean"", ""interpolated_keys_poa_irradiance_wm2"": ""boolean"", ""interpolated_keys_wind_speed_ms"": ""boolean"", ""panel_temperature_celsius"": ""float"", ""poa_irradiance_wm2"": ""float"", ""precipitation_accumulated_mm"": ""float"", ""ps_id"": ""string"", ""tracker_albedo_index"": ""empty"", ""wind_direction_degrees"": ""empty"", ""wind_speed_ms"": ""float""}",4ef7e68ea243a996f7be804b6fdbfc2457bc5d72bca3aee403711ffd6a13ee4d,"{""ambient_temperature_celsius"": 4549, ""battery_voltage"": 23520, ""ghi_irradiance_wm2"": 4548, ""gri_irradiance_wm2"": 23520, ""interpolated_keys_ambient_temperature_celsius"": 23500, ""interpolated_keys_ghi_irradiance_wm2"": 23500, ""interpolated_keys_panel_temperature_celsius"": 23500, ""interpolated_keys_poa_irradiance_wm2"": 23500, ""interpolated_keys_wind_speed_ms"": 23500, ""panel_temperature_celsius"": 4549, ""poa_irradiance_wm2"": 4548, ""precipitation_accumulated_mm"": 61, ""tracker_albedo_index"": 23520, ""wind_direction_degrees"": 23520, ""wind_speed_ms"": 4550}"
BR-PVGen_meteorological/PS_034.csv,meteorological,"[""ambient_temperature_celsius"", ""battery_voltage"", ""datetime"", ""document_count_ambient_temperature_celsius"", ""document_count_battery_voltage"", ""document_count_ghi_irradiance_wm2"", ""document_count_gri_irradiance_wm2"", ""document_count_panel_temperature_celsius"", ""document_count_poa_irradiance_wm2"", ""document_count_precipitation_accumulated_mm"", ""document_count_tracker_albedo_index"", ""document_count_wind_direction_degrees"", ""document_count_wind_speed_ms"", ""ghi_irradiance_wm2"", ""gri_irradiance_wm2"", ""interpolated_keys_ambient_temperature_celsius"", ""interpolated_keys_ghi_irradiance_wm2"", ""interpolated_keys_gri_irradiance_wm2"", ""interpolated_keys_panel_temperature_celsius"", ""interpolated_keys_poa_irradiance_wm2"", ""interpolated_keys_wind_speed_ms"", ""panel_temperature_celsius"", ""poa_irradiance_wm2"", ""precipitation_accumulated_mm"", ""ps_id"", ""tracker_albedo_index"", ""wind_direction_degrees"", ""wind_speed_ms""]","{""ambient_temperature_celsius"": ""float"", ""battery_voltage"": ""empty"", ""datetime"": ""string"", ""document_count_ambient_temperature_celsius"": ""integer"", ""document_count_battery_voltage"": ""integer"", ""document_count_ghi_irradiance_wm2"": ""integer"", ""document_count_gri_irradiance_wm2"": ""integer"", ""document_count_panel_temperature_celsius"": ""integer"", ""document_count_poa_irradiance_wm2"": ""integer"", ""document_count_precipitation_accumulated_mm"": ""integer"", ""document_count_tracker_albedo_index"": ""integer"", ""document_count_wind_direction_degrees"": ""integer"", ""document_count_wind_speed_ms"": ""integer"", ""ghi_irradiance_wm2"": ""float"", ""gri_irradiance_wm2"": ""float"", ""interpolated_keys_ambient_temperature_celsius"": ""boolean"", ""interpolated_keys_ghi_irradiance_wm2"": ""boolean"", ""interpolated_keys_gri_irradiance_wm2"": ""boolean"", ""interpolated_keys_panel_temperature_celsius"": ""boolean"", ""interpolated_keys_poa_irradiance_wm2"": ""boolean"", ""interpolated_keys_wind_speed_ms"": ""boolean"", ""panel_temperature_celsius"": ""float"", ""poa_irradiance_wm2"": ""float"", ""precipitation_accumulated_mm"": ""float"", ""ps_id"": ""string"", ""tracker_albedo_index"": ""empty"", ""wind_direction_degrees"": ""empty"", ""wind_speed_ms"": ""float""}",28515069a9f59ea0b7af5a5fea7f1e137c7c391089bb9e56b3b71fb5df5b060b,"{""ambient_temperature_celsius"": 6219, ""battery_voltage"": 23328, ""ghi_irradiance_wm2"": 6219, ""gri_irradiance_wm2"": 22825, ""interpolated_keys_ambient_temperature_celsius"": 23306, ""interpolated_keys_ghi_irradiance_wm2"": 23310, ""interpolated_keys_gri_irradiance_wm2"": 23320, ""interpolated_keys_panel_temperature_celsius"": 23310, ""interpolated_keys_poa_irradiance_wm2"": 23308, ""interpolated_keys_wind_speed_ms"": 23310, ""panel_temperature_celsius"": 6220, ""poa_irradiance_wm2"": 6219, ""precipitation_accumulated_mm"": 46, ""tracker_albedo_index"": 23328, ""wind_direction_degrees"": 23328, ""wind_speed_ms"": 6221}"
BR-PVGen_meteorological/PS_035.csv,meteorological,"[""ambient_temperature_celsius"", ""battery_voltage"", ""datetime"", ""document_count_ambient_temperature_celsius"", ""document_count_battery_voltage"", ""document_count_ghi_irradiance_wm2"", ""document_count_gri_irradiance_wm2"", ""document_count_panel_temperature_celsius"", ""document_count_poa_irradiance_wm2"", ""document_count_precipitation_accumulated_mm"", ""document_count_tracker_albedo_index"", ""document_count_wind_direction_degrees"", ""document_count_wind_speed_ms"", ""ghi_irradiance_wm2"", ""gri_irradiance_wm2"", ""interpolated_keys_ambient_temperature_celsius"", ""interpolated_keys_battery_voltage"", ""interpolated_keys_ghi_irradiance_wm2"", ""interpolated_keys_gri_irradiance_wm2"", ""interpolated_keys_panel_temperature_celsius"", ""interpolated_keys_poa_irradiance_wm2"", ""interpolated_keys_wind_direction_degrees"", ""interpolated_keys_wind_speed_ms"", ""panel_temperature_celsius"", ""poa_irradiance_wm2"", ""precipitation_accumulated_mm"", ""ps_id"", ""tracker_albedo_index"", ""wind_direction_degrees"", ""wind_speed_ms""]","{""ambient_temperature_celsius"": ""float"", ""battery_voltage"": ""float"", ""datetime"": ""string"", ""document_count_ambient_temperature_celsius"": ""integer"", ""document_count_battery_voltage"": ""integer"", ""document_count_ghi_irradiance_wm2"": ""integer"", ""document_count_gri_irradiance_wm2"": ""integer"", ""document_count_panel_temperature_celsius"": ""integer"", ""document_count_poa_irradiance_wm2"": ""integer"", ""document_count_precipitation_accumulated_mm"": ""integer"", ""document_count_tracker_albedo_index"": ""integer"", ""document_count_wind_direction_degrees"": ""integer"", ""document_count_wind_speed_ms"": ""integer"", ""ghi_irradiance_wm2"": ""float"", ""gri_irradiance_wm2"": ""float"", ""interpolated_keys_ambient_temperature_celsius"": ""boolean"", ""interpolated_keys_battery_voltage"": ""boolean"", ""interpolated_keys_ghi_irradiance_wm2"": ""boolean"", ""interpolated_keys_gri_irradiance_wm2"": ""boolean"", ""interpolated_keys_panel_temperature_celsius"": ""boolean"", ""interpolated_keys_poa_irradiance_wm2"": ""boolean"", ""interpolated_keys_wind_direction_degrees"": ""boolean"", ""interpolated_keys_wind_speed_ms"": ""boolean"", ""panel_temperature_celsius"": ""float"", ""poa_irradiance_wm2"": ""float"", ""precipitation_accumulated_mm"": ""float"", ""ps_id"": ""string"", ""tracker_albedo_index"": ""empty"", ""wind_direction_degrees"": ""float"", ""wind_speed_ms"": ""float""}",d0cedf679cb386acf677c6aa9eaf09a092f5d5e52438d97093e20d6d5d3e7386,"{""ambient_temperature_celsius"": 832, ""battery_voltage"": 832, ""ghi_irradiance_wm2"": 832, ""gri_irradiance_wm2"": 832, ""interpolated_keys_ambient_temperature_celsius"": 18876, ""interpolated_keys_battery_voltage"": 18876, ""interpolated_keys_ghi_irradiance_wm2"": 18876, ""interpolated_keys_gri_irradiance_wm2"": 18876, ""interpolated_keys_panel_temperature_celsius"": 18876, ""interpolated_keys_poa_irradiance_wm2"": 18876, ""interpolated_keys_wind_direction_degrees"": 18876, ""interpolated_keys_wind_speed_ms"": 18876, ""panel_temperature_celsius"": 832, ""poa_irradiance_wm2"": 832, ""precipitation_accumulated_mm"": 62, ""tracker_albedo_index"": 18912, ""wind_direction_degrees"": 832, ""wind_speed_ms"": 832}"
BR-PVGen_meteorological/PS_036.csv,meteorological,"[""ambient_temperature_celsius"", ""battery_voltage"", ""datetime"", ""document_count_ambient_temperature_celsius"", ""document_count_battery_voltage"", ""document_count_ghi_irradiance_wm2"", ""document_count_gri_irradiance_wm2"", ""document_count_panel_temperature_celsius"", ""document_count_poa_irradiance_wm2"", ""document_count_precipitation_accumulated_mm"", ""document_count_tracker_albedo_index"", ""document_count_wind_direction_degrees"", ""document_count_wind_speed_ms"", ""ghi_irradiance_wm2"", ""gri_irradiance_wm2"", ""interpolated_keys_ambient_temperature_celsius"", ""interpolated_keys_battery_voltage"", ""interpolated_keys_ghi_irradiance_wm2"", ""interpolated_keys_gri_irradiance_wm2"", ""interpolated_keys_panel_temperature_celsius"", ""interpolated_keys_poa_irradiance_wm2"", ""interpolated_keys_wind_direction_degrees"", ""interpolated_keys_wind_speed_ms"", ""panel_temperature_celsius"", ""poa_irradiance_wm2"", ""precipitation_accumulated_mm"", ""ps_id"", ""tracker_albedo_index"", ""wind_direction_degrees"", ""wind_speed_ms""]","{""ambient_temperature_celsius"": ""float"", ""battery_voltage"": ""float"", ""datetime"": ""string"", ""document_count_ambient_temperature_celsius"": ""integer"", ""document_count_battery_voltage"": ""integer"", ""document_count_ghi_irradiance_wm2"": ""integer"", ""document_count_gri_irradiance_wm2"": ""integer"", ""document_count_panel_temperature_celsius"": ""integer"", ""document_count_poa_irradiance_wm2"": ""integer"", ""document_count_precipitation_accumulated_mm"": ""integer"", ""document_count_tracker_albedo_index"": ""integer"", ""document_count_wind_direction_degrees"": ""integer"", ""document_count_wind_speed_ms"": ""integer"", ""ghi_irradiance_wm2"": ""float"", ""gri_irradiance_wm2"": ""float"", ""interpolated_keys_ambient_temperature_celsius"": ""boolean"", ""interpolated_keys_battery_voltage"": ""boolean"", ""interpolated_keys_ghi_irradiance_wm2"": ""boolean"", ""interpolated_keys_gri_irradiance_wm2"": ""boolean"", ""interpolated_keys_panel_temperature_celsius"": ""boolean"", ""interpolated_keys_poa_irradiance_wm2"": ""boolean"", ""interpolated_keys_wind_direction_degrees"": ""boolean"", ""interpolated_keys_wind_speed_ms"": ""boolean"", ""panel_temperature_celsius"": ""float"", ""poa_irradiance_wm2"": ""float"", ""precipitation_accumulated_mm"": ""float"", ""ps_id"": ""string"", ""tracker_albedo_index"": ""empty"", ""wind_direction_degrees"": ""float"", ""wind_speed_ms"": ""float""}",d0cedf679cb386acf677c6aa9eaf09a092f5d5e52438d97093e20d6d5d3e7386,"{""ambient_temperature_celsius"": 5340, ""battery_voltage"": 5340, ""ghi_irradiance_wm2"": 5340, ""gri_irradiance_wm2"": 5340, ""interpolated_keys_ambient_temperature_celsius"": 18780, ""interpolated_keys_battery_voltage"": 18780, ""interpolated_keys_ghi_irradiance_wm2"": 18780, ""interpolated_keys_gri_irradiance_wm2"": 18780, ""interpolated_keys_panel_temperature_celsius"": 18780, ""interpolated_keys_poa_irradiance_wm2"": 18780, ""interpolated_keys_wind_direction_degrees"": 18780, ""interpolated_keys_wind_speed_ms"": 18780, ""panel_temperature_celsius"": 5340, ""poa_irradiance_wm2"": 5340, ""precipitation_accumulated_mm"": 61, ""tracker_albedo_index"": 18816, ""wind_direction_degrees"": 5340, ""wind_speed_ms"": 5340}"
BR-PVGen_meteorological/PS_037.csv,meteorological,"[""ambient_temperature_celsius"", ""battery_voltage"", ""datetime"", ""document_count_ambient_temperature_celsius"", ""document_count_battery_voltage"", ""document_count_ghi_irradiance_wm2"", ""document_count_gri_irradiance_wm2"", ""document_count_panel_temperature_celsius"", ""document_count_poa_irradiance_wm2"", ""document_count_precipitation_accumulated_mm"", ""document_count_tracker_albedo_index"", ""document_count_wind_direction_degrees"", ""document_count_wind_speed_ms"", ""ghi_irradiance_wm2"", ""gri_irradiance_wm2"", ""interpolated_keys_ambient_temperature_celsius"", ""interpolated_keys_battery_voltage"", ""interpolated_keys_ghi_irradiance_wm2"", ""interpolated_keys_gri_irradiance_wm2"", ""interpolated_keys_panel_temperature_celsius"", ""interpolated_keys_poa_irradiance_wm2"", ""interpolated_keys_tracker_albedo_index"", ""interpolated_keys_wind_direction_degrees"", ""interpolated_keys_wind_speed_ms"", ""panel_temperature_celsius"", ""poa_irradiance_wm2"", ""precipitation_accumulated_mm"", ""ps_id"", ""tracker_albedo_index"", ""wind_direction_degrees"", ""wind_speed_ms""]","{""ambient_temperature_celsius"": ""float"", ""battery_voltage"": ""float"", ""datetime"": ""string"", ""document_count_ambient_temperature_celsius"": ""integer"", ""document_count_battery_voltage"": ""integer"", ""document_count_ghi_irradiance_wm2"": ""integer"", ""document_count_gri_irradiance_wm2"": ""integer"", ""document_count_panel_temperature_celsius"": ""integer"", ""document_count_poa_irradiance_wm2"": ""integer"", ""document_count_precipitation_accumulated_mm"": ""integer"", ""document_count_tracker_albedo_index"": ""integer"", ""document_count_wind_direction_degrees"": ""integer"", ""document_count_wind_speed_ms"": ""integer"", ""ghi_irradiance_wm2"": ""float"", ""gri_irradiance_wm2"": ""float"", ""interpolated_keys_ambient_temperature_celsius"": ""boolean"", ""interpolated_keys_battery_voltage"": ""boolean"", ""interpolated_keys_ghi_irradiance_wm2"": ""boolean"", ""interpolated_keys_gri_irradiance_wm2"": ""boolean"", ""interpolated_keys_panel_temperature_celsius"": ""boolean"", ""interpolated_keys_poa_irradiance_wm2"": ""boolean"", ""interpolated_keys_tracker_albedo_index"": ""boolean"", ""interpolated_keys_wind_direction_degrees"": ""boolean"", ""interpolated_keys_wind_speed_ms"": ""boolean"", ""panel_temperature_celsius"": ""float"", ""poa_irradiance_wm2"": ""float"", ""precipitation_accumulated_mm"": ""float"", ""ps_id"": ""string"", ""tracker_albedo_index"": ""float"", ""wind_direction_degrees"": ""float"", ""wind_speed_ms"": ""float""}",093bfefb45ff5029b1bf970814b9f7682bcd22502601f0292cc53c76ee953bce,"{""ambient_temperature_celsius"": 3439, ""battery_voltage"": 3439, ""ghi_irradiance_wm2"": 3439, ""gri_irradiance_wm2"": 3439, ""interpolated_keys_ambient_temperature_celsius"": 18063, ""interpolated_keys_battery_voltage"": 18063, ""interpolated_keys_ghi_irradiance_wm2"": 18063, ""interpolated_keys_gri_irradiance_wm2"": 18063, ""interpolated_keys_panel_temperature_celsius"": 18063, ""interpolated_keys_poa_irradiance_wm2"": 18063, ""interpolated_keys_tracker_albedo_index"": 18063, ""interpolated_keys_wind_direction_degrees"": 18063, ""interpolated_keys_wind_speed_ms"": 18063, ""panel_temperature_celsius"": 3439, ""poa_irradiance_wm2"": 3439, ""precipitation_accumulated_mm"": 72, ""tracker_albedo_index"": 3439, ""wind_direction_degrees"": 3439, ""wind_speed_ms"": 3439}"
BR-PVGen_meteorological/PS_038.csv,meteorological,"[""ambient_temperature_celsius"", ""battery_voltage"", ""datetime"", ""document_count_ambient_temperature_celsius"", ""document_count_battery_voltage"", ""document_count_ghi_irradiance_wm2"", ""document_count_gri_irradiance_wm2"", ""document_count_panel_temperature_celsius"", ""document_count_poa_irradiance_wm2"", ""document_count_precipitation_accumulated_mm"", ""document_count_tracker_albedo_index"", ""document_count_wind_direction_degrees"", ""document_count_wind_speed_ms"", ""ghi_irradiance_wm2"", ""gri_irradiance_wm2"", ""interpolated_keys_ambient_temperature_celsius"", ""interpolated_keys_battery_voltage"", ""interpolated_keys_ghi_irradiance_wm2"", ""interpolated_keys_gri_irradiance_wm2"", ""interpolated_keys_panel_temperature_celsius"", ""interpolated_keys_poa_irradiance_wm2"", ""interpolated_keys_wind_direction_degrees"", ""interpolated_keys_wind_speed_ms"", ""panel_temperature_celsius"", ""poa_irradiance_wm2"", ""precipitation_accumulated_mm"", ""ps_id"", ""tracker_albedo_index"", ""wind_direction_degrees"", ""wind_speed_ms""]","{""ambient_temperature_celsius"": ""float"", ""battery_voltage"": ""float"", ""datetime"": ""string"", ""document_count_ambient_temperature_celsius"": ""integer"", ""document_count_battery_voltage"": ""integer"", ""document_count_ghi_irradiance_wm2"": ""integer"", ""document_count_gri_irradiance_wm2"": ""integer"", ""document_count_panel_temperature_celsius"": ""integer"", ""document_count_poa_irradiance_wm2"": ""integer"", ""document_count_precipitation_accumulated_mm"": ""integer"", ""document_count_tracker_albedo_index"": ""integer"", ""document_count_wind_direction_degrees"": ""integer"", ""document_count_wind_speed_ms"": ""integer"", ""ghi_irradiance_wm2"": ""float"", ""gri_irradiance_wm2"": ""float"", ""interpolated_keys_ambient_temperature_celsius"": ""boolean"", ""interpolated_keys_battery_voltage"": ""boolean"", ""interpolated_keys_ghi_irradiance_wm2"": ""boolean"", ""interpolated_keys_gri_irradiance_wm2"": ""boolean"", ""interpolated_keys_panel_temperature_celsius"": ""boolean"", ""interpolated_keys_poa_irradiance_wm2"": ""boolean"", ""interpolated_keys_wind_direction_degrees"": ""boolean"", ""interpolated_keys_wind_speed_ms"": ""boolean"", ""panel_temperature_celsius"": ""float"", ""poa_irradiance_wm2"": ""float"", ""precipitation_accumulated_mm"": ""float"", ""ps_id"": ""string"", ""tracker_albedo_index"": ""empty"", ""wind_direction_degrees"": ""float"", ""wind_speed_ms"": ""float""}",d0cedf679cb386acf677c6aa9eaf09a092f5d5e52438d97093e20d6d5d3e7386,"{""ambient_temperature_celsius"": 531, ""battery_voltage"": 531, ""ghi_irradiance_wm2"": 531, ""gri_irradiance_wm2"": 531, ""interpolated_keys_ambient_temperature_celsius"": 18232, ""interpolated_keys_battery_voltage"": 18232, ""interpolated_keys_ghi_irradiance_wm2"": 18232, ""interpolated_keys_gri_irradiance_wm2"": 18232, ""interpolated_keys_panel_temperature_celsius"": 18232, ""interpolated_keys_poa_irradiance_wm2"": 18232, ""interpolated_keys_wind_direction_degrees"": 18232, ""interpolated_keys_wind_speed_ms"": 18232, ""panel_temperature_celsius"": 531, ""poa_irradiance_wm2"": 531, ""precipitation_accumulated_mm"": 61, ""tracker_albedo_index"": 18240, ""wind_direction_degrees"": 531, ""wind_speed_ms"": 531}"
BR-PVGen_meteorological/PS_039.csv,meteorological,"[""ambient_temperature_celsius"", ""battery_voltage"", ""datetime"", ""document_count_ambient_temperature_celsius"", ""document_count_battery_voltage"", ""document_count_ghi_irradiance_wm2"", ""document_count_gri_irradiance_wm2"", ""document_count_panel_temperature_celsius"", ""document_count_poa_irradiance_wm2"", ""document_count_precipitation_accumulated_mm"", ""document_count_tracker_albedo_index"", ""document_count_wind_direction_degrees"", ""document_count_wind_speed_ms"", ""ghi_irradiance_wm2"", ""gri_irradiance_wm2"", ""interpolated_keys_ambient_temperature_celsius"", ""interpolated_keys_battery_voltage"", ""interpolated_keys_ghi_irradiance_wm2"", ""interpolated_keys_gri_irradiance_wm2"", ""interpolated_keys_panel_temperature_celsius"", ""interpolated_keys_poa_irradiance_wm2"", ""interpolated_keys_wind_direction_degrees"", ""interpolated_keys_wind_speed_ms"", ""panel_temperature_celsius"", ""poa_irradiance_wm2"", ""precipitation_accumulated_mm"", ""ps_id"", ""tracker_albedo_index"", ""wind_direction_degrees"", ""wind_speed_ms""]","{""ambient_temperature_celsius"": ""float"", ""battery_voltage"": ""float"", ""datetime"": ""string"", ""document_count_ambient_temperature_celsius"": ""integer"", ""document_count_battery_voltage"": ""integer"", ""document_count_ghi_irradiance_wm2"": ""integer"", ""document_count_gri_irradiance_wm2"": ""integer"", ""document_count_panel_temperature_celsius"": ""integer"", ""document_count_poa_irradiance_wm2"": ""integer"", ""document_count_precipitation_accumulated_mm"": ""integer"", ""document_count_tracker_albedo_index"": ""integer"", ""document_count_wind_direction_degrees"": ""integer"", ""document_count_wind_speed_ms"": ""integer"", ""ghi_irradiance_wm2"": ""float"", ""gri_irradiance_wm2"": ""float"", ""interpolated_keys_ambient_temperature_celsius"": ""boolean"", ""interpolated_keys_battery_voltage"": ""boolean"", ""interpolated_keys_ghi_irradiance_wm2"": ""boolean"", ""interpolated_keys_gri_irradiance_wm2"": ""boolean"", ""interpolated_keys_panel_temperature_celsius"": ""boolean"", ""interpolated_keys_poa_irradiance_wm2"": ""boolean"", ""interpolated_keys_wind_direction_degrees"": ""boolean"", ""interpolated_keys_wind_speed_ms"": ""boolean"", ""panel_temperature_celsius"": ""float"", ""poa_irradiance_wm2"": ""float"", ""precipitation_accumulated_mm"": ""float"", ""ps_id"": ""string"", ""tracker_albedo_index"": ""empty"", ""wind_direction_degrees"": ""float"", ""wind_speed_ms"": ""float""}",d0cedf679cb386acf677c6aa9eaf09a092f5d5e52438d97093e20d6d5d3e7386,"{""ambient_temperature_celsius"": 1506, ""battery_voltage"": 1506, ""ghi_irradiance_wm2"": 1506, ""gri_irradiance_wm2"": 1506, ""interpolated_keys_ambient_temperature_celsius"": 17827, ""interpolated_keys_battery_voltage"": 17827, ""interpolated_keys_ghi_irradiance_wm2"": 17827, ""interpolated_keys_gri_irradiance_wm2"": 17827, ""interpolated_keys_panel_temperature_celsius"": 17827, ""interpolated_keys_poa_irradiance_wm2"": 17827, ""interpolated_keys_wind_direction_degrees"": 17827, ""interpolated_keys_wind_speed_ms"": 17827, ""panel_temperature_celsius"": 1506, ""poa_irradiance_wm2"": 1506, ""precipitation_accumulated_mm"": 80, ""tracker_albedo_index"": 17856, ""wind_direction_degrees"": 1506, ""wind_speed_ms"": 1506}"
BR-PVGen_meteorological/PS_040.csv,meteorological,"[""ambient_temperature_celsius"", ""battery_voltage"", ""datetime"", ""document_count_ambient_temperature_celsius"", ""document_count_battery_voltage"", ""document_count_ghi_irradiance_wm2"", ""document_count_gri_irradiance_wm2"", ""document_count_panel_temperature_celsius"", ""document_count_poa_irradiance_wm2"", ""document_count_precipitation_accumulated_mm"", ""document_count_tracker_albedo_index"", ""document_count_wind_direction_degrees"", ""document_count_wind_speed_ms"", ""ghi_irradiance_wm2"", ""gri_irradiance_wm2"", ""interpolated_keys_ambient_temperature_celsius"", ""interpolated_keys_ghi_irradiance_wm2"", ""interpolated_keys_panel_temperature_celsius"", ""interpolated_keys_poa_irradiance_wm2"", ""interpolated_keys_wind_speed_ms"", ""panel_temperature_celsius"", ""poa_irradiance_wm2"", ""precipitation_accumulated_mm"", ""ps_id"", ""tracker_albedo_index"", ""wind_direction_degrees"", ""wind_speed_ms""]","{""ambient_temperature_celsius"": ""float"", ""battery_voltage"": ""empty"", ""datetime"": ""string"", ""document_count_ambient_temperature_celsius"": ""integer"", ""document_count_battery_voltage"": ""integer"", ""document_count_ghi_irradiance_wm2"": ""integer"", ""document_count_gri_irradiance_wm2"": ""integer"", ""document_count_panel_temperature_celsius"": ""integer"", ""document_count_poa_irradiance_wm2"": ""integer"", ""document_count_precipitation_accumulated_mm"": ""integer"", ""document_count_tracker_albedo_index"": ""integer"", ""document_count_wind_direction_degrees"": ""integer"", ""document_count_wind_speed_ms"": ""integer"", ""ghi_irradiance_wm2"": ""float"", ""gri_irradiance_wm2"": ""empty"", ""interpolated_keys_ambient_temperature_celsius"": ""boolean"", ""interpolated_keys_ghi_irradiance_wm2"": ""boolean"", ""interpolated_keys_panel_temperature_celsius"": ""boolean"", ""interpolated_keys_poa_irradiance_wm2"": ""boolean"", ""interpolated_keys_wind_speed_ms"": ""boolean"", ""panel_temperature_celsius"": ""float"", ""poa_irradiance_wm2"": ""float"", ""precipitation_accumulated_mm"": ""float"", ""ps_id"": ""string"", ""tracker_albedo_index"": ""empty"", ""wind_direction_degrees"": ""empty"", ""wind_speed_ms"": ""float""}",4ef7e68ea243a996f7be804b6fdbfc2457bc5d72bca3aee403711ffd6a13ee4d,"{""ambient_temperature_celsius"": 268, ""battery_voltage"": 13056, ""ghi_irradiance_wm2"": 268, ""gri_irradiance_wm2"": 13056, ""interpolated_keys_ambient_temperature_celsius"": 13054, ""interpolated_keys_ghi_irradiance_wm2"": 13054, ""interpolated_keys_panel_temperature_celsius"": 13054, ""interpolated_keys_poa_irradiance_wm2"": 13054, ""interpolated_keys_wind_speed_ms"": 13054, ""panel_temperature_celsius"": 268, ""poa_irradiance_wm2"": 268, ""precipitation_accumulated_mm"": 65, ""tracker_albedo_index"": 13056, ""wind_direction_degrees"": 13056, ""wind_speed_ms"": 268}"
BR-PVGen_meteorological/PS_041.csv,meteorological,"[""ambient_temperature_celsius"", ""battery_voltage"", ""datetime"", ""document_count_ambient_temperature_celsius"", ""document_count_battery_voltage"", ""document_count_ghi_irradiance_wm2"", ""document_count_gri_irradiance_wm2"", ""document_count_panel_temperature_celsius"", ""document_count_poa_irradiance_wm2"", ""document_count_precipitation_accumulated_mm"", ""document_count_tracker_albedo_index"", ""document_count_wind_direction_degrees"", ""document_count_wind_speed_ms"", ""ghi_irradiance_wm2"", ""gri_irradiance_wm2"", ""interpolated_keys_ambient_temperature_celsius"", ""interpolated_keys_ghi_irradiance_wm2"", ""interpolated_keys_gri_irradiance_wm2"", ""interpolated_keys_panel_temperature_celsius"", ""interpolated_keys_poa_irradiance_wm2"", ""interpolated_keys_wind_speed_ms"", ""panel_temperature_celsius"", ""poa_irradiance_wm2"", ""precipitation_accumulated_mm"", ""ps_id"", ""tracker_albedo_index"", ""wind_direction_degrees"", ""wind_speed_ms""]","{""ambient_temperature_celsius"": ""float"", ""battery_voltage"": ""empty"", ""datetime"": ""string"", ""document_count_ambient_temperature_celsius"": ""integer"", ""document_count_battery_voltage"": ""integer"", ""document_count_ghi_irradiance_wm2"": ""integer"", ""document_count_gri_irradiance_wm2"": ""integer"", ""document_count_panel_temperature_celsius"": ""integer"", ""document_count_poa_irradiance_wm2"": ""integer"", ""document_count_precipitation_accumulated_mm"": ""integer"", ""document_count_tracker_albedo_index"": ""integer"", ""document_count_wind_direction_degrees"": ""integer"", ""document_count_wind_speed_ms"": ""integer"", ""ghi_irradiance_wm2"": ""float"", ""gri_irradiance_wm2"": ""float"", ""interpolated_keys_ambient_temperature_celsius"": ""boolean"", ""interpolated_keys_ghi_irradiance_wm2"": ""boolean"", ""interpolated_keys_gri_irradiance_wm2"": ""boolean"", ""interpolated_keys_panel_temperature_celsius"": ""boolean"", ""interpolated_keys_poa_irradiance_wm2"": ""boolean"", ""interpolated_keys_wind_speed_ms"": ""boolean"", ""panel_temperature_celsius"": ""float"", ""poa_irradiance_wm2"": ""float"", ""precipitation_accumulated_mm"": ""float"", ""ps_id"": ""string"", ""tracker_albedo_index"": ""empty"", ""wind_direction_degrees"": ""empty"", ""wind_speed_ms"": ""float""}",28515069a9f59ea0b7af5a5fea7f1e137c7c391089bb9e56b3b71fb5df5b060b,"{""ambient_temperature_celsius"": 3912, ""battery_voltage"": 16800, ""ghi_irradiance_wm2"": 3912, ""gri_irradiance_wm2"": 3913, ""interpolated_keys_ambient_temperature_celsius"": 16792, ""interpolated_keys_ghi_irradiance_wm2"": 16792, ""interpolated_keys_gri_irradiance_wm2"": 16792, ""interpolated_keys_panel_temperature_celsius"": 16792, ""interpolated_keys_poa_irradiance_wm2"": 16792, ""interpolated_keys_wind_speed_ms"": 16792, ""panel_temperature_celsius"": 3912, ""poa_irradiance_wm2"": 3912, ""precipitation_accumulated_mm"": 50, ""tracker_albedo_index"": 16800, ""wind_direction_degrees"": 16800, ""wind_speed_ms"": 3912}"
BR-PVGen_meteorological/PS_042.csv,meteorological,"[""ambient_temperature_celsius"", ""battery_voltage"", ""datetime"", ""document_count_ambient_temperature_celsius"", ""document_count_battery_voltage"", ""document_count_ghi_irradiance_wm2"", ""document_count_gri_irradiance_wm2"", ""document_count_panel_temperature_celsius"", ""document_count_poa_irradiance_wm2"", ""document_count_precipitation_accumulated_mm"", ""document_count_tracker_albedo_index"", ""document_count_wind_direction_degrees"", ""document_count_wind_speed_ms"", ""ghi_irradiance_wm2"", ""gri_irradiance_wm2"", ""interpolated_keys_ambient_temperature_celsius"", ""interpolated_keys_battery_voltage"", ""interpolated_keys_ghi_irradiance_wm2"", ""interpolated_keys_gri_irradiance_wm2"", ""interpolated_keys_panel_temperature_celsius"", ""interpolated_keys_poa_irradiance_wm2"", ""interpolated_keys_wind_speed_ms"", ""panel_temperature_celsius"", ""poa_irradiance_wm2"", ""precipitation_accumulated_mm"", ""ps_id"", ""tracker_albedo_index"", ""wind_direction_degrees"", ""wind_speed_ms""]","{""ambient_temperature_celsius"": ""float"", ""battery_voltage"": ""float"", ""datetime"": ""string"", ""document_count_ambient_temperature_celsius"": ""integer"", ""document_count_battery_voltage"": ""integer"", ""document_count_ghi_irradiance_wm2"": ""integer"", ""document_count_gri_irradiance_wm2"": ""integer"", ""document_count_panel_temperature_celsius"": ""integer"", ""document_count_poa_irradiance_wm2"": ""integer"", ""document_count_precipitation_accumulated_mm"": ""integer"", ""document_count_tracker_albedo_index"": ""integer"", ""document_count_wind_direction_degrees"": ""integer"", ""document_count_wind_speed_ms"": ""integer"", ""ghi_irradiance_wm2"": ""float"", ""gri_irradiance_wm2"": ""float"", ""interpolated_keys_ambient_temperature_celsius"": ""boolean"", ""interpolated_keys_battery_voltage"": ""boolean"", ""interpolated_keys_ghi_irradiance_wm2"": ""boolean"", ""interpolated_keys_gri_irradiance_wm2"": ""boolean"", ""interpolated_keys_panel_temperature_celsius"": ""boolean"", ""interpolated_keys_poa_irradiance_wm2"": ""boolean"", ""interpolated_keys_wind_speed_ms"": ""boolean"", ""panel_temperature_celsius"": ""float"", ""poa_irradiance_wm2"": ""float"", ""precipitation_accumulated_mm"": ""float"", ""ps_id"": ""string"", ""tracker_albedo_index"": ""empty"", ""wind_direction_degrees"": ""float"", ""wind_speed_ms"": ""float""}",2e4d7a3f17e8e1be6d46516da22dd0a2964a3083287fbee30395508a84ddeed7,"{""ambient_temperature_celsius"": 93, ""battery_voltage"": 93, ""ghi_irradiance_wm2"": 93, ""gri_irradiance_wm2"": 93, ""interpolated_keys_ambient_temperature_celsius"": 9787, ""interpolated_keys_battery_voltage"": 9787, ""interpolated_keys_ghi_irradiance_wm2"": 9787, ""interpolated_keys_gri_irradiance_wm2"": 9787, ""interpolated_keys_panel_temperature_celsius"": 9787, ""interpolated_keys_poa_irradiance_wm2"": 9787, ""interpolated_keys_wind_speed_ms"": 9787, ""panel_temperature_celsius"": 93, ""poa_irradiance_wm2"": 93, ""precipitation_accumulated_mm"": 60, ""tracker_albedo_index"": 9792, ""wind_direction_degrees"": 9586, ""wind_speed_ms"": 93}"
BR-PVGen_meteorological/PS_043.csv,meteorological,"[""ambient_temperature_celsius"", ""battery_voltage"", ""datetime"", ""document_count_ambient_temperature_celsius"", ""document_count_battery_voltage"", ""document_count_ghi_irradiance_wm2"", ""document_count_gri_irradiance_wm2"", ""document_count_panel_temperature_celsius"", ""document_count_poa_irradiance_wm2"", ""document_count_precipitation_accumulated_mm"", ""document_count_tracker_albedo_index"", ""document_count_wind_direction_degrees"", ""document_count_wind_speed_ms"", ""ghi_irradiance_wm2"", ""gri_irradiance_wm2"", ""interpolated_keys_ambient_temperature_celsius"", ""interpolated_keys_battery_voltage"", ""interpolated_keys_ghi_irradiance_wm2"", ""interpolated_keys_gri_irradiance_wm2"", ""interpolated_keys_panel_temperature_celsius"", ""interpolated_keys_poa_irradiance_wm2"", ""interpolated_keys_wind_speed_ms"", ""panel_temperature_celsius"", ""poa_irradiance_wm2"", ""precipitation_accumulated_mm"", ""ps_id"", ""tracker_albedo_index"", ""wind_direction_degrees"", ""wind_speed_ms""]","{""ambient_temperature_celsius"": ""float"", ""battery_voltage"": ""float"", ""datetime"": ""string"", ""document_count_ambient_temperature_celsius"": ""integer"", ""document_count_battery_voltage"": ""integer"", ""document_count_ghi_irradiance_wm2"": ""integer"", ""document_count_gri_irradiance_wm2"": ""integer"", ""document_count_panel_temperature_celsius"": ""integer"", ""document_count_poa_irradiance_wm2"": ""integer"", ""document_count_precipitation_accumulated_mm"": ""integer"", ""document_count_tracker_albedo_index"": ""integer"", ""document_count_wind_direction_degrees"": ""integer"", ""document_count_wind_speed_ms"": ""integer"", ""ghi_irradiance_wm2"": ""float"", ""gri_irradiance_wm2"": ""float"", ""interpolated_keys_ambient_temperature_celsius"": ""boolean"", ""interpolated_keys_battery_voltage"": ""boolean"", ""interpolated_keys_ghi_irradiance_wm2"": ""boolean"", ""interpolated_keys_gri_irradiance_wm2"": ""boolean"", ""interpolated_keys_panel_temperature_celsius"": ""boolean"", ""interpolated_keys_poa_irradiance_wm2"": ""boolean"", ""interpolated_keys_wind_speed_ms"": ""boolean"", ""panel_temperature_celsius"": ""float"", ""poa_irradiance_wm2"": ""float"", ""precipitation_accumulated_mm"": ""float"", ""ps_id"": ""string"", ""tracker_albedo_index"": ""empty"", ""wind_direction_degrees"": ""float"", ""wind_speed_ms"": ""float""}",2e4d7a3f17e8e1be6d46516da22dd0a2964a3083287fbee30395508a84ddeed7,"{""ambient_temperature_celsius"": 354, ""battery_voltage"": 354, ""ghi_irradiance_wm2"": 354, ""gri_irradiance_wm2"": 354, ""interpolated_keys_ambient_temperature_celsius"": 9783, ""interpolated_keys_battery_voltage"": 9783, ""interpolated_keys_ghi_irradiance_wm2"": 9783, ""interpolated_keys_gri_irradiance_wm2"": 9783, ""interpolated_keys_panel_temperature_celsius"": 9783, ""interpolated_keys_poa_irradiance_wm2"": 9783, ""interpolated_keys_wind_speed_ms"": 9783, ""panel_temperature_celsius"": 354, ""poa_irradiance_wm2"": 354, ""precipitation_accumulated_mm"": 60, ""tracker_albedo_index"": 9792, ""wind_direction_degrees"": 9586, ""wind_speed_ms"": 354}"
BR-PVGen_meteorological/PS_044.csv,meteorological,"[""ambient_temperature_celsius"", ""battery_voltage"", ""datetime"", ""document_count_ambient_temperature_celsius"", ""document_count_battery_voltage"", ""document_count_ghi_irradiance_wm2"", ""document_count_gri_irradiance_wm2"", ""document_count_panel_temperature_celsius"", ""document_count_poa_irradiance_wm2"", ""document_count_precipitation_accumulated_mm"", ""document_count_tracker_albedo_index"", ""document_count_wind_direction_degrees"", ""document_count_wind_speed_ms"", ""ghi_irradiance_wm2"", ""gri_irradiance_wm2"", ""interpolated_keys_ambient_temperature_celsius"", ""interpolated_keys_battery_voltage"", ""interpolated_keys_ghi_irradiance_wm2"", ""interpolated_keys_gri_irradiance_wm2"", ""interpolated_keys_panel_temperature_celsius"", ""interpolated_keys_poa_irradiance_wm2"", ""interpolated_keys_wind_speed_ms"", ""panel_temperature_celsius"", ""poa_irradiance_wm2"", ""precipitation_accumulated_mm"", ""ps_id"", ""tracker_albedo_index"", ""wind_direction_degrees"", ""wind_speed_ms""]","{""ambient_temperature_celsius"": ""float"", ""battery_voltage"": ""float"", ""datetime"": ""string"", ""document_count_ambient_temperature_celsius"": ""integer"", ""document_count_battery_voltage"": ""integer"", ""document_count_ghi_irradiance_wm2"": ""integer"", ""document_count_gri_irradiance_wm2"": ""integer"", ""document_count_panel_temperature_celsius"": ""integer"", ""document_count_poa_irradiance_wm2"": ""integer"", ""document_count_precipitation_accumulated_mm"": ""integer"", ""document_count_tracker_albedo_index"": ""integer"", ""document_count_wind_direction_degrees"": ""integer"", ""document_count_wind_speed_ms"": ""integer"", ""ghi_irradiance_wm2"": ""float"", ""gri_irradiance_wm2"": ""float"", ""interpolated_keys_ambient_temperature_celsius"": ""boolean"", ""interpolated_keys_battery_voltage"": ""boolean"", ""interpolated_keys_ghi_irradiance_wm2"": ""boolean"", ""interpolated_keys_gri_irradiance_wm2"": ""boolean"", ""interpolated_keys_panel_temperature_celsius"": ""boolean"", ""interpolated_keys_poa_irradiance_wm2"": ""boolean"", ""interpolated_keys_wind_speed_ms"": ""boolean"", ""panel_temperature_celsius"": ""float"", ""poa_irradiance_wm2"": ""float"", ""precipitation_accumulated_mm"": ""float"", ""ps_id"": ""string"", ""tracker_albedo_index"": ""empty"", ""wind_direction_degrees"": ""float"", ""wind_speed_ms"": ""float""}",2e4d7a3f17e8e1be6d46516da22dd0a2964a3083287fbee30395508a84ddeed7,"{""ambient_temperature_celsius"": 102, ""battery_voltage"": 102, ""ghi_irradiance_wm2"": 102, ""gri_irradiance_wm2"": 102, ""interpolated_keys_ambient_temperature_celsius"": 9789, ""interpolated_keys_battery_voltage"": 9789, ""interpolated_keys_ghi_irradiance_wm2"": 9789, ""interpolated_keys_gri_irradiance_wm2"": 9789, ""interpolated_keys_panel_temperature_celsius"": 9789, ""interpolated_keys_poa_irradiance_wm2"": 9789, ""interpolated_keys_wind_speed_ms"": 9789, ""panel_temperature_celsius"": 102, ""poa_irradiance_wm2"": 102, ""precipitation_accumulated_mm"": 61, ""tracker_albedo_index"": 9792, ""wind_direction_degrees"": 9604, ""wind_speed_ms"": 102}"
BR-PVGen_meteorological/PS_045.csv,meteorological,"[""ambient_temperature_celsius"", ""battery_voltage"", ""datetime"", ""document_count_ambient_temperature_celsius"", ""document_count_battery_voltage"", ""document_count_ghi_irradiance_wm2"", ""document_count_gri_irradiance_wm2"", ""document_count_panel_temperature_celsius"", ""document_count_poa_irradiance_wm2"", ""document_count_precipitation_accumulated_mm"", ""document_count_tracker_albedo_index"", ""document_count_wind_direction_degrees"", ""document_count_wind_speed_ms"", ""ghi_irradiance_wm2"", ""gri_irradiance_wm2"", ""interpolated_keys_ambient_temperature_celsius"", ""interpolated_keys_battery_voltage"", ""interpolated_keys_ghi_irradiance_wm2"", ""interpolated_keys_gri_irradiance_wm2"", ""interpolated_keys_panel_temperature_celsius"", ""interpolated_keys_poa_irradiance_wm2"", ""interpolated_keys_wind_speed_ms"", ""panel_temperature_celsius"", ""poa_irradiance_wm2"", ""precipitation_accumulated_mm"", ""ps_id"", ""tracker_albedo_index"", ""wind_direction_degrees"", ""wind_speed_ms""]","{""ambient_temperature_celsius"": ""float"", ""battery_voltage"": ""float"", ""datetime"": ""string"", ""document_count_ambient_temperature_celsius"": ""integer"", ""document_count_battery_voltage"": ""integer"", ""document_count_ghi_irradiance_wm2"": ""integer"", ""document_count_gri_irradiance_wm2"": ""integer"", ""document_count_panel_temperature_celsius"": ""integer"", ""document_count_poa_irradiance_wm2"": ""integer"", ""document_count_precipitation_accumulated_mm"": ""integer"", ""document_count_tracker_albedo_index"": ""integer"", ""document_count_wind_direction_degrees"": ""integer"", ""document_count_wind_speed_ms"": ""integer"", ""ghi_irradiance_wm2"": ""float"", ""gri_irradiance_wm2"": ""float"", ""interpolated_keys_ambient_temperature_celsius"": ""boolean"", ""interpolated_keys_battery_voltage"": ""boolean"", ""interpolated_keys_ghi_irradiance_wm2"": ""boolean"", ""interpolated_keys_gri_irradiance_wm2"": ""boolean"", ""interpolated_keys_panel_temperature_celsius"": ""boolean"", ""interpolated_keys_poa_irradiance_wm2"": ""boolean"", ""interpolated_keys_wind_speed_ms"": ""boolean"", ""panel_temperature_celsius"": ""float"", ""poa_irradiance_wm2"": ""float"", ""precipitation_accumulated_mm"": ""float"", ""ps_id"": ""string"", ""tracker_albedo_index"": ""empty"", ""wind_direction_degrees"": ""float"", ""wind_speed_ms"": ""float""}",2e4d7a3f17e8e1be6d46516da22dd0a2964a3083287fbee30395508a84ddeed7,"{""ambient_temperature_celsius"": 110, ""battery_voltage"": 110, ""ghi_irradiance_wm2"": 110, ""gri_irradiance_wm2"": 110, ""interpolated_keys_ambient_temperature_celsius"": 9786, ""interpolated_keys_battery_voltage"": 9786, ""interpolated_keys_ghi_irradiance_wm2"": 9786, ""interpolated_keys_gri_irradiance_wm2"": 9786, ""interpolated_keys_panel_temperature_celsius"": 9786, ""interpolated_keys_poa_irradiance_wm2"": 9786, ""interpolated_keys_wind_speed_ms"": 9786, ""panel_temperature_celsius"": 110, ""poa_irradiance_wm2"": 110, ""precipitation_accumulated_mm"": 63, ""tracker_albedo_index"": 9792, ""wind_direction_degrees"": 9605, ""wind_speed_ms"": 110}"
BR-PVGen_meteorological/PS_046.csv,meteorological,"[""ambient_temperature_celsius"", ""battery_voltage"", ""datetime"", ""document_count_ambient_temperature_celsius"", ""document_count_battery_voltage"", ""document_count_ghi_irradiance_wm2"", ""document_count_gri_irradiance_wm2"", ""document_count_panel_temperature_celsius"", ""document_count_poa_irradiance_wm2"", ""document_count_precipitation_accumulated_mm"", ""document_count_tracker_albedo_index"", ""document_count_wind_direction_degrees"", ""document_count_wind_speed_ms"", ""ghi_irradiance_wm2"", ""gri_irradiance_wm2"", ""interpolated_keys_ambient_temperature_celsius"", ""interpolated_keys_battery_voltage"", ""interpolated_keys_ghi_irradiance_wm2"", ""interpolated_keys_gri_irradiance_wm2"", ""interpolated_keys_panel_temperature_celsius"", ""interpolated_keys_poa_irradiance_wm2"", ""interpolated_keys_wind_speed_ms"", ""panel_temperature_celsius"", ""poa_irradiance_wm2"", ""precipitation_accumulated_mm"", ""ps_id"", ""tracker_albedo_index"", ""wind_direction_degrees"", ""wind_speed_ms""]","{""ambient_temperature_celsius"": ""float"", ""battery_voltage"": ""float"", ""datetime"": ""string"", ""document_count_ambient_temperature_celsius"": ""integer"", ""document_count_battery_voltage"": ""integer"", ""document_count_ghi_irradiance_wm2"": ""integer"", ""document_count_gri_irradiance_wm2"": ""integer"", ""document_count_panel_temperature_celsius"": ""integer"", ""document_count_poa_irradiance_wm2"": ""integer"", ""document_count_precipitation_accumulated_mm"": ""integer"", ""document_count_tracker_albedo_index"": ""integer"", ""document_count_wind_direction_degrees"": ""integer"", ""document_count_wind_speed_ms"": ""integer"", ""ghi_irradiance_wm2"": ""float"", ""gri_irradiance_wm2"": ""float"", ""interpolated_keys_ambient_temperature_celsius"": ""boolean"", ""interpolated_keys_battery_voltage"": ""boolean"", ""interpolated_keys_ghi_irradiance_wm2"": ""boolean"", ""interpolated_keys_gri_irradiance_wm2"": ""boolean"", ""interpolated_keys_panel_temperature_celsius"": ""boolean"", ""interpolated_keys_poa_irradiance_wm2"": ""boolean"", ""interpolated_keys_wind_speed_ms"": ""boolean"", ""panel_temperature_celsius"": ""float"", ""poa_irradiance_wm2"": ""float"", ""precipitation_accumulated_mm"": ""float"", ""ps_id"": ""string"", ""tracker_albedo_index"": ""empty"", ""wind_direction_degrees"": ""float"", ""wind_speed_ms"": ""float""}",2e4d7a3f17e8e1be6d46516da22dd0a2964a3083287fbee30395508a84ddeed7,"{""ambient_temperature_celsius"": 139, ""battery_voltage"": 139, ""ghi_irradiance_wm2"": 139, ""gri_irradiance_wm2"": 139, ""interpolated_keys_ambient_temperature_celsius"": 9788, ""interpolated_keys_battery_voltage"": 9788, ""interpolated_keys_ghi_irradiance_wm2"": 9788, ""interpolated_keys_gri_irradiance_wm2"": 9788, ""interpolated_keys_panel_temperature_celsius"": 9788, ""interpolated_keys_poa_irradiance_wm2"": 9788, ""interpolated_keys_wind_speed_ms"": 9788, ""panel_temperature_celsius"": 139, ""poa_irradiance_wm2"": 139, ""precipitation_accumulated_mm"": 64, ""tracker_albedo_index"": 9792, ""wind_direction_degrees"": 9605, ""wind_speed_ms"": 139}"
BR-PVGen_meteorological/PS_047.csv,meteorological,"[""ambient_temperature_celsius"", ""battery_voltage"", ""datetime"", ""document_count_ambient_temperature_celsius"", ""document_count_battery_voltage"", ""document_count_ghi_irradiance_wm2"", ""document_count_gri_irradiance_wm2"", ""document_count_panel_temperature_celsius"", ""document_count_poa_irradiance_wm2"", ""document_count_precipitation_accumulated_mm"", ""document_count_tracker_albedo_index"", ""document_count_wind_direction_degrees"", ""document_count_wind_speed_ms"", ""ghi_irradiance_wm2"", ""gri_irradiance_wm2"", ""interpolated_keys_ambient_temperature_celsius"", ""interpolated_keys_battery_voltage"", ""interpolated_keys_ghi_irradiance_wm2"", ""interpolated_keys_gri_irradiance_wm2"", ""interpolated_keys_panel_temperature_celsius"", ""interpolated_keys_poa_irradiance_wm2"", ""interpolated_keys_wind_speed_ms"", ""panel_temperature_celsius"", ""poa_irradiance_wm2"", ""precipitation_accumulated_mm"", ""ps_id"", ""tracker_albedo_index"", ""wind_direction_degrees"", ""wind_speed_ms""]","{""ambient_temperature_celsius"": ""float"", ""battery_voltage"": ""float"", ""datetime"": ""string"", ""document_count_ambient_temperature_celsius"": ""integer"", ""document_count_battery_voltage"": ""integer"", ""document_count_ghi_irradiance_wm2"": ""integer"", ""document_count_gri_irradiance_wm2"": ""integer"", ""document_count_panel_temperature_celsius"": ""integer"", ""document_count_poa_irradiance_wm2"": ""integer"", ""document_count_precipitation_accumulated_mm"": ""integer"", ""document_count_tracker_albedo_index"": ""integer"", ""document_count_wind_direction_degrees"": ""integer"", ""document_count_wind_speed_ms"": ""integer"", ""ghi_irradiance_wm2"": ""float"", ""gri_irradiance_wm2"": ""float"", ""interpolated_keys_ambient_temperature_celsius"": ""boolean"", ""interpolated_keys_battery_voltage"": ""boolean"", ""interpolated_keys_ghi_irradiance_wm2"": ""boolean"", ""interpolated_keys_gri_irradiance_wm2"": ""boolean"", ""interpolated_keys_panel_temperature_celsius"": ""boolean"", ""interpolated_keys_poa_irradiance_wm2"": ""boolean"", ""interpolated_keys_wind_speed_ms"": ""boolean"", ""panel_temperature_celsius"": ""float"", ""poa_irradiance_wm2"": ""float"", ""precipitation_accumulated_mm"": ""float"", ""ps_id"": ""string"", ""tracker_albedo_index"": ""empty"", ""wind_direction_degrees"": ""float"", ""wind_speed_ms"": ""float""}",2e4d7a3f17e8e1be6d46516da22dd0a2964a3083287fbee30395508a84ddeed7,"{""ambient_temperature_celsius"": 163, ""battery_voltage"": 163, ""ghi_irradiance_wm2"": 163, ""gri_irradiance_wm2"": 163, ""interpolated_keys_ambient_temperature_celsius"": 9785, ""interpolated_keys_battery_voltage"": 9785, ""interpolated_keys_ghi_irradiance_wm2"": 9785, ""interpolated_keys_gri_irradiance_wm2"": 9785, ""interpolated_keys_panel_temperature_celsius"": 9785, ""interpolated_keys_poa_irradiance_wm2"": 9785, ""interpolated_keys_wind_speed_ms"": 9785, ""panel_temperature_celsius"": 163, ""poa_irradiance_wm2"": 163, ""precipitation_accumulated_mm"": 65, ""tracker_albedo_index"": 9792, ""wind_direction_degrees"": 9223, ""wind_speed_ms"": 163}"
BR-PVGen_meteorological/PS_048.csv,meteorological,"[""ambient_temperature_celsius"", ""battery_voltage"", ""datetime"", ""document_count_ambient_temperature_celsius"", ""document_count_battery_voltage"", ""document_count_ghi_irradiance_wm2"", ""document_count_gri_irradiance_wm2"", ""document_count_panel_temperature_celsius"", ""document_count_poa_irradiance_wm2"", ""document_count_precipitation_accumulated_mm"", ""document_count_tracker_albedo_index"", ""document_count_wind_direction_degrees"", ""document_count_wind_speed_ms"", ""ghi_irradiance_wm2"", ""gri_irradiance_wm2"", ""interpolated_keys_ambient_temperature_celsius"", ""interpolated_keys_battery_voltage"", ""interpolated_keys_ghi_irradiance_wm2"", ""interpolated_keys_gri_irradiance_wm2"", ""interpolated_keys_panel_temperature_celsius"", ""interpolated_keys_poa_irradiance_wm2"", ""interpolated_keys_wind_speed_ms"", ""panel_temperature_celsius"", ""poa_irradiance_wm2"", ""precipitation_accumulated_mm"", ""ps_id"", ""tracker_albedo_index"", ""wind_direction_degrees"", ""wind_speed_ms""]","{""ambient_temperature_celsius"": ""float"", ""battery_voltage"": ""float"", ""datetime"": ""string"", ""document_count_ambient_temperature_celsius"": ""integer"", ""document_count_battery_voltage"": ""integer"", ""document_count_ghi_irradiance_wm2"": ""integer"", ""document_count_gri_irradiance_wm2"": ""integer"", ""document_count_panel_temperature_celsius"": ""integer"", ""document_count_poa_irradiance_wm2"": ""integer"", ""document_count_precipitation_accumulated_mm"": ""integer"", ""document_count_tracker_albedo_index"": ""integer"", ""document_count_wind_direction_degrees"": ""integer"", ""document_count_wind_speed_ms"": ""integer"", ""ghi_irradiance_wm2"": ""float"", ""gri_irradiance_wm2"": ""float"", ""interpolated_keys_ambient_temperature_celsius"": ""boolean"", ""interpolated_keys_battery_voltage"": ""boolean"", ""interpolated_keys_ghi_irradiance_wm2"": ""boolean"", ""interpolated_keys_gri_irradiance_wm2"": ""boolean"", ""interpolated_keys_panel_temperature_celsius"": ""boolean"", ""interpolated_keys_poa_irradiance_wm2"": ""boolean"", ""interpolated_keys_wind_speed_ms"": ""boolean"", ""panel_temperature_celsius"": ""float"", ""poa_irradiance_wm2"": ""float"", ""precipitation_accumulated_mm"": ""float"", ""ps_id"": ""string"", ""tracker_albedo_index"": ""empty"", ""wind_direction_degrees"": ""float"", ""wind_speed_ms"": ""float""}",2e4d7a3f17e8e1be6d46516da22dd0a2964a3083287fbee30395508a84ddeed7,"{""ambient_temperature_celsius"": 1485, ""battery_voltage"": 1485, ""ghi_irradiance_wm2"": 1485, ""gri_irradiance_wm2"": 1485, ""interpolated_keys_ambient_temperature_celsius"": 9788, ""interpolated_keys_battery_voltage"": 9788, ""interpolated_keys_ghi_irradiance_wm2"": 9788, ""interpolated_keys_gri_irradiance_wm2"": 9788, ""interpolated_keys_panel_temperature_celsius"": 9788, ""interpolated_keys_poa_irradiance_wm2"": 9788, ""interpolated_keys_wind_speed_ms"": 9788, ""panel_temperature_celsius"": 1485, ""poa_irradiance_wm2"": 1485, ""precipitation_accumulated_mm"": 65, ""tracker_albedo_index"": 9792, ""wind_direction_degrees"": 9605, ""wind_speed_ms"": 1485}"
BR-PVGen_meteorological/PS_049.csv,meteorological,"[""ambient_temperature_celsius"", ""battery_voltage"", ""datetime"", ""document_count_ambient_temperature_celsius"", ""document_count_battery_voltage"", ""document_count_ghi_irradiance_wm2"", ""document_count_gri_irradiance_wm2"", ""document_count_panel_temperature_celsius"", ""document_count_poa_irradiance_wm2"", ""document_count_precipitation_accumulated_mm"", ""document_count_tracker_albedo_index"", ""document_count_wind_direction_degrees"", ""document_count_wind_speed_ms"", ""ghi_irradiance_wm2"", ""gri_irradiance_wm2"", ""interpolated_keys_ambient_temperature_celsius"", ""interpolated_keys_battery_voltage"", ""interpolated_keys_ghi_irradiance_wm2"", ""interpolated_keys_gri_irradiance_wm2"", ""interpolated_keys_panel_temperature_celsius"", ""interpolated_keys_poa_irradiance_wm2"", ""interpolated_keys_wind_speed_ms"", ""panel_temperature_celsius"", ""poa_irradiance_wm2"", ""precipitation_accumulated_mm"", ""ps_id"", ""tracker_albedo_index"", ""wind_direction_degrees"", ""wind_speed_ms""]","{""ambient_temperature_celsius"": ""float"", ""battery_voltage"": ""float"", ""datetime"": ""string"", ""document_count_ambient_temperature_celsius"": ""integer"", ""document_count_battery_voltage"": ""integer"", ""document_count_ghi_irradiance_wm2"": ""integer"", ""document_count_gri_irradiance_wm2"": ""integer"", ""document_count_panel_temperature_celsius"": ""integer"", ""document_count_poa_irradiance_wm2"": ""integer"", ""document_count_precipitation_accumulated_mm"": ""integer"", ""document_count_tracker_albedo_index"": ""integer"", ""document_count_wind_direction_degrees"": ""integer"", ""document_count_wind_speed_ms"": ""integer"", ""ghi_irradiance_wm2"": ""float"", ""gri_irradiance_wm2"": ""float"", ""interpolated_keys_ambient_temperature_celsius"": ""boolean"", ""interpolated_keys_battery_voltage"": ""boolean"", ""interpolated_keys_ghi_irradiance_wm2"": ""boolean"", ""interpolated_keys_gri_irradiance_wm2"": ""boolean"", ""interpolated_keys_panel_temperature_celsius"": ""boolean"", ""interpolated_keys_poa_irradiance_wm2"": ""boolean"", ""interpolated_keys_wind_speed_ms"": ""boolean"", ""panel_temperature_celsius"": ""float"", ""poa_irradiance_wm2"": ""float"", ""precipitation_accumulated_mm"": ""float"", ""ps_id"": ""string"", ""tracker_albedo_index"": ""empty"", ""wind_direction_degrees"": ""float"", ""wind_speed_ms"": ""float""}",2e4d7a3f17e8e1be6d46516da22dd0a2964a3083287fbee30395508a84ddeed7,"{""ambient_temperature_celsius"": 1242, ""battery_voltage"": 1242, ""ghi_irradiance_wm2"": 1242, ""gri_irradiance_wm2"": 1242, ""interpolated_keys_ambient_temperature_celsius"": 9785, ""interpolated_keys_battery_voltage"": 9785, ""interpolated_keys_ghi_irradiance_wm2"": 9785, ""interpolated_keys_gri_irradiance_wm2"": 9785, ""interpolated_keys_panel_temperature_celsius"": 9785, ""interpolated_keys_poa_irradiance_wm2"": 9785, ""interpolated_keys_wind_speed_ms"": 9785, ""panel_temperature_celsius"": 1242, ""poa_irradiance_wm2"": 1242, ""precipitation_accumulated_mm"": 65, ""tracker_albedo_index"": 9792, ""wind_direction_degrees"": 9605, ""wind_speed_ms"": 1242}"
BR-PVGen_meteorological/PS_050.csv,meteorological,"[""ambient_temperature_celsius"", ""battery_voltage"", ""datetime"", ""document_count_ambient_temperature_celsius"", ""document_count_battery_voltage"", ""document_count_ghi_irradiance_wm2"", ""document_count_gri_irradiance_wm2"", ""document_count_panel_temperature_celsius"", ""document_count_poa_irradiance_wm2"", ""document_count_precipitation_accumulated_mm"", ""document_count_tracker_albedo_index"", ""document_count_wind_direction_degrees"", ""document_count_wind_speed_ms"", ""ghi_irradiance_wm2"", ""gri_irradiance_wm2"", ""interpolated_keys_ambient_temperature_celsius"", ""interpolated_keys_battery_voltage"", ""interpolated_keys_ghi_irradiance_wm2"", ""interpolated_keys_gri_irradiance_wm2"", ""interpolated_keys_panel_temperature_celsius"", ""interpolated_keys_poa_irradiance_wm2"", ""interpolated_keys_wind_speed_ms"", ""panel_temperature_celsius"", ""poa_irradiance_wm2"", ""precipitation_accumulated_mm"", ""ps_id"", ""tracker_albedo_index"", ""wind_direction_degrees"", ""wind_speed_ms""]","{""ambient_temperature_celsius"": ""float"", ""battery_voltage"": ""float"", ""datetime"": ""string"", ""document_count_ambient_temperature_celsius"": ""integer"", ""document_count_battery_voltage"": ""integer"", ""document_count_ghi_irradiance_wm2"": ""integer"", ""document_count_gri_irradiance_wm2"": ""integer"", ""document_count_panel_temperature_celsius"": ""integer"", ""document_count_poa_irradiance_wm2"": ""integer"", ""document_count_precipitation_accumulated_mm"": ""integer"", ""document_count_tracker_albedo_index"": ""integer"", ""document_count_wind_direction_degrees"": ""integer"", ""document_count_wind_speed_ms"": ""integer"", ""ghi_irradiance_wm2"": ""float"", ""gri_irradiance_wm2"": ""float"", ""interpolated_keys_ambient_temperature_celsius"": ""boolean"", ""interpolated_keys_battery_voltage"": ""boolean"", ""interpolated_keys_ghi_irradiance_wm2"": ""boolean"", ""interpolated_keys_gri_irradiance_wm2"": ""boolean"", ""interpolated_keys_panel_temperature_celsius"": ""boolean"", ""interpolated_keys_poa_irradiance_wm2"": ""boolean"", ""interpolated_keys_wind_speed_ms"": ""boolean"", ""panel_temperature_celsius"": ""float"", ""poa_irradiance_wm2"": ""float"", ""precipitation_accumulated_mm"": ""float"", ""ps_id"": ""string"", ""tracker_albedo_index"": ""empty"", ""wind_direction_degrees"": ""float"", ""wind_speed_ms"": ""float""}",2e4d7a3f17e8e1be6d46516da22dd0a2964a3083287fbee30395508a84ddeed7,"{""ambient_temperature_celsius"": 138, ""battery_voltage"": 138, ""ghi_irradiance_wm2"": 138, ""gri_irradiance_wm2"": 138, ""interpolated_keys_ambient_temperature_celsius"": 9789, ""interpolated_keys_battery_voltage"": 9789, ""interpolated_keys_ghi_irradiance_wm2"": 9789, ""interpolated_keys_gri_irradiance_wm2"": 9789, ""interpolated_keys_panel_temperature_celsius"": 9789, ""interpolated_keys_poa_irradiance_wm2"": 9789, ""interpolated_keys_wind_speed_ms"": 9789, ""panel_temperature_celsius"": 138, ""poa_irradiance_wm2"": 138, ""precipitation_accumulated_mm"": 65, ""tracker_albedo_index"": 9792, ""wind_direction_degrees"": 9605, ""wind_speed_ms"": 138}"
BR-PVGen_meteorological/PS_051.csv,meteorological,"[""ambient_temperature_celsius"", ""battery_voltage"", ""datetime"", ""document_count_ambient_temperature_celsius"", ""document_count_battery_voltage"", ""document_count_ghi_irradiance_wm2"", ""document_count_gri_irradiance_wm2"", ""document_count_panel_temperature_celsius"", ""document_count_poa_irradiance_wm2"", ""document_count_precipitation_accumulated_mm"", ""document_count_tracker_albedo_index"", ""document_count_wind_direction_degrees"", ""document_count_wind_speed_ms"", ""ghi_irradiance_wm2"", ""gri_irradiance_wm2"", ""interpolated_keys_ambient_temperature_celsius"", ""interpolated_keys_battery_voltage"", ""interpolated_keys_ghi_irradiance_wm2"", ""interpolated_keys_gri_irradiance_wm2"", ""interpolated_keys_panel_temperature_celsius"", ""interpolated_keys_poa_irradiance_wm2"", ""interpolated_keys_wind_speed_ms"", ""panel_temperature_celsius"", ""poa_irradiance_wm2"", ""precipitation_accumulated_mm"", ""ps_id"", ""tracker_albedo_index"", ""wind_direction_degrees"", ""wind_speed_ms""]","{""ambient_temperature_celsius"": ""float"", ""battery_voltage"": ""float"", ""datetime"": ""string"", ""document_count_ambient_temperature_celsius"": ""integer"", ""document_count_battery_voltage"": ""integer"", ""document_count_ghi_irradiance_wm2"": ""integer"", ""document_count_gri_irradiance_wm2"": ""integer"", ""document_count_panel_temperature_celsius"": ""integer"", ""document_count_poa_irradiance_wm2"": ""integer"", ""document_count_precipitation_accumulated_mm"": ""integer"", ""document_count_tracker_albedo_index"": ""integer"", ""document_count_wind_direction_degrees"": ""integer"", ""document_count_wind_speed_ms"": ""integer"", ""ghi_irradiance_wm2"": ""float"", ""gri_irradiance_wm2"": ""float"", ""interpolated_keys_ambient_temperature_celsius"": ""boolean"", ""interpolated_keys_battery_voltage"": ""boolean"", ""interpolated_keys_ghi_irradiance_wm2"": ""boolean"", ""interpolated_keys_gri_irradiance_wm2"": ""boolean"", ""interpolated_keys_panel_temperature_celsius"": ""boolean"", ""interpolated_keys_poa_irradiance_wm2"": ""boolean"", ""interpolated_keys_wind_speed_ms"": ""boolean"", ""panel_temperature_celsius"": ""float"", ""poa_irradiance_wm2"": ""float"", ""precipitation_accumulated_mm"": ""float"", ""ps_id"": ""string"", ""tracker_albedo_index"": ""empty"", ""wind_direction_degrees"": ""float"", ""wind_speed_ms"": ""float""}",2e4d7a3f17e8e1be6d46516da22dd0a2964a3083287fbee30395508a84ddeed7,"{""ambient_temperature_celsius"": 177, ""battery_voltage"": 177, ""ghi_irradiance_wm2"": 177, ""gri_irradiance_wm2"": 177, ""interpolated_keys_ambient_temperature_celsius"": 8829, ""interpolated_keys_battery_voltage"": 8829, ""interpolated_keys_ghi_irradiance_wm2"": 8829, ""interpolated_keys_gri_irradiance_wm2"": 8829, ""interpolated_keys_panel_temperature_celsius"": 8829, ""interpolated_keys_poa_irradiance_wm2"": 8829, ""interpolated_keys_wind_speed_ms"": 8829, ""panel_temperature_celsius"": 177, ""poa_irradiance_wm2"": 177, ""precipitation_accumulated_mm"": 56, ""tracker_albedo_index"": 8832, ""wind_direction_degrees"": 8627, ""wind_speed_ms"": 177}"
BR-PVGen_inverter/PS_001.csv,inverter,"[""datetime"", ""document_count_internal_temperature_celsius"", ""document_count_total_active_power_w"", ""document_count_total_dc_power_w"", ""document_count_total_reactive_power_var"", ""internal_temperature_celsius"", ""interpolated_keys_internal_temperature_celsius"", ""interpolated_keys_total_active_power_w"", ""interpolated_keys_total_dc_power_w"", ""interpolated_keys_total_reactive_power_var"", ""inverter_id"", ""ps_id"", ""total_active_power_w"", ""total_dc_power_w"", ""total_reactive_power_var""]","{""datetime"": ""string"", ""document_count_internal_temperature_celsius"": ""integer"", ""document_count_total_active_power_w"": ""integer"", ""document_count_total_dc_power_w"": ""integer"", ""document_count_total_reactive_power_var"": ""integer"", ""internal_temperature_celsius"": ""float"", ""interpolated_keys_internal_temperature_celsius"": ""boolean"", ""interpolated_keys_total_active_power_w"": ""boolean"", ""interpolated_keys_total_dc_power_w"": ""boolean"", ""interpolated_keys_total_reactive_power_var"": ""boolean"", ""inverter_id"": ""integer"", ""ps_id"": ""string"", ""total_active_power_w"": ""float"", ""total_dc_power_w"": ""float"", ""total_reactive_power_var"": ""float""}",8443a1e7a6f9325f29040ccb338b279c2c0e9cf108d232bf8f99dec41ce94b33,"{""internal_temperature_celsius"": 212786, ""interpolated_keys_internal_temperature_celsius"": 1656181, ""interpolated_keys_total_active_power_w"": 1656181, ""interpolated_keys_total_dc_power_w"": 1656181, ""interpolated_keys_total_reactive_power_var"": 1656177, ""total_active_power_w"": 212786, ""total_dc_power_w"": 212786, ""total_reactive_power_var"": 212792}"
BR-PVGen_inverter/PS_002.csv,inverter,"[""datetime"", ""document_count_internal_temperature_celsius"", ""document_count_total_active_power_w"", ""document_count_total_dc_power_w"", ""document_count_total_reactive_power_var"", ""internal_temperature_celsius"", ""interpolated_keys_internal_temperature_celsius"", ""interpolated_keys_total_active_power_w"", ""interpolated_keys_total_dc_power_w"", ""interpolated_keys_total_reactive_power_var"", ""inverter_id"", ""ps_id"", ""total_active_power_w"", ""total_dc_power_w"", ""total_reactive_power_var""]","{""datetime"": ""string"", ""document_count_internal_temperature_celsius"": ""integer"", ""document_count_total_active_power_w"": ""integer"", ""document_count_total_dc_power_w"": ""integer"", ""document_count_total_reactive_power_var"": ""integer"", ""internal_temperature_celsius"": ""float"", ""interpolated_keys_internal_temperature_celsius"": ""boolean"", ""interpolated_keys_total_active_power_w"": ""boolean"", ""interpolated_keys_total_dc_power_w"": ""boolean"", ""interpolated_keys_total_reactive_power_var"": ""boolean"", ""inverter_id"": ""integer"", ""ps_id"": ""string"", ""total_active_power_w"": ""float"", ""total_dc_power_w"": ""float"", ""total_reactive_power_var"": ""float""}",8443a1e7a6f9325f29040ccb338b279c2c0e9cf108d232bf8f99dec41ce94b33,"{""internal_temperature_celsius"": 4349, ""interpolated_keys_internal_temperature_celsius"": 169236, ""interpolated_keys_total_active_power_w"": 169236, ""interpolated_keys_total_dc_power_w"": 169236, ""interpolated_keys_total_reactive_power_var"": 169236, ""total_active_power_w"": 4349, ""total_dc_power_w"": 4349, ""total_reactive_power_var"": 4349}"
BR-PVGen_inverter/PS_003.csv,inverter,"[""datetime"", ""document_count_internal_temperature_celsius"", ""document_count_total_active_power_w"", ""document_count_total_dc_power_w"", ""document_count_total_reactive_power_var"", ""internal_temperature_celsius"", ""interpolated_keys_internal_temperature_celsius"", ""interpolated_keys_total_active_power_w"", ""interpolated_keys_total_dc_power_w"", ""interpolated_keys_total_reactive_power_var"", ""inverter_id"", ""ps_id"", ""total_active_power_w"", ""total_dc_power_w"", ""total_reactive_power_var""]","{""datetime"": ""string"", ""document_count_internal_temperature_celsius"": ""integer"", ""document_count_total_active_power_w"": ""integer"", ""document_count_total_dc_power_w"": ""integer"", ""document_count_total_reactive_power_var"": ""integer"", ""internal_temperature_celsius"": ""float"", ""interpolated_keys_internal_temperature_celsius"": ""boolean"", ""interpolated_keys_total_active_power_w"": ""boolean"", ""interpolated_keys_total_dc_power_w"": ""boolean"", ""interpolated_keys_total_reactive_power_var"": ""boolean"", ""inverter_id"": ""integer"", ""ps_id"": ""string"", ""total_active_power_w"": ""float"", ""total_dc_power_w"": ""float"", ""total_reactive_power_var"": ""float""}",8443a1e7a6f9325f29040ccb338b279c2c0e9cf108d232bf8f99dec41ce94b33,"{""internal_temperature_celsius"": 6867, ""interpolated_keys_internal_temperature_celsius"": 168106, ""interpolated_keys_total_active_power_w"": 168106, ""interpolated_keys_total_dc_power_w"": 168106, ""interpolated_keys_total_reactive_power_var"": 168106, ""total_active_power_w"": 6867, ""total_dc_power_w"": 6867, ""total_reactive_power_var"": 6867}"
BR-PVGen_inverter/PS_004.csv,inverter,"[""datetime"", ""document_count_internal_temperature_celsius"", ""document_count_total_active_power_w"", ""document_count_total_dc_power_w"", ""document_count_total_reactive_power_var"", ""internal_temperature_celsius"", ""interpolated_keys_internal_temperature_celsius"", ""interpolated_keys_total_active_power_w"", ""interpolated_keys_total_dc_power_w"", ""interpolated_keys_total_reactive_power_var"", ""inverter_id"", ""ps_id"", ""total_active_power_w"", ""total_dc_power_w"", ""total_reactive_power_var""]","{""datetime"": ""string"", ""document_count_internal_temperature_celsius"": ""integer"", ""document_count_total_active_power_w"": ""integer"", ""document_count_total_dc_power_w"": ""integer"", ""document_count_total_reactive_power_var"": ""integer"", ""internal_temperature_celsius"": ""float"", ""interpolated_keys_internal_temperature_celsius"": ""boolean"", ""interpolated_keys_total_active_power_w"": ""boolean"", ""interpolated_keys_total_dc_power_w"": ""boolean"", ""interpolated_keys_total_reactive_power_var"": ""boolean"", ""inverter_id"": ""integer"", ""ps_id"": ""string"", ""total_active_power_w"": ""float"", ""total_dc_power_w"": ""float"", ""total_reactive_power_var"": ""float""}",8443a1e7a6f9325f29040ccb338b279c2c0e9cf108d232bf8f99dec41ce94b33,"{""internal_temperature_celsius"": 33306, ""interpolated_keys_internal_temperature_celsius"": 405722, ""interpolated_keys_total_active_power_w"": 405722, ""interpolated_keys_total_dc_power_w"": 405722, ""interpolated_keys_total_reactive_power_var"": 405722, ""total_active_power_w"": 33306, ""total_dc_power_w"": 33306, ""total_reactive_power_var"": 33306}"
BR-PVGen_inverter/PS_005.csv,inverter,"[""datetime"", ""document_count_internal_temperature_celsius"", ""document_count_total_active_power_w"", ""document_count_total_dc_power_w"", ""document_count_total_reactive_power_var"", ""internal_temperature_celsius"", ""interpolated_keys_internal_temperature_celsius"", ""interpolated_keys_total_active_power_w"", ""interpolated_keys_total_dc_power_w"", ""interpolated_keys_total_reactive_power_var"", ""inverter_id"", ""ps_id"", ""total_active_power_w"", ""total_dc_power_w"", ""total_reactive_power_var""]","{""datetime"": ""string"", ""document_count_internal_temperature_celsius"": ""integer"", ""document_count_total_active_power_w"": ""integer"", ""document_count_total_dc_power_w"": ""integer"", ""document_count_total_reactive_power_var"": ""integer"", ""internal_temperature_celsius"": ""float"", ""interpolated_keys_internal_temperature_celsius"": ""boolean"", ""interpolated_keys_total_active_power_w"": ""boolean"", ""interpolated_keys_total_dc_power_w"": ""boolean"", ""interpolated_keys_total_reactive_power_var"": ""boolean"", ""inverter_id"": ""integer"", ""ps_id"": ""string"", ""total_active_power_w"": ""float"", ""total_dc_power_w"": ""float"", ""total_reactive_power_var"": ""float""}",8443a1e7a6f9325f29040ccb338b279c2c0e9cf108d232bf8f99dec41ce94b33,"{""internal_temperature_celsius"": 72860, ""interpolated_keys_internal_temperature_celsius"": 652704, ""interpolated_keys_total_active_power_w"": 652704, ""interpolated_keys_total_dc_power_w"": 652704, ""interpolated_keys_total_reactive_power_var"": 652704, ""total_active_power_w"": 72860, ""total_dc_power_w"": 72860, ""total_reactive_power_var"": 72860}"
BR-PVGen_inverter/PS_006.csv,inverter,"[""datetime"", ""document_count_internal_temperature_celsius"", ""document_count_total_active_power_w"", ""document_count_total_dc_power_w"", ""document_count_total_reactive_power_var"", ""internal_temperature_celsius"", ""interpolated_keys_internal_temperature_celsius"", ""interpolated_keys_total_active_power_w"", ""interpolated_keys_total_dc_power_w"", ""interpolated_keys_total_reactive_power_var"", ""inverter_id"", ""ps_id"", ""total_active_power_w"", ""total_dc_power_w"", ""total_reactive_power_var""]","{""datetime"": ""string"", ""document_count_internal_temperature_celsius"": ""integer"", ""document_count_total_active_power_w"": ""integer"", ""document_count_total_dc_power_w"": ""integer"", ""document_count_total_reactive_power_var"": ""integer"", ""internal_temperature_celsius"": ""float"", ""interpolated_keys_internal_temperature_celsius"": ""boolean"", ""interpolated_keys_total_active_power_w"": ""boolean"", ""interpolated_keys_total_dc_power_w"": ""boolean"", ""interpolated_keys_total_reactive_power_var"": ""boolean"", ""inverter_id"": ""integer"", ""ps_id"": ""string"", ""total_active_power_w"": ""float"", ""total_dc_power_w"": ""float"", ""total_reactive_power_var"": ""float""}",8443a1e7a6f9325f29040ccb338b279c2c0e9cf108d232bf8f99dec41ce94b33,"{""internal_temperature_celsius"": 35950, ""interpolated_keys_internal_temperature_celsius"": 608517, ""interpolated_keys_total_active_power_w"": 608517, ""interpolated_keys_total_dc_power_w"": 608517, ""interpolated_keys_total_reactive_power_var"": 608517, ""total_active_power_w"": 35950, ""total_dc_power_w"": 35950, ""total_reactive_power_var"": 35950}"
BR-PVGen_inverter/PS_007.csv,inverter,"[""datetime"", ""document_count_internal_temperature_celsius"", ""document_count_total_active_power_w"", ""document_count_total_dc_power_w"", ""document_count_total_reactive_power_var"", ""internal_temperature_celsius"", ""interpolated_keys_internal_temperature_celsius"", ""interpolated_keys_total_active_power_w"", ""interpolated_keys_total_dc_power_w"", ""interpolated_keys_total_reactive_power_var"", ""inverter_id"", ""ps_id"", ""total_active_power_w"", ""total_dc_power_w"", ""total_reactive_power_var""]","{""datetime"": ""string"", ""document_count_internal_temperature_celsius"": ""integer"", ""document_count_total_active_power_w"": ""integer"", ""document_count_total_dc_power_w"": ""integer"", ""document_count_total_reactive_power_var"": ""integer"", ""internal_temperature_celsius"": ""float"", ""interpolated_keys_internal_temperature_celsius"": ""boolean"", ""interpolated_keys_total_active_power_w"": ""boolean"", ""interpolated_keys_total_dc_power_w"": ""boolean"", ""interpolated_keys_total_reactive_power_var"": ""boolean"", ""inverter_id"": ""integer"", ""ps_id"": ""string"", ""total_active_power_w"": ""float"", ""total_dc_power_w"": ""float"", ""total_reactive_power_var"": ""float""}",8443a1e7a6f9325f29040ccb338b279c2c0e9cf108d232bf8f99dec41ce94b33,"{""internal_temperature_celsius"": 14024, ""interpolated_keys_internal_temperature_celsius"": 152245, ""interpolated_keys_total_active_power_w"": 152245, ""interpolated_keys_total_dc_power_w"": 152245, ""interpolated_keys_total_reactive_power_var"": 152245, ""total_active_power_w"": 14024, ""total_dc_power_w"": 14024, ""total_reactive_power_var"": 14024}"
BR-PVGen_inverter/PS_008.csv,inverter,"[""datetime"", ""document_count_internal_temperature_celsius"", ""document_count_total_active_power_w"", ""document_count_total_dc_power_w"", ""document_count_total_reactive_power_var"", ""internal_temperature_celsius"", ""interpolated_keys_internal_temperature_celsius"", ""interpolated_keys_total_active_power_w"", ""interpolated_keys_total_dc_power_w"", ""interpolated_keys_total_reactive_power_var"", ""inverter_id"", ""ps_id"", ""total_active_power_w"", ""total_dc_power_w"", ""total_reactive_power_var""]","{""datetime"": ""string"", ""document_count_internal_temperature_celsius"": ""integer"", ""document_count_total_active_power_w"": ""integer"", ""document_count_total_dc_power_w"": ""integer"", ""document_count_total_reactive_power_var"": ""integer"", ""internal_temperature_celsius"": ""float"", ""interpolated_keys_internal_temperature_celsius"": ""boolean"", ""interpolated_keys_total_active_power_w"": ""boolean"", ""interpolated_keys_total_dc_power_w"": ""boolean"", ""interpolated_keys_total_reactive_power_var"": ""boolean"", ""inverter_id"": ""integer"", ""ps_id"": ""string"", ""total_active_power_w"": ""float"", ""total_dc_power_w"": ""float"", ""total_reactive_power_var"": ""float""}",8443a1e7a6f9325f29040ccb338b279c2c0e9cf108d232bf8f99dec41ce94b33,"{""internal_temperature_celsius"": 46393, ""interpolated_keys_internal_temperature_celsius"": 607344, ""interpolated_keys_total_active_power_w"": 607344, ""interpolated_keys_total_dc_power_w"": 607344, ""interpolated_keys_total_reactive_power_var"": 607355, ""total_active_power_w"": 46393, ""total_dc_power_w"": 46393, ""total_reactive_power_var"": 46509}"
BR-PVGen_inverter/PS_009.csv,inverter,"[""datetime"", ""document_count_internal_temperature_celsius"", ""document_count_total_active_power_w"", ""document_count_total_dc_power_w"", ""document_count_total_reactive_power_var"", ""internal_temperature_celsius"", ""interpolated_keys_internal_temperature_celsius"", ""interpolated_keys_total_active_power_w"", ""interpolated_keys_total_dc_power_w"", ""interpolated_keys_total_reactive_power_var"", ""inverter_id"", ""ps_id"", ""total_active_power_w"", ""total_dc_power_w"", ""total_reactive_power_var""]","{""datetime"": ""string"", ""document_count_internal_temperature_celsius"": ""integer"", ""document_count_total_active_power_w"": ""integer"", ""document_count_total_dc_power_w"": ""integer"", ""document_count_total_reactive_power_var"": ""integer"", ""internal_temperature_celsius"": ""float"", ""interpolated_keys_internal_temperature_celsius"": ""boolean"", ""interpolated_keys_total_active_power_w"": ""boolean"", ""interpolated_keys_total_dc_power_w"": ""boolean"", ""interpolated_keys_total_reactive_power_var"": ""boolean"", ""inverter_id"": ""integer"", ""ps_id"": ""string"", ""total_active_power_w"": ""float"", ""total_dc_power_w"": ""float"", ""total_reactive_power_var"": ""float""}",8443a1e7a6f9325f29040ccb338b279c2c0e9cf108d232bf8f99dec41ce94b33,"{""internal_temperature_celsius"": 4441, ""interpolated_keys_internal_temperature_celsius"": 140099, ""interpolated_keys_total_active_power_w"": 140099, ""interpolated_keys_total_dc_power_w"": 140099, ""interpolated_keys_total_reactive_power_var"": 140099, ""total_active_power_w"": 4441, ""total_dc_power_w"": 4441, ""total_reactive_power_var"": 4441}"
BR-PVGen_inverter/PS_010.csv,inverter,"[""datetime"", ""document_count_internal_temperature_celsius"", ""document_count_total_active_power_w"", ""document_count_total_dc_power_w"", ""document_count_total_reactive_power_var"", ""internal_temperature_celsius"", ""interpolated_keys_internal_temperature_celsius"", ""interpolated_keys_total_active_power_w"", ""interpolated_keys_total_dc_power_w"", ""interpolated_keys_total_reactive_power_var"", ""inverter_id"", ""ps_id"", ""total_active_power_w"", ""total_dc_power_w"", ""total_reactive_power_var""]","{""datetime"": ""string"", ""document_count_internal_temperature_celsius"": ""integer"", ""document_count_total_active_power_w"": ""integer"", ""document_count_total_dc_power_w"": ""integer"", ""document_count_total_reactive_power_var"": ""integer"", ""internal_temperature_celsius"": ""float"", ""interpolated_keys_internal_temperature_celsius"": ""boolean"", ""interpolated_keys_total_active_power_w"": ""boolean"", ""interpolated_keys_total_dc_power_w"": ""boolean"", ""interpolated_keys_total_reactive_power_var"": ""boolean"", ""inverter_id"": ""integer"", ""ps_id"": ""string"", ""total_active_power_w"": ""float"", ""total_dc_power_w"": ""float"", ""total_reactive_power_var"": ""float""}",8443a1e7a6f9325f29040ccb338b279c2c0e9cf108d232bf8f99dec41ce94b33,"{""internal_temperature_celsius"": 22107, ""interpolated_keys_internal_temperature_celsius"": 278558, ""interpolated_keys_total_active_power_w"": 278558, ""interpolated_keys_total_dc_power_w"": 278558, ""interpolated_keys_total_reactive_power_var"": 278558, ""total_active_power_w"": 22107, ""total_dc_power_w"": 22107, ""total_reactive_power_var"": 22107}"
BR-PVGen_inverter/PS_011.csv,inverter,"[""datetime"", ""document_count_internal_temperature_celsius"", ""document_count_total_active_power_w"", ""document_count_total_dc_power_w"", ""document_count_total_reactive_power_var"", ""internal_temperature_celsius"", ""interpolated_keys_internal_temperature_celsius"", ""interpolated_keys_total_active_power_w"", ""interpolated_keys_total_dc_power_w"", ""interpolated_keys_total_reactive_power_var"", ""inverter_id"", ""ps_id"", ""total_active_power_w"", ""total_dc_power_w"", ""total_reactive_power_var""]","{""datetime"": ""string"", ""document_count_internal_temperature_celsius"": ""integer"", ""document_count_total_active_power_w"": ""integer"", ""document_count_total_dc_power_w"": ""integer"", ""document_count_total_reactive_power_var"": ""integer"", ""internal_temperature_celsius"": ""float"", ""interpolated_keys_internal_temperature_celsius"": ""boolean"", ""interpolated_keys_total_active_power_w"": ""boolean"", ""interpolated_keys_total_dc_power_w"": ""boolean"", ""interpolated_keys_total_reactive_power_var"": ""boolean"", ""inverter_id"": ""integer"", ""ps_id"": ""string"", ""total_active_power_w"": ""float"", ""total_dc_power_w"": ""float"", ""total_reactive_power_var"": ""float""}",8443a1e7a6f9325f29040ccb338b279c2c0e9cf108d232bf8f99dec41ce94b33,"{""internal_temperature_celsius"": 30392, ""interpolated_keys_internal_temperature_celsius"": 306274, ""interpolated_keys_total_active_power_w"": 306274, ""interpolated_keys_total_dc_power_w"": 306274, ""interpolated_keys_total_reactive_power_var"": 306274, ""total_active_power_w"": 30392, ""total_dc_power_w"": 30392, ""total_reactive_power_var"": 30392}"
BR-PVGen_inverter/PS_012.csv,inverter,"[""datetime"", ""document_count_internal_temperature_celsius"", ""document_count_total_active_power_w"", ""document_count_total_dc_power_w"", ""document_count_total_reactive_power_var"", ""internal_temperature_celsius"", ""interpolated_keys_internal_temperature_celsius"", ""interpolated_keys_total_active_power_w"", ""interpolated_keys_total_dc_power_w"", ""interpolated_keys_total_reactive_power_var"", ""inverter_id"", ""ps_id"", ""total_active_power_w"", ""total_dc_power_w"", ""total_reactive_power_var""]","{""datetime"": ""string"", ""document_count_internal_temperature_celsius"": ""integer"", ""document_count_total_active_power_w"": ""integer"", ""document_count_total_dc_power_w"": ""integer"", ""document_count_total_reactive_power_var"": ""integer"", ""internal_temperature_celsius"": ""float"", ""interpolated_keys_internal_temperature_celsius"": ""boolean"", ""interpolated_keys_total_active_power_w"": ""boolean"", ""interpolated_keys_total_dc_power_w"": ""boolean"", ""interpolated_keys_total_reactive_power_var"": ""boolean"", ""inverter_id"": ""integer"", ""ps_id"": ""string"", ""total_active_power_w"": ""float"", ""total_dc_power_w"": ""float"", ""total_reactive_power_var"": ""float""}",8443a1e7a6f9325f29040ccb338b279c2c0e9cf108d232bf8f99dec41ce94b33,"{""internal_temperature_celsius"": 220111, ""interpolated_keys_internal_temperature_celsius"": 677425, ""interpolated_keys_total_active_power_w"": 677425, ""interpolated_keys_total_dc_power_w"": 677425, ""interpolated_keys_total_reactive_power_var"": 677425, ""total_active_power_w"": 220111, ""total_dc_power_w"": 220111, ""total_reactive_power_var"": 220111}"
BR-PVGen_inverter/PS_013.csv,inverter,"[""datetime"", ""document_count_internal_temperature_celsius"", ""document_count_total_active_power_w"", ""document_count_total_dc_power_w"", ""document_count_total_reactive_power_var"", ""internal_temperature_celsius"", ""interpolated_keys_internal_temperature_celsius"", ""interpolated_keys_total_active_power_w"", ""interpolated_keys_total_dc_power_w"", ""interpolated_keys_total_reactive_power_var"", ""inverter_id"", ""ps_id"", ""total_active_power_w"", ""total_dc_power_w"", ""total_reactive_power_var""]","{""datetime"": ""string"", ""document_count_internal_temperature_celsius"": ""integer"", ""document_count_total_active_power_w"": ""integer"", ""document_count_total_dc_power_w"": ""integer"", ""document_count_total_reactive_power_var"": ""integer"", ""internal_temperature_celsius"": ""float"", ""interpolated_keys_internal_temperature_celsius"": ""boolean"", ""interpolated_keys_total_active_power_w"": ""boolean"", ""interpolated_keys_total_dc_power_w"": ""boolean"", ""interpolated_keys_total_reactive_power_var"": ""boolean"", ""inverter_id"": ""integer"", ""ps_id"": ""string"", ""total_active_power_w"": ""float"", ""total_dc_power_w"": ""float"", ""total_reactive_power_var"": ""float""}",8443a1e7a6f9325f29040ccb338b279c2c0e9cf108d232bf8f99dec41ce94b33,"{""internal_temperature_celsius"": 6890, ""interpolated_keys_internal_temperature_celsius"": 127674, ""interpolated_keys_total_active_power_w"": 127674, ""interpolated_keys_total_dc_power_w"": 127674, ""interpolated_keys_total_reactive_power_var"": 127674, ""total_active_power_w"": 6890, ""total_dc_power_w"": 6890, ""total_reactive_power_var"": 6890}"
BR-PVGen_inverter/PS_014.csv,inverter,"[""datetime"", ""document_count_internal_temperature_celsius"", ""document_count_total_active_power_w"", ""document_count_total_dc_power_w"", ""document_count_total_reactive_power_var"", ""internal_temperature_celsius"", ""interpolated_keys_internal_temperature_celsius"", ""interpolated_keys_total_active_power_w"", ""interpolated_keys_total_dc_power_w"", ""interpolated_keys_total_reactive_power_var"", ""inverter_id"", ""ps_id"", ""total_active_power_w"", ""total_dc_power_w"", ""total_reactive_power_var""]","{""datetime"": ""string"", ""document_count_internal_temperature_celsius"": ""integer"", ""document_count_total_active_power_w"": ""integer"", ""document_count_total_dc_power_w"": ""integer"", ""document_count_total_reactive_power_var"": ""integer"", ""internal_temperature_celsius"": ""float"", ""interpolated_keys_internal_temperature_celsius"": ""boolean"", ""interpolated_keys_total_active_power_w"": ""boolean"", ""interpolated_keys_total_dc_power_w"": ""boolean"", ""interpolated_keys_total_reactive_power_var"": ""boolean"", ""inverter_id"": ""integer"", ""ps_id"": ""string"", ""total_active_power_w"": ""float"", ""total_dc_power_w"": ""float"", ""total_reactive_power_var"": ""float""}",8443a1e7a6f9325f29040ccb338b279c2c0e9cf108d232bf8f99dec41ce94b33,"{""internal_temperature_celsius"": 20179, ""interpolated_keys_internal_temperature_celsius"": 115018, ""interpolated_keys_total_active_power_w"": 115018, ""interpolated_keys_total_dc_power_w"": 115018, ""interpolated_keys_total_reactive_power_var"": 115018, ""total_active_power_w"": 20179, ""total_dc_power_w"": 20179, ""total_reactive_power_var"": 20179}"
BR-PVGen_inverter/PS_015.csv,inverter,"[""datetime"", ""document_count_internal_temperature_celsius"", ""document_count_total_active_power_w"", ""document_count_total_dc_power_w"", ""document_count_total_reactive_power_var"", ""internal_temperature_celsius"", ""interpolated_keys_internal_temperature_celsius"", ""interpolated_keys_total_active_power_w"", ""interpolated_keys_total_dc_power_w"", ""interpolated_keys_total_reactive_power_var"", ""inverter_id"", ""ps_id"", ""total_active_power_w"", ""total_dc_power_w"", ""total_reactive_power_var""]","{""datetime"": ""string"", ""document_count_internal_temperature_celsius"": ""integer"", ""document_count_total_active_power_w"": ""integer"", ""document_count_total_dc_power_w"": ""integer"", ""document_count_total_reactive_power_var"": ""integer"", ""internal_temperature_celsius"": ""float"", ""interpolated_keys_internal_temperature_celsius"": ""boolean"", ""interpolated_keys_total_active_power_w"": ""boolean"", ""interpolated_keys_total_dc_power_w"": ""boolean"", ""interpolated_keys_total_reactive_power_var"": ""boolean"", ""inverter_id"": ""integer"", ""ps_id"": ""string"", ""total_active_power_w"": ""float"", ""total_dc_power_w"": ""float"", ""total_reactive_power_var"": ""float""}",8443a1e7a6f9325f29040ccb338b279c2c0e9cf108d232bf8f99dec41ce94b33,"{""internal_temperature_celsius"": 10901, ""interpolated_keys_internal_temperature_celsius"": 274746, ""interpolated_keys_total_active_power_w"": 274746, ""interpolated_keys_total_dc_power_w"": 274746, ""interpolated_keys_total_reactive_power_var"": 274746, ""total_active_power_w"": 10901, ""total_dc_power_w"": 10901, ""total_reactive_power_var"": 10901}"
BR-PVGen_inverter/PS_016.csv,inverter,"[""datetime"", ""document_count_internal_temperature_celsius"", ""document_count_total_active_power_w"", ""document_count_total_dc_power_w"", ""document_count_total_reactive_power_var"", ""internal_temperature_celsius"", ""interpolated_keys_internal_temperature_celsius"", ""interpolated_keys_total_active_power_w"", ""interpolated_keys_total_dc_power_w"", ""interpolated_keys_total_reactive_power_var"", ""inverter_id"", ""ps_id"", ""total_active_power_w"", ""total_dc_power_w"", ""total_reactive_power_var""]","{""datetime"": ""string"", ""document_count_internal_temperature_celsius"": ""integer"", ""document_count_total_active_power_w"": ""integer"", ""document_count_total_dc_power_w"": ""integer"", ""document_count_total_reactive_power_var"": ""integer"", ""internal_temperature_celsius"": ""float"", ""interpolated_keys_internal_temperature_celsius"": ""boolean"", ""interpolated_keys_total_active_power_w"": ""boolean"", ""interpolated_keys_total_dc_power_w"": ""boolean"", ""interpolated_keys_total_reactive_power_var"": ""boolean"", ""inverter_id"": ""integer"", ""ps_id"": ""string"", ""total_active_power_w"": ""float"", ""total_dc_power_w"": ""float"", ""total_reactive_power_var"": ""float""}",8443a1e7a6f9325f29040ccb338b279c2c0e9cf108d232bf8f99dec41ce94b33,"{""internal_temperature_celsius"": 95145, ""interpolated_keys_internal_temperature_celsius"": 249198, ""interpolated_keys_total_active_power_w"": 249198, ""interpolated_keys_total_dc_power_w"": 249198, ""interpolated_keys_total_reactive_power_var"": 249198, ""total_active_power_w"": 95145, ""total_dc_power_w"": 95145, ""total_reactive_power_var"": 95145}"
BR-PVGen_inverter/PS_017.csv,inverter,"[""datetime"", ""document_count_internal_temperature_celsius"", ""document_count_total_active_power_w"", ""document_count_total_dc_power_w"", ""document_count_total_reactive_power_var"", ""internal_temperature_celsius"", ""interpolated_keys_internal_temperature_celsius"", ""interpolated_keys_total_active_power_w"", ""interpolated_keys_total_dc_power_w"", ""interpolated_keys_total_reactive_power_var"", ""inverter_id"", ""ps_id"", ""total_active_power_w"", ""total_dc_power_w"", ""total_reactive_power_var""]","{""datetime"": ""string"", ""document_count_internal_temperature_celsius"": ""integer"", ""document_count_total_active_power_w"": ""integer"", ""document_count_total_dc_power_w"": ""integer"", ""document_count_total_reactive_power_var"": ""integer"", ""internal_temperature_celsius"": ""float"", ""interpolated_keys_internal_temperature_celsius"": ""boolean"", ""interpolated_keys_total_active_power_w"": ""boolean"", ""interpolated_keys_total_dc_power_w"": ""boolean"", ""interpolated_keys_total_reactive_power_var"": ""boolean"", ""inverter_id"": ""integer"", ""ps_id"": ""string"", ""total_active_power_w"": ""float"", ""total_dc_power_w"": ""float"", ""total_reactive_power_var"": ""float""}",8443a1e7a6f9325f29040ccb338b279c2c0e9cf108d232bf8f99dec41ce94b33,"{""internal_temperature_celsius"": 11659, ""interpolated_keys_internal_temperature_celsius"": 252119, ""interpolated_keys_total_active_power_w"": 252119, ""interpolated_keys_total_dc_power_w"": 252119, ""interpolated_keys_total_reactive_power_var"": 252119, ""total_active_power_w"": 11659, ""total_dc_power_w"": 11659, ""total_reactive_power_var"": 11659}"
BR-PVGen_inverter/PS_018.csv,inverter,"[""datetime"", ""document_count_internal_temperature_celsius"", ""document_count_total_active_power_w"", ""document_count_total_dc_power_w"", ""document_count_total_reactive_power_var"", ""internal_temperature_celsius"", ""interpolated_keys_internal_temperature_celsius"", ""interpolated_keys_total_active_power_w"", ""interpolated_keys_total_dc_power_w"", ""interpolated_keys_total_reactive_power_var"", ""inverter_id"", ""ps_id"", ""total_active_power_w"", ""total_dc_power_w"", ""total_reactive_power_var""]","{""datetime"": ""string"", ""document_count_internal_temperature_celsius"": ""integer"", ""document_count_total_active_power_w"": ""integer"", ""document_count_total_dc_power_w"": ""integer"", ""document_count_total_reactive_power_var"": ""integer"", ""internal_temperature_celsius"": ""float"", ""interpolated_keys_internal_temperature_celsius"": ""boolean"", ""interpolated_keys_total_active_power_w"": ""boolean"", ""interpolated_keys_total_dc_power_w"": ""boolean"", ""interpolated_keys_total_reactive_power_var"": ""boolean"", ""inverter_id"": ""integer"", ""ps_id"": ""string"", ""total_active_power_w"": ""float"", ""total_dc_power_w"": ""float"", ""total_reactive_power_var"": ""float""}",8443a1e7a6f9325f29040ccb338b279c2c0e9cf108d232bf8f99dec41ce94b33,"{""internal_temperature_celsius"": 25079, ""interpolated_keys_internal_temperature_celsius"": 291792, ""interpolated_keys_total_active_power_w"": 291792, ""interpolated_keys_total_dc_power_w"": 291792, ""interpolated_keys_total_reactive_power_var"": 291792, ""total_active_power_w"": 25079, ""total_dc_power_w"": 25079, ""total_reactive_power_var"": 25079}"
BR-PVGen_inverter/PS_019.csv,inverter,"[""datetime"", ""document_count_internal_temperature_celsius"", ""document_count_total_active_power_w"", ""document_count_total_dc_power_w"", ""document_count_total_reactive_power_var"", ""internal_temperature_celsius"", ""interpolated_keys_internal_temperature_celsius"", ""interpolated_keys_total_active_power_w"", ""interpolated_keys_total_dc_power_w"", ""interpolated_keys_total_reactive_power_var"", ""inverter_id"", ""ps_id"", ""total_active_power_w"", ""total_dc_power_w"", ""total_reactive_power_var""]","{""datetime"": ""string"", ""document_count_internal_temperature_celsius"": ""integer"", ""document_count_total_active_power_w"": ""integer"", ""document_count_total_dc_power_w"": ""integer"", ""document_count_total_reactive_power_var"": ""integer"", ""internal_temperature_celsius"": ""float"", ""interpolated_keys_internal_temperature_celsius"": ""boolean"", ""interpolated_keys_total_active_power_w"": ""boolean"", ""interpolated_keys_total_dc_power_w"": ""boolean"", ""interpolated_keys_total_reactive_power_var"": ""boolean"", ""inverter_id"": ""integer"", ""ps_id"": ""string"", ""total_active_power_w"": ""float"", ""total_dc_power_w"": ""float"", ""total_reactive_power_var"": ""float""}",8443a1e7a6f9325f29040ccb338b279c2c0e9cf108d232bf8f99dec41ce94b33,"{""internal_temperature_celsius"": 25027, ""interpolated_keys_internal_temperature_celsius"": 374042, ""interpolated_keys_total_active_power_w"": 374042, ""interpolated_keys_total_dc_power_w"": 374042, ""interpolated_keys_total_reactive_power_var"": 374042, ""total_active_power_w"": 25027, ""total_dc_power_w"": 25027, ""total_reactive_power_var"": 25027}"
BR-PVGen_inverter/PS_020.csv,inverter,"[""datetime"", ""document_count_internal_temperature_celsius"", ""document_count_total_active_power_w"", ""document_count_total_dc_power_w"", ""document_count_total_reactive_power_var"", ""internal_temperature_celsius"", ""interpolated_keys_internal_temperature_celsius"", ""interpolated_keys_total_active_power_w"", ""interpolated_keys_total_dc_power_w"", ""interpolated_keys_total_reactive_power_var"", ""inverter_id"", ""ps_id"", ""total_active_power_w"", ""total_dc_power_w"", ""total_reactive_power_var""]","{""datetime"": ""string"", ""document_count_internal_temperature_celsius"": ""integer"", ""document_count_total_active_power_w"": ""integer"", ""document_count_total_dc_power_w"": ""integer"", ""document_count_total_reactive_power_var"": ""integer"", ""internal_temperature_celsius"": ""float"", ""interpolated_keys_internal_temperature_celsius"": ""boolean"", ""interpolated_keys_total_active_power_w"": ""boolean"", ""interpolated_keys_total_dc_power_w"": ""boolean"", ""interpolated_keys_total_reactive_power_var"": ""boolean"", ""inverter_id"": ""integer"", ""ps_id"": ""string"", ""total_active_power_w"": ""float"", ""total_dc_power_w"": ""float"", ""total_reactive_power_var"": ""float""}",8443a1e7a6f9325f29040ccb338b279c2c0e9cf108d232bf8f99dec41ce94b33,"{""internal_temperature_celsius"": 55179, ""interpolated_keys_internal_temperature_celsius"": 248411, ""interpolated_keys_total_active_power_w"": 248411, ""interpolated_keys_total_dc_power_w"": 248411, ""interpolated_keys_total_reactive_power_var"": 248411, ""total_active_power_w"": 55179, ""total_dc_power_w"": 55179, ""total_reactive_power_var"": 55179}"
BR-PVGen_inverter/PS_021.csv,inverter,"[""datetime"", ""document_count_internal_temperature_celsius"", ""document_count_total_active_power_w"", ""document_count_total_dc_power_w"", ""document_count_total_reactive_power_var"", ""internal_temperature_celsius"", ""interpolated_keys_internal_temperature_celsius"", ""interpolated_keys_total_active_power_w"", ""interpolated_keys_total_dc_power_w"", ""interpolated_keys_total_reactive_power_var"", ""inverter_id"", ""ps_id"", ""total_active_power_w"", ""total_dc_power_w"", ""total_reactive_power_var""]","{""datetime"": ""string"", ""document_count_internal_temperature_celsius"": ""integer"", ""document_count_total_active_power_w"": ""integer"", ""document_count_total_dc_power_w"": ""integer"", ""document_count_total_reactive_power_var"": ""integer"", ""internal_temperature_celsius"": ""float"", ""interpolated_keys_internal_temperature_celsius"": ""boolean"", ""interpolated_keys_total_active_power_w"": ""boolean"", ""interpolated_keys_total_dc_power_w"": ""boolean"", ""interpolated_keys_total_reactive_power_var"": ""boolean"", ""inverter_id"": ""integer"", ""ps_id"": ""string"", ""total_active_power_w"": ""float"", ""total_dc_power_w"": ""float"", ""total_reactive_power_var"": ""float""}",8443a1e7a6f9325f29040ccb338b279c2c0e9cf108d232bf8f99dec41ce94b33,"{""internal_temperature_celsius"": 27798, ""interpolated_keys_internal_temperature_celsius"": 374025, ""interpolated_keys_total_active_power_w"": 374025, ""interpolated_keys_total_dc_power_w"": 374025, ""interpolated_keys_total_reactive_power_var"": 374025, ""total_active_power_w"": 27798, ""total_dc_power_w"": 27798, ""total_reactive_power_var"": 27798}"
BR-PVGen_inverter/PS_022.csv,inverter,"[""datetime"", ""document_count_internal_temperature_celsius"", ""document_count_total_active_power_w"", ""document_count_total_dc_power_w"", ""document_count_total_reactive_power_var"", ""internal_temperature_celsius"", ""interpolated_keys_internal_temperature_celsius"", ""interpolated_keys_total_active_power_w"", ""interpolated_keys_total_dc_power_w"", ""interpolated_keys_total_reactive_power_var"", ""inverter_id"", ""ps_id"", ""total_active_power_w"", ""total_dc_power_w"", ""total_reactive_power_var""]","{""datetime"": ""string"", ""document_count_internal_temperature_celsius"": ""integer"", ""document_count_total_active_power_w"": ""integer"", ""document_count_total_dc_power_w"": ""integer"", ""document_count_total_reactive_power_var"": ""integer"", ""internal_temperature_celsius"": ""float"", ""interpolated_keys_internal_temperature_celsius"": ""boolean"", ""interpolated_keys_total_active_power_w"": ""boolean"", ""interpolated_keys_total_dc_power_w"": ""boolean"", ""interpolated_keys_total_reactive_power_var"": ""boolean"", ""inverter_id"": ""integer"", ""ps_id"": ""string"", ""total_active_power_w"": ""float"", ""total_dc_power_w"": ""float"", ""total_reactive_power_var"": ""float""}",8443a1e7a6f9325f29040ccb338b279c2c0e9cf108d232bf8f99dec41ce94b33,"{""internal_temperature_celsius"": 8406, ""interpolated_keys_internal_temperature_celsius"": 238406, ""interpolated_keys_total_active_power_w"": 238406, ""interpolated_keys_total_dc_power_w"": 238406, ""interpolated_keys_total_reactive_power_var"": 238406, ""total_active_power_w"": 8406, ""total_dc_power_w"": 8406, ""total_reactive_power_var"": 8406}"
BR-PVGen_inverter/PS_023.csv,inverter,"[""datetime"", ""document_count_internal_temperature_celsius"", ""document_count_total_active_power_w"", ""document_count_total_dc_power_w"", ""document_count_total_reactive_power_var"", ""internal_temperature_celsius"", ""interpolated_keys_internal_temperature_celsius"", ""interpolated_keys_total_active_power_w"", ""interpolated_keys_total_dc_power_w"", ""interpolated_keys_total_reactive_power_var"", ""inverter_id"", ""ps_id"", ""total_active_power_w"", ""total_dc_power_w"", ""total_reactive_power_var""]","{""datetime"": ""string"", ""document_count_internal_temperature_celsius"": ""integer"", ""document_count_total_active_power_w"": ""integer"", ""document_count_total_dc_power_w"": ""integer"", ""document_count_total_reactive_power_var"": ""integer"", ""internal_temperature_celsius"": ""float"", ""interpolated_keys_internal_temperature_celsius"": ""boolean"", ""interpolated_keys_total_active_power_w"": ""boolean"", ""interpolated_keys_total_dc_power_w"": ""boolean"", ""interpolated_keys_total_reactive_power_var"": ""boolean"", ""inverter_id"": ""integer"", ""ps_id"": ""string"", ""total_active_power_w"": ""float"", ""total_dc_power_w"": ""float"", ""total_reactive_power_var"": ""float""}",8443a1e7a6f9325f29040ccb338b279c2c0e9cf108d232bf8f99dec41ce94b33,"{""internal_temperature_celsius"": 12851, ""interpolated_keys_internal_temperature_celsius"": 239827, ""interpolated_keys_total_active_power_w"": 239827, ""interpolated_keys_total_dc_power_w"": 239827, ""interpolated_keys_total_reactive_power_var"": 239827, ""total_active_power_w"": 12851, ""total_dc_power_w"": 12851, ""total_reactive_power_var"": 12851}"
BR-PVGen_inverter/PS_024.csv,inverter,"[""datetime"", ""document_count_internal_temperature_celsius"", ""document_count_total_active_power_w"", ""document_count_total_dc_power_w"", ""document_count_total_reactive_power_var"", ""internal_temperature_celsius"", ""interpolated_keys_internal_temperature_celsius"", ""interpolated_keys_total_active_power_w"", ""interpolated_keys_total_dc_power_w"", ""interpolated_keys_total_reactive_power_var"", ""inverter_id"", ""ps_id"", ""total_active_power_w"", ""total_dc_power_w"", ""total_reactive_power_var""]","{""datetime"": ""string"", ""document_count_internal_temperature_celsius"": ""integer"", ""document_count_total_active_power_w"": ""integer"", ""document_count_total_dc_power_w"": ""integer"", ""document_count_total_reactive_power_var"": ""integer"", ""internal_temperature_celsius"": ""float"", ""interpolated_keys_internal_temperature_celsius"": ""boolean"", ""interpolated_keys_total_active_power_w"": ""boolean"", ""interpolated_keys_total_dc_power_w"": ""boolean"", ""interpolated_keys_total_reactive_power_var"": ""boolean"", ""inverter_id"": ""integer"", ""ps_id"": ""string"", ""total_active_power_w"": ""float"", ""total_dc_power_w"": ""float"", ""total_reactive_power_var"": ""float""}",8443a1e7a6f9325f29040ccb338b279c2c0e9cf108d232bf8f99dec41ce94b33,"{""internal_temperature_celsius"": 42150, ""interpolated_keys_internal_temperature_celsius"": 233733, ""interpolated_keys_total_active_power_w"": 233733, ""interpolated_keys_total_dc_power_w"": 233733, ""interpolated_keys_total_reactive_power_var"": 233733, ""total_active_power_w"": 42150, ""total_dc_power_w"": 42150, ""total_reactive_power_var"": 42150}"
BR-PVGen_inverter/PS_025.csv,inverter,"[""datetime"", ""document_count_internal_temperature_celsius"", ""document_count_total_active_power_w"", ""document_count_total_dc_power_w"", ""document_count_total_reactive_power_var"", ""internal_temperature_celsius"", ""interpolated_keys_internal_temperature_celsius"", ""interpolated_keys_total_active_power_w"", ""interpolated_keys_total_dc_power_w"", ""interpolated_keys_total_reactive_power_var"", ""inverter_id"", ""ps_id"", ""total_active_power_w"", ""total_dc_power_w"", ""total_reactive_power_var""]","{""datetime"": ""string"", ""document_count_internal_temperature_celsius"": ""integer"", ""document_count_total_active_power_w"": ""integer"", ""document_count_total_dc_power_w"": ""integer"", ""document_count_total_reactive_power_var"": ""integer"", ""internal_temperature_celsius"": ""float"", ""interpolated_keys_internal_temperature_celsius"": ""boolean"", ""interpolated_keys_total_active_power_w"": ""boolean"", ""interpolated_keys_total_dc_power_w"": ""boolean"", ""interpolated_keys_total_reactive_power_var"": ""boolean"", ""inverter_id"": ""integer"", ""ps_id"": ""string"", ""total_active_power_w"": ""float"", ""total_dc_power_w"": ""float"", ""total_reactive_power_var"": ""float""}",8443a1e7a6f9325f29040ccb338b279c2c0e9cf108d232bf8f99dec41ce94b33,"{""internal_temperature_celsius"": 64894, ""interpolated_keys_internal_temperature_celsius"": 361180, ""interpolated_keys_total_active_power_w"": 361180, ""interpolated_keys_total_dc_power_w"": 361180, ""interpolated_keys_total_reactive_power_var"": 361180, ""total_active_power_w"": 64894, ""total_dc_power_w"": 64894, ""total_reactive_power_var"": 64894}"
BR-PVGen_inverter/PS_026.csv,inverter,"[""datetime"", ""document_count_internal_temperature_celsius"", ""document_count_total_active_power_w"", ""document_count_total_dc_power_w"", ""document_count_total_reactive_power_var"", ""internal_temperature_celsius"", ""interpolated_keys_internal_temperature_celsius"", ""interpolated_keys_total_active_power_w"", ""interpolated_keys_total_dc_power_w"", ""interpolated_keys_total_reactive_power_var"", ""inverter_id"", ""ps_id"", ""total_active_power_w"", ""total_dc_power_w"", ""total_reactive_power_var""]","{""datetime"": ""string"", ""document_count_internal_temperature_celsius"": ""integer"", ""document_count_total_active_power_w"": ""integer"", ""document_count_total_dc_power_w"": ""integer"", ""document_count_total_reactive_power_var"": ""integer"", ""internal_temperature_celsius"": ""float"", ""interpolated_keys_internal_temperature_celsius"": ""boolean"", ""interpolated_keys_total_active_power_w"": ""boolean"", ""interpolated_keys_total_dc_power_w"": ""boolean"", ""interpolated_keys_total_reactive_power_var"": ""boolean"", ""inverter_id"": ""integer"", ""ps_id"": ""string"", ""total_active_power_w"": ""float"", ""total_dc_power_w"": ""float"", ""total_reactive_power_var"": ""float""}",8443a1e7a6f9325f29040ccb338b279c2c0e9cf108d232bf8f99dec41ce94b33,"{""internal_temperature_celsius"": 24963, ""interpolated_keys_internal_temperature_celsius"": 244680, ""interpolated_keys_total_active_power_w"": 244680, ""interpolated_keys_total_dc_power_w"": 244680, ""interpolated_keys_total_reactive_power_var"": 244680, ""total_active_power_w"": 24963, ""total_dc_power_w"": 24963, ""total_reactive_power_var"": 24963}"
BR-PVGen_inverter/PS_027.csv,inverter,"[""datetime"", ""document_count_internal_temperature_celsius"", ""document_count_total_active_power_w"", ""document_count_total_dc_power_w"", ""document_count_total_reactive_power_var"", ""internal_temperature_celsius"", ""interpolated_keys_internal_temperature_celsius"", ""interpolated_keys_total_active_power_w"", ""interpolated_keys_total_dc_power_w"", ""interpolated_keys_total_reactive_power_var"", ""inverter_id"", ""ps_id"", ""total_active_power_w"", ""total_dc_power_w"", ""total_reactive_power_var""]","{""datetime"": ""string"", ""document_count_internal_temperature_celsius"": ""integer"", ""document_count_total_active_power_w"": ""integer"", ""document_count_total_dc_power_w"": ""integer"", ""document_count_total_reactive_power_var"": ""integer"", ""internal_temperature_celsius"": ""float"", ""interpolated_keys_internal_temperature_celsius"": ""boolean"", ""interpolated_keys_total_active_power_w"": ""boolean"", ""interpolated_keys_total_dc_power_w"": ""boolean"", ""interpolated_keys_total_reactive_power_var"": ""boolean"", ""inverter_id"": ""integer"", ""ps_id"": ""string"", ""total_active_power_w"": ""float"", ""total_dc_power_w"": ""float"", ""total_reactive_power_var"": ""float""}",8443a1e7a6f9325f29040ccb338b279c2c0e9cf108d232bf8f99dec41ce94b33,"{""internal_temperature_celsius"": 45738, ""interpolated_keys_internal_temperature_celsius"": 363808, ""interpolated_keys_total_active_power_w"": 363808, ""interpolated_keys_total_dc_power_w"": 363808, ""interpolated_keys_total_reactive_power_var"": 363808, ""total_active_power_w"": 45738, ""total_dc_power_w"": 45738, ""total_reactive_power_var"": 45738}"
BR-PVGen_inverter/PS_028.csv,inverter,"[""datetime"", ""document_count_internal_temperature_celsius"", ""document_count_total_active_power_w"", ""document_count_total_dc_power_w"", ""document_count_total_reactive_power_var"", ""internal_temperature_celsius"", ""interpolated_keys_internal_temperature_celsius"", ""interpolated_keys_total_active_power_w"", ""interpolated_keys_total_dc_power_w"", ""interpolated_keys_total_reactive_power_var"", ""inverter_id"", ""ps_id"", ""total_active_power_w"", ""total_dc_power_w"", ""total_reactive_power_var""]","{""datetime"": ""string"", ""document_count_internal_temperature_celsius"": ""integer"", ""document_count_total_active_power_w"": ""integer"", ""document_count_total_dc_power_w"": ""integer"", ""document_count_total_reactive_power_var"": ""integer"", ""internal_temperature_celsius"": ""float"", ""interpolated_keys_internal_temperature_celsius"": ""boolean"", ""interpolated_keys_total_active_power_w"": ""boolean"", ""interpolated_keys_total_dc_power_w"": ""boolean"", ""interpolated_keys_total_reactive_power_var"": ""boolean"", ""inverter_id"": ""integer"", ""ps_id"": ""string"", ""total_active_power_w"": ""float"", ""total_dc_power_w"": ""float"", ""total_reactive_power_var"": ""float""}",8443a1e7a6f9325f29040ccb338b279c2c0e9cf108d232bf8f99dec41ce94b33,"{""internal_temperature_celsius"": 6599, ""interpolated_keys_internal_temperature_celsius"": 96654, ""interpolated_keys_total_active_power_w"": 96654, ""interpolated_keys_total_dc_power_w"": 96654, ""interpolated_keys_total_reactive_power_var"": 96654, ""total_active_power_w"": 6599, ""total_dc_power_w"": 6599, ""total_reactive_power_var"": 6599}"
BR-PVGen_inverter/PS_029.csv,inverter,"[""datetime"", ""document_count_internal_temperature_celsius"", ""document_count_total_active_power_w"", ""document_count_total_dc_power_w"", ""document_count_total_reactive_power_var"", ""internal_temperature_celsius"", ""interpolated_keys_internal_temperature_celsius"", ""interpolated_keys_total_active_power_w"", ""interpolated_keys_total_dc_power_w"", ""interpolated_keys_total_reactive_power_var"", ""inverter_id"", ""ps_id"", ""total_active_power_w"", ""total_dc_power_w"", ""total_reactive_power_var""]","{""datetime"": ""string"", ""document_count_internal_temperature_celsius"": ""integer"", ""document_count_total_active_power_w"": ""integer"", ""document_count_total_dc_power_w"": ""integer"", ""document_count_total_reactive_power_var"": ""integer"", ""internal_temperature_celsius"": ""float"", ""interpolated_keys_internal_temperature_celsius"": ""boolean"", ""interpolated_keys_total_active_power_w"": ""boolean"", ""interpolated_keys_total_dc_power_w"": ""boolean"", ""interpolated_keys_total_reactive_power_var"": ""boolean"", ""inverter_id"": ""integer"", ""ps_id"": ""string"", ""total_active_power_w"": ""float"", ""total_dc_power_w"": ""float"", ""total_reactive_power_var"": ""float""}",8443a1e7a6f9325f29040ccb338b279c2c0e9cf108d232bf8f99dec41ce94b33,"{""internal_temperature_celsius"": 21589, ""interpolated_keys_internal_temperature_celsius"": 363997, ""interpolated_keys_total_active_power_w"": 363997, ""interpolated_keys_total_dc_power_w"": 363997, ""interpolated_keys_total_reactive_power_var"": 363997, ""total_active_power_w"": 21589, ""total_dc_power_w"": 21589, ""total_reactive_power_var"": 21589}"
BR-PVGen_inverter/PS_030.csv,inverter,"[""datetime"", ""document_count_internal_temperature_celsius"", ""document_count_total_active_power_w"", ""document_count_total_dc_power_w"", ""document_count_total_reactive_power_var"", ""internal_temperature_celsius"", ""interpolated_keys_internal_temperature_celsius"", ""interpolated_keys_total_active_power_w"", ""interpolated_keys_total_dc_power_w"", ""interpolated_keys_total_reactive_power_var"", ""inverter_id"", ""ps_id"", ""total_active_power_w"", ""total_dc_power_w"", ""total_reactive_power_var""]","{""datetime"": ""string"", ""document_count_internal_temperature_celsius"": ""integer"", ""document_count_total_active_power_w"": ""integer"", ""document_count_total_dc_power_w"": ""integer"", ""document_count_total_reactive_power_var"": ""integer"", ""internal_temperature_celsius"": ""float"", ""interpolated_keys_internal_temperature_celsius"": ""boolean"", ""interpolated_keys_total_active_power_w"": ""boolean"", ""interpolated_keys_total_dc_power_w"": ""boolean"", ""interpolated_keys_total_reactive_power_var"": ""boolean"", ""inverter_id"": ""integer"", ""ps_id"": ""string"", ""total_active_power_w"": ""float"", ""total_dc_power_w"": ""float"", ""total_reactive_power_var"": ""float""}",8443a1e7a6f9325f29040ccb338b279c2c0e9cf108d232bf8f99dec41ce94b33,"{""internal_temperature_celsius"": 29961, ""interpolated_keys_internal_temperature_celsius"": 240775, ""interpolated_keys_total_active_power_w"": 240775, ""interpolated_keys_total_dc_power_w"": 240775, ""interpolated_keys_total_reactive_power_var"": 240775, ""total_active_power_w"": 29961, ""total_dc_power_w"": 29961, ""total_reactive_power_var"": 29961}"
BR-PVGen_inverter/PS_031.csv,inverter,"[""datetime"", ""document_count_internal_temperature_celsius"", ""document_count_total_active_power_w"", ""document_count_total_dc_power_w"", ""document_count_total_reactive_power_var"", ""internal_temperature_celsius"", ""interpolated_keys_internal_temperature_celsius"", ""interpolated_keys_total_active_power_w"", ""interpolated_keys_total_dc_power_w"", ""interpolated_keys_total_reactive_power_var"", ""inverter_id"", ""ps_id"", ""total_active_power_w"", ""total_dc_power_w"", ""total_reactive_power_var""]","{""datetime"": ""string"", ""document_count_internal_temperature_celsius"": ""integer"", ""document_count_total_active_power_w"": ""integer"", ""document_count_total_dc_power_w"": ""integer"", ""document_count_total_reactive_power_var"": ""integer"", ""internal_temperature_celsius"": ""float"", ""interpolated_keys_internal_temperature_celsius"": ""boolean"", ""interpolated_keys_total_active_power_w"": ""boolean"", ""interpolated_keys_total_dc_power_w"": ""boolean"", ""interpolated_keys_total_reactive_power_var"": ""boolean"", ""inverter_id"": ""integer"", ""ps_id"": ""string"", ""total_active_power_w"": ""float"", ""total_dc_power_w"": ""float"", ""total_reactive_power_var"": ""float""}",8443a1e7a6f9325f29040ccb338b279c2c0e9cf108d232bf8f99dec41ce94b33,"{""internal_temperature_celsius"": 39096, ""interpolated_keys_internal_temperature_celsius"": 241903, ""interpolated_keys_total_active_power_w"": 241903, ""interpolated_keys_total_dc_power_w"": 241903, ""interpolated_keys_total_reactive_power_var"": 241903, ""total_active_power_w"": 39096, ""total_dc_power_w"": 39096, ""total_reactive_power_var"": 39096}"
BR-PVGen_inverter/PS_032.csv,inverter,"[""datetime"", ""document_count_internal_temperature_celsius"", ""document_count_total_active_power_w"", ""document_count_total_dc_power_w"", ""document_count_total_reactive_power_var"", ""internal_temperature_celsius"", ""interpolated_keys_internal_temperature_celsius"", ""interpolated_keys_total_active_power_w"", ""interpolated_keys_total_dc_power_w"", ""interpolated_keys_total_reactive_power_var"", ""inverter_id"", ""ps_id"", ""total_active_power_w"", ""total_dc_power_w"", ""total_reactive_power_var""]","{""datetime"": ""string"", ""document_count_internal_temperature_celsius"": ""integer"", ""document_count_total_active_power_w"": ""integer"", ""document_count_total_dc_power_w"": ""integer"", ""document_count_total_reactive_power_var"": ""integer"", ""internal_temperature_celsius"": ""float"", ""interpolated_keys_internal_temperature_celsius"": ""boolean"", ""interpolated_keys_total_active_power_w"": ""boolean"", ""interpolated_keys_total_dc_power_w"": ""boolean"", ""interpolated_keys_total_reactive_power_var"": ""boolean"", ""inverter_id"": ""integer"", ""ps_id"": ""string"", ""total_active_power_w"": ""float"", ""total_dc_power_w"": ""float"", ""total_reactive_power_var"": ""float""}",8443a1e7a6f9325f29040ccb338b279c2c0e9cf108d232bf8f99dec41ce94b33,"{""internal_temperature_celsius"": 30683, ""interpolated_keys_internal_temperature_celsius"": 357730, ""interpolated_keys_total_active_power_w"": 357730, ""interpolated_keys_total_dc_power_w"": 357730, ""interpolated_keys_total_reactive_power_var"": 357730, ""total_active_power_w"": 30683, ""total_dc_power_w"": 30683, ""total_reactive_power_var"": 30683}"
BR-PVGen_inverter/PS_033.csv,inverter,"[""datetime"", ""document_count_internal_temperature_celsius"", ""document_count_total_active_power_w"", ""document_count_total_dc_power_w"", ""document_count_total_reactive_power_var"", ""internal_temperature_celsius"", ""interpolated_keys_internal_temperature_celsius"", ""interpolated_keys_total_active_power_w"", ""interpolated_keys_total_dc_power_w"", ""interpolated_keys_total_reactive_power_var"", ""inverter_id"", ""ps_id"", ""total_active_power_w"", ""total_dc_power_w"", ""total_reactive_power_var""]","{""datetime"": ""string"", ""document_count_internal_temperature_celsius"": ""integer"", ""document_count_total_active_power_w"": ""integer"", ""document_count_total_dc_power_w"": ""integer"", ""document_count_total_reactive_power_var"": ""integer"", ""internal_temperature_celsius"": ""float"", ""interpolated_keys_internal_temperature_celsius"": ""boolean"", ""interpolated_keys_total_active_power_w"": ""boolean"", ""interpolated_keys_total_dc_power_w"": ""boolean"", ""interpolated_keys_total_reactive_power_var"": ""boolean"", ""inverter_id"": ""integer"", ""ps_id"": ""string"", ""total_active_power_w"": ""float"", ""total_dc_power_w"": ""float"", ""total_reactive_power_var"": ""float""}",8443a1e7a6f9325f29040ccb338b279c2c0e9cf108d232bf8f99dec41ce94b33,"{""internal_temperature_celsius"": 63273, ""interpolated_keys_internal_temperature_celsius"": 280697, ""interpolated_keys_total_active_power_w"": 280697, ""interpolated_keys_total_dc_power_w"": 280697, ""interpolated_keys_total_reactive_power_var"": 280697, ""total_active_power_w"": 63273, ""total_dc_power_w"": 63273, ""total_reactive_power_var"": 63273}"
BR-PVGen_inverter/PS_034.csv,inverter,"[""datetime"", ""document_count_internal_temperature_celsius"", ""document_count_total_active_power_w"", ""document_count_total_dc_power_w"", ""document_count_total_reactive_power_var"", ""internal_temperature_celsius"", ""interpolated_keys_internal_temperature_celsius"", ""interpolated_keys_total_active_power_w"", ""interpolated_keys_total_dc_power_w"", ""interpolated_keys_total_reactive_power_var"", ""inverter_id"", ""ps_id"", ""total_active_power_w"", ""total_dc_power_w"", ""total_reactive_power_var""]","{""datetime"": ""string"", ""document_count_internal_temperature_celsius"": ""integer"", ""document_count_total_active_power_w"": ""integer"", ""document_count_total_dc_power_w"": ""integer"", ""document_count_total_reactive_power_var"": ""integer"", ""internal_temperature_celsius"": ""float"", ""interpolated_keys_internal_temperature_celsius"": ""boolean"", ""interpolated_keys_total_active_power_w"": ""boolean"", ""interpolated_keys_total_dc_power_w"": ""boolean"", ""interpolated_keys_total_reactive_power_var"": ""boolean"", ""inverter_id"": ""integer"", ""ps_id"": ""string"", ""total_active_power_w"": ""float"", ""total_dc_power_w"": ""float"", ""total_reactive_power_var"": ""float""}",8443a1e7a6f9325f29040ccb338b279c2c0e9cf108d232bf8f99dec41ce94b33,"{""internal_temperature_celsius"": 41561, ""interpolated_keys_internal_temperature_celsius"": 372384, ""interpolated_keys_total_active_power_w"": 372384, ""interpolated_keys_total_dc_power_w"": 372384, ""interpolated_keys_total_reactive_power_var"": 372384, ""total_active_power_w"": 41561, ""total_dc_power_w"": 41561, ""total_reactive_power_var"": 41561}"
BR-PVGen_inverter/PS_035.csv,inverter,"[""datetime"", ""document_count_internal_temperature_celsius"", ""document_count_total_active_power_w"", ""document_count_total_dc_power_w"", ""document_count_total_reactive_power_var"", ""internal_temperature_celsius"", ""interpolated_keys_internal_temperature_celsius"", ""interpolated_keys_total_active_power_w"", ""interpolated_keys_total_dc_power_w"", ""interpolated_keys_total_reactive_power_var"", ""inverter_id"", ""ps_id"", ""total_active_power_w"", ""total_dc_power_w"", ""total_reactive_power_var""]","{""datetime"": ""string"", ""document_count_internal_temperature_celsius"": ""integer"", ""document_count_total_active_power_w"": ""integer"", ""document_count_total_dc_power_w"": ""integer"", ""document_count_total_reactive_power_var"": ""integer"", ""internal_temperature_celsius"": ""float"", ""interpolated_keys_internal_temperature_celsius"": ""boolean"", ""interpolated_keys_total_active_power_w"": ""boolean"", ""interpolated_keys_total_dc_power_w"": ""boolean"", ""interpolated_keys_total_reactive_power_var"": ""boolean"", ""inverter_id"": ""integer"", ""ps_id"": ""string"", ""total_active_power_w"": ""float"", ""total_dc_power_w"": ""float"", ""total_reactive_power_var"": ""float""}",8443a1e7a6f9325f29040ccb338b279c2c0e9cf108d232bf8f99dec41ce94b33,"{""internal_temperature_celsius"": 21509, ""interpolated_keys_internal_temperature_celsius"": 377971, ""interpolated_keys_total_active_power_w"": 377971, ""interpolated_keys_total_dc_power_w"": 377971, ""interpolated_keys_total_reactive_power_var"": 377971, ""total_active_power_w"": 21509, ""total_dc_power_w"": 21509, ""total_reactive_power_var"": 21509}"
BR-PVGen_inverter/PS_036.csv,inverter,"[""datetime"", ""document_count_internal_temperature_celsius"", ""document_count_total_active_power_w"", ""document_count_total_dc_power_w"", ""document_count_total_reactive_power_var"", ""internal_temperature_celsius"", ""interpolated_keys_internal_temperature_celsius"", ""interpolated_keys_total_active_power_w"", ""interpolated_keys_total_dc_power_w"", ""interpolated_keys_total_reactive_power_var"", ""inverter_id"", ""ps_id"", ""total_active_power_w"", ""total_dc_power_w"", ""total_reactive_power_var""]","{""datetime"": ""string"", ""document_count_internal_temperature_celsius"": ""integer"", ""document_count_total_active_power_w"": ""integer"", ""document_count_total_dc_power_w"": ""integer"", ""document_count_total_reactive_power_var"": ""integer"", ""internal_temperature_celsius"": ""float"", ""interpolated_keys_internal_temperature_celsius"": ""boolean"", ""interpolated_keys_total_active_power_w"": ""boolean"", ""interpolated_keys_total_dc_power_w"": ""boolean"", ""interpolated_keys_total_reactive_power_var"": ""boolean"", ""inverter_id"": ""integer"", ""ps_id"": ""string"", ""total_active_power_w"": ""float"", ""total_dc_power_w"": ""float"", ""total_reactive_power_var"": ""float""}",8443a1e7a6f9325f29040ccb338b279c2c0e9cf108d232bf8f99dec41ce94b33,"{""internal_temperature_celsius"": 30936, ""interpolated_keys_internal_temperature_celsius"": 188024, ""interpolated_keys_total_active_power_w"": 188024, ""interpolated_keys_total_dc_power_w"": 188024, ""interpolated_keys_total_reactive_power_var"": 188024, ""total_active_power_w"": 30936, ""total_dc_power_w"": 30936, ""total_reactive_power_var"": 30936}"
BR-PVGen_inverter/PS_037.csv,inverter,"[""datetime"", ""document_count_internal_temperature_celsius"", ""document_count_total_active_power_w"", ""document_count_total_dc_power_w"", ""document_count_total_reactive_power_var"", ""internal_temperature_celsius"", ""interpolated_keys_internal_temperature_celsius"", ""interpolated_keys_total_active_power_w"", ""interpolated_keys_total_dc_power_w"", ""interpolated_keys_total_reactive_power_var"", ""inverter_id"", ""ps_id"", ""total_active_power_w"", ""total_dc_power_w"", ""total_reactive_power_var""]","{""datetime"": ""string"", ""document_count_internal_temperature_celsius"": ""integer"", ""document_count_total_active_power_w"": ""integer"", ""document_count_total_dc_power_w"": ""integer"", ""document_count_total_reactive_power_var"": ""integer"", ""internal_temperature_celsius"": ""float"", ""interpolated_keys_internal_temperature_celsius"": ""boolean"", ""interpolated_keys_total_active_power_w"": ""boolean"", ""interpolated_keys_total_dc_power_w"": ""boolean"", ""interpolated_keys_total_reactive_power_var"": ""boolean"", ""inverter_id"": ""integer"", ""ps_id"": ""string"", ""total_active_power_w"": ""float"", ""total_dc_power_w"": ""float"", ""total_reactive_power_var"": ""float""}",8443a1e7a6f9325f29040ccb338b279c2c0e9cf108d232bf8f99dec41ce94b33,"{""internal_temperature_celsius"": 18871, ""interpolated_keys_internal_temperature_celsius"": 145728, ""interpolated_keys_total_active_power_w"": 145728, ""interpolated_keys_total_dc_power_w"": 145728, ""interpolated_keys_total_reactive_power_var"": 145728, ""total_active_power_w"": 18871, ""total_dc_power_w"": 18871, ""total_reactive_power_var"": 18871}"
BR-PVGen_inverter/PS_038.csv,inverter,"[""datetime"", ""document_count_internal_temperature_celsius"", ""document_count_total_active_power_w"", ""document_count_total_dc_power_w"", ""document_count_total_reactive_power_var"", ""internal_temperature_celsius"", ""interpolated_keys_internal_temperature_celsius"", ""interpolated_keys_total_active_power_w"", ""interpolated_keys_total_dc_power_w"", ""interpolated_keys_total_reactive_power_var"", ""inverter_id"", ""ps_id"", ""total_active_power_w"", ""total_dc_power_w"", ""total_reactive_power_var""]","{""datetime"": ""string"", ""document_count_internal_temperature_celsius"": ""integer"", ""document_count_total_active_power_w"": ""integer"", ""document_count_total_dc_power_w"": ""integer"", ""document_count_total_reactive_power_var"": ""integer"", ""internal_temperature_celsius"": ""float"", ""interpolated_keys_internal_temperature_celsius"": ""boolean"", ""interpolated_keys_total_active_power_w"": ""boolean"", ""interpolated_keys_total_dc_power_w"": ""boolean"", ""interpolated_keys_total_reactive_power_var"": ""boolean"", ""inverter_id"": ""integer"", ""ps_id"": ""string"", ""total_active_power_w"": ""float"", ""total_dc_power_w"": ""float"", ""total_reactive_power_var"": ""float""}",8443a1e7a6f9325f29040ccb338b279c2c0e9cf108d232bf8f99dec41ce94b33,"{""internal_temperature_celsius"": 4860, ""interpolated_keys_internal_temperature_celsius"": 182309, ""interpolated_keys_total_active_power_w"": 182309, ""interpolated_keys_total_dc_power_w"": 182309, ""interpolated_keys_total_reactive_power_var"": 182309, ""total_active_power_w"": 4860, ""total_dc_power_w"": 4860, ""total_reactive_power_var"": 4860}"
BR-PVGen_inverter/PS_039.csv,inverter,"[""datetime"", ""document_count_internal_temperature_celsius"", ""document_count_total_active_power_w"", ""document_count_total_dc_power_w"", ""document_count_total_reactive_power_var"", ""internal_temperature_celsius"", ""interpolated_keys_internal_temperature_celsius"", ""interpolated_keys_total_active_power_w"", ""interpolated_keys_total_dc_power_w"", ""interpolated_keys_total_reactive_power_var"", ""inverter_id"", ""ps_id"", ""total_active_power_w"", ""total_dc_power_w"", ""total_reactive_power_var""]","{""datetime"": ""string"", ""document_count_internal_temperature_celsius"": ""integer"", ""document_count_total_active_power_w"": ""integer"", ""document_count_total_dc_power_w"": ""integer"", ""document_count_total_reactive_power_var"": ""integer"", ""internal_temperature_celsius"": ""float"", ""interpolated_keys_internal_temperature_celsius"": ""boolean"", ""interpolated_keys_total_active_power_w"": ""boolean"", ""interpolated_keys_total_dc_power_w"": ""boolean"", ""interpolated_keys_total_reactive_power_var"": ""boolean"", ""inverter_id"": ""integer"", ""ps_id"": ""string"", ""total_active_power_w"": ""float"", ""total_dc_power_w"": ""float"", ""total_reactive_power_var"": ""float""}",8443a1e7a6f9325f29040ccb338b279c2c0e9cf108d232bf8f99dec41ce94b33,"{""internal_temperature_celsius"": 46258, ""interpolated_keys_internal_temperature_celsius"": 355772, ""interpolated_keys_total_active_power_w"": 355772, ""interpolated_keys_total_dc_power_w"": 355772, ""interpolated_keys_total_reactive_power_var"": 355761, ""total_active_power_w"": 46258, ""total_dc_power_w"": 46258, ""total_reactive_power_var"": 46265}"
BR-PVGen_inverter/PS_040.csv,inverter,"[""datetime"", ""document_count_internal_temperature_celsius"", ""document_count_total_active_power_w"", ""document_count_total_dc_power_w"", ""document_count_total_reactive_power_var"", ""internal_temperature_celsius"", ""interpolated_keys_internal_temperature_celsius"", ""interpolated_keys_total_active_power_w"", ""interpolated_keys_total_dc_power_w"", ""interpolated_keys_total_reactive_power_var"", ""inverter_id"", ""ps_id"", ""total_active_power_w"", ""total_dc_power_w"", ""total_reactive_power_var""]","{""datetime"": ""string"", ""document_count_internal_temperature_celsius"": ""integer"", ""document_count_total_active_power_w"": ""integer"", ""document_count_total_dc_power_w"": ""integer"", ""document_count_total_reactive_power_var"": ""integer"", ""internal_temperature_celsius"": ""float"", ""interpolated_keys_internal_temperature_celsius"": ""boolean"", ""interpolated_keys_total_active_power_w"": ""boolean"", ""interpolated_keys_total_dc_power_w"": ""boolean"", ""interpolated_keys_total_reactive_power_var"": ""boolean"", ""inverter_id"": ""integer"", ""ps_id"": ""string"", ""total_active_power_w"": ""float"", ""total_dc_power_w"": ""float"", ""total_reactive_power_var"": ""float""}",8443a1e7a6f9325f29040ccb338b279c2c0e9cf108d232bf8f99dec41ce94b33,"{""internal_temperature_celsius"": 4983, ""interpolated_keys_internal_temperature_celsius"": 66362, ""interpolated_keys_total_active_power_w"": 66362, ""interpolated_keys_total_dc_power_w"": 66362, ""interpolated_keys_total_reactive_power_var"": 66362, ""total_active_power_w"": 4983, ""total_dc_power_w"": 4983, ""total_reactive_power_var"": 4983}"
BR-PVGen_inverter/PS_041.csv,inverter,"[""datetime"", ""document_count_internal_temperature_celsius"", ""document_count_total_active_power_w"", ""document_count_total_dc_power_w"", ""document_count_total_reactive_power_var"", ""internal_temperature_celsius"", ""interpolated_keys_internal_temperature_celsius"", ""interpolated_keys_total_active_power_w"", ""interpolated_keys_total_dc_power_w"", ""interpolated_keys_total_reactive_power_var"", ""inverter_id"", ""ps_id"", ""total_active_power_w"", ""total_dc_power_w"", ""total_reactive_power_var""]","{""datetime"": ""string"", ""document_count_internal_temperature_celsius"": ""integer"", ""document_count_total_active_power_w"": ""integer"", ""document_count_total_dc_power_w"": ""integer"", ""document_count_total_reactive_power_var"": ""integer"", ""internal_temperature_celsius"": ""float"", ""interpolated_keys_internal_temperature_celsius"": ""boolean"", ""interpolated_keys_total_active_power_w"": ""boolean"", ""interpolated_keys_total_dc_power_w"": ""boolean"", ""interpolated_keys_total_reactive_power_var"": ""boolean"", ""inverter_id"": ""integer"", ""ps_id"": ""string"", ""total_active_power_w"": ""float"", ""total_dc_power_w"": ""float"", ""total_reactive_power_var"": ""float""}",8443a1e7a6f9325f29040ccb338b279c2c0e9cf108d232bf8f99dec41ce94b33,"{""internal_temperature_celsius"": 36998, ""interpolated_keys_internal_temperature_celsius"": 149836, ""interpolated_keys_total_active_power_w"": 149836, ""interpolated_keys_total_dc_power_w"": 149836, ""interpolated_keys_total_reactive_power_var"": 149836, ""total_active_power_w"": 36998, ""total_dc_power_w"": 36998, ""total_reactive_power_var"": 36998}"
BR-PVGen_inverter/PS_042.csv,inverter,"[""datetime"", ""document_count_internal_temperature_celsius"", ""document_count_total_active_power_w"", ""document_count_total_dc_power_w"", ""document_count_total_reactive_power_var"", ""internal_temperature_celsius"", ""interpolated_keys_internal_temperature_celsius"", ""interpolated_keys_total_active_power_w"", ""interpolated_keys_total_dc_power_w"", ""interpolated_keys_total_reactive_power_var"", ""inverter_id"", ""ps_id"", ""total_active_power_w"", ""total_dc_power_w"", ""total_reactive_power_var""]","{""datetime"": ""string"", ""document_count_internal_temperature_celsius"": ""integer"", ""document_count_total_active_power_w"": ""integer"", ""document_count_total_dc_power_w"": ""integer"", ""document_count_total_reactive_power_var"": ""integer"", ""internal_temperature_celsius"": ""float"", ""interpolated_keys_internal_temperature_celsius"": ""boolean"", ""interpolated_keys_total_active_power_w"": ""boolean"", ""interpolated_keys_total_dc_power_w"": ""boolean"", ""interpolated_keys_total_reactive_power_var"": ""boolean"", ""inverter_id"": ""integer"", ""ps_id"": ""string"", ""total_active_power_w"": ""float"", ""total_dc_power_w"": ""float"", ""total_reactive_power_var"": ""float""}",8443a1e7a6f9325f29040ccb338b279c2c0e9cf108d232bf8f99dec41ce94b33,"{""internal_temperature_celsius"": 3320, ""interpolated_keys_internal_temperature_celsius"": 78235, ""interpolated_keys_total_active_power_w"": 78235, ""interpolated_keys_total_dc_power_w"": 78235, ""interpolated_keys_total_reactive_power_var"": 78235, ""total_active_power_w"": 3320, ""total_dc_power_w"": 3320, ""total_reactive_power_var"": 3320}"
BR-PVGen_inverter/PS_043.csv,inverter,"[""datetime"", ""document_count_internal_temperature_celsius"", ""document_count_total_active_power_w"", ""document_count_total_dc_power_w"", ""document_count_total_reactive_power_var"", ""internal_temperature_celsius"", ""interpolated_keys_internal_temperature_celsius"", ""interpolated_keys_total_active_power_w"", ""interpolated_keys_total_dc_power_w"", ""interpolated_keys_total_reactive_power_var"", ""inverter_id"", ""ps_id"", ""total_active_power_w"", ""total_dc_power_w"", ""total_reactive_power_var""]","{""datetime"": ""string"", ""document_count_internal_temperature_celsius"": ""integer"", ""document_count_total_active_power_w"": ""integer"", ""document_count_total_dc_power_w"": ""integer"", ""document_count_total_reactive_power_var"": ""integer"", ""internal_temperature_celsius"": ""float"", ""interpolated_keys_internal_temperature_celsius"": ""boolean"", ""interpolated_keys_total_active_power_w"": ""boolean"", ""interpolated_keys_total_dc_power_w"": ""boolean"", ""interpolated_keys_total_reactive_power_var"": ""boolean"", ""inverter_id"": ""integer"", ""ps_id"": ""string"", ""total_active_power_w"": ""float"", ""total_dc_power_w"": ""float"", ""total_reactive_power_var"": ""float""}",8443a1e7a6f9325f29040ccb338b279c2c0e9cf108d232bf8f99dec41ce94b33,"{""internal_temperature_celsius"": 7380, ""interpolated_keys_internal_temperature_celsius"": 78245, ""interpolated_keys_total_active_power_w"": 78245, ""interpolated_keys_total_dc_power_w"": 78245, ""interpolated_keys_total_reactive_power_var"": 78245, ""total_active_power_w"": 7380, ""total_dc_power_w"": 7380, ""total_reactive_power_var"": 7380}"
BR-PVGen_inverter/PS_044.csv,inverter,"[""datetime"", ""document_count_internal_temperature_celsius"", ""document_count_total_active_power_w"", ""document_count_total_dc_power_w"", ""document_count_total_reactive_power_var"", ""internal_temperature_celsius"", ""interpolated_keys_internal_temperature_celsius"", ""interpolated_keys_total_active_power_w"", ""interpolated_keys_total_dc_power_w"", ""interpolated_keys_total_reactive_power_var"", ""inverter_id"", ""ps_id"", ""total_active_power_w"", ""total_dc_power_w"", ""total_reactive_power_var""]","{""datetime"": ""string"", ""document_count_internal_temperature_celsius"": ""integer"", ""document_count_total_active_power_w"": ""integer"", ""document_count_total_dc_power_w"": ""integer"", ""document_count_total_reactive_power_var"": ""integer"", ""internal_temperature_celsius"": ""float"", ""interpolated_keys_internal_temperature_celsius"": ""boolean"", ""interpolated_keys_total_active_power_w"": ""boolean"", ""interpolated_keys_total_dc_power_w"": ""boolean"", ""interpolated_keys_total_reactive_power_var"": ""boolean"", ""inverter_id"": ""integer"", ""ps_id"": ""string"", ""total_active_power_w"": ""float"", ""total_dc_power_w"": ""float"", ""total_reactive_power_var"": ""float""}",8443a1e7a6f9325f29040ccb338b279c2c0e9cf108d232bf8f99dec41ce94b33,"{""internal_temperature_celsius"": 3092, ""interpolated_keys_internal_temperature_celsius"": 78227, ""interpolated_keys_total_active_power_w"": 78227, ""interpolated_keys_total_dc_power_w"": 78227, ""interpolated_keys_total_reactive_power_var"": 78227, ""total_active_power_w"": 3092, ""total_dc_power_w"": 3092, ""total_reactive_power_var"": 3092}"
BR-PVGen_inverter/PS_045.csv,inverter,"[""datetime"", ""document_count_internal_temperature_celsius"", ""document_count_total_active_power_w"", ""document_count_total_dc_power_w"", ""document_count_total_reactive_power_var"", ""internal_temperature_celsius"", ""interpolated_keys_internal_temperature_celsius"", ""interpolated_keys_total_active_power_w"", ""interpolated_keys_total_dc_power_w"", ""interpolated_keys_total_reactive_power_var"", ""inverter_id"", ""ps_id"", ""total_active_power_w"", ""total_dc_power_w"", ""total_reactive_power_var""]","{""datetime"": ""string"", ""document_count_internal_temperature_celsius"": ""integer"", ""document_count_total_active_power_w"": ""integer"", ""document_count_total_dc_power_w"": ""integer"", ""document_count_total_reactive_power_var"": ""integer"", ""internal_temperature_celsius"": ""float"", ""interpolated_keys_internal_temperature_celsius"": ""boolean"", ""interpolated_keys_total_active_power_w"": ""boolean"", ""interpolated_keys_total_dc_power_w"": ""boolean"", ""interpolated_keys_total_reactive_power_var"": ""boolean"", ""inverter_id"": ""integer"", ""ps_id"": ""string"", ""total_active_power_w"": ""float"", ""total_dc_power_w"": ""float"", ""total_reactive_power_var"": ""float""}",8443a1e7a6f9325f29040ccb338b279c2c0e9cf108d232bf8f99dec41ce94b33,"{""internal_temperature_celsius"": 23450, ""interpolated_keys_internal_temperature_celsius"": 195548, ""interpolated_keys_total_active_power_w"": 195548, ""interpolated_keys_total_dc_power_w"": 195548, ""interpolated_keys_total_reactive_power_var"": 195548, ""total_active_power_w"": 23450, ""total_dc_power_w"": 23450, ""total_reactive_power_var"": 23450}"
BR-PVGen_inverter/PS_046.csv,inverter,"[""datetime"", ""document_count_internal_temperature_celsius"", ""document_count_total_active_power_w"", ""document_count_total_dc_power_w"", ""document_count_total_reactive_power_var"", ""internal_temperature_celsius"", ""interpolated_keys_internal_temperature_celsius"", ""interpolated_keys_total_active_power_w"", ""interpolated_keys_total_dc_power_w"", ""interpolated_keys_total_reactive_power_var"", ""inverter_id"", ""ps_id"", ""total_active_power_w"", ""total_dc_power_w"", ""total_reactive_power_var""]","{""datetime"": ""string"", ""document_count_internal_temperature_celsius"": ""integer"", ""document_count_total_active_power_w"": ""integer"", ""document_count_total_dc_power_w"": ""integer"", ""document_count_total_reactive_power_var"": ""integer"", ""internal_temperature_celsius"": ""float"", ""interpolated_keys_internal_temperature_celsius"": ""boolean"", ""interpolated_keys_total_active_power_w"": ""boolean"", ""interpolated_keys_total_dc_power_w"": ""boolean"", ""interpolated_keys_total_reactive_power_var"": ""boolean"", ""inverter_id"": ""integer"", ""ps_id"": ""string"", ""total_active_power_w"": ""float"", ""total_dc_power_w"": ""float"", ""total_reactive_power_var"": ""float""}",8443a1e7a6f9325f29040ccb338b279c2c0e9cf108d232bf8f99dec41ce94b33,"{""internal_temperature_celsius"": 38181, ""interpolated_keys_internal_temperature_celsius"": 195557, ""interpolated_keys_total_active_power_w"": 195557, ""interpolated_keys_total_dc_power_w"": 195557, ""interpolated_keys_total_reactive_power_var"": 195557, ""total_active_power_w"": 38181, ""total_dc_power_w"": 38181, ""total_reactive_power_var"": 38181}"
BR-PVGen_inverter/PS_047.csv,inverter,"[""datetime"", ""document_count_internal_temperature_celsius"", ""document_count_total_active_power_w"", ""document_count_total_dc_power_w"", ""document_count_total_reactive_power_var"", ""internal_temperature_celsius"", ""interpolated_keys_internal_temperature_celsius"", ""interpolated_keys_total_active_power_w"", ""interpolated_keys_total_dc_power_w"", ""interpolated_keys_total_reactive_power_var"", ""inverter_id"", ""ps_id"", ""total_active_power_w"", ""total_dc_power_w"", ""total_reactive_power_var""]","{""datetime"": ""string"", ""document_count_internal_temperature_celsius"": ""integer"", ""document_count_total_active_power_w"": ""integer"", ""document_count_total_dc_power_w"": ""integer"", ""document_count_total_reactive_power_var"": ""integer"", ""internal_temperature_celsius"": ""float"", ""interpolated_keys_internal_temperature_celsius"": ""boolean"", ""interpolated_keys_total_active_power_w"": ""boolean"", ""interpolated_keys_total_dc_power_w"": ""boolean"", ""interpolated_keys_total_reactive_power_var"": ""boolean"", ""inverter_id"": ""integer"", ""ps_id"": ""string"", ""total_active_power_w"": ""float"", ""total_dc_power_w"": ""float"", ""total_reactive_power_var"": ""float""}",8443a1e7a6f9325f29040ccb338b279c2c0e9cf108d232bf8f99dec41ce94b33,"{""internal_temperature_celsius"": 24941, ""interpolated_keys_internal_temperature_celsius"": 168774, ""interpolated_keys_total_active_power_w"": 168774, ""interpolated_keys_total_dc_power_w"": 168774, ""interpolated_keys_total_reactive_power_var"": 168774, ""total_active_power_w"": 24941, ""total_dc_power_w"": 24941, ""total_reactive_power_var"": 24941}"
BR-PVGen_inverter/PS_048.csv,inverter,"[""datetime"", ""document_count_internal_temperature_celsius"", ""document_count_total_active_power_w"", ""document_count_total_dc_power_w"", ""document_count_total_reactive_power_var"", ""internal_temperature_celsius"", ""interpolated_keys_internal_temperature_celsius"", ""interpolated_keys_total_active_power_w"", ""interpolated_keys_total_dc_power_w"", ""interpolated_keys_total_reactive_power_var"", ""inverter_id"", ""ps_id"", ""total_active_power_w"", ""total_dc_power_w"", ""total_reactive_power_var""]","{""datetime"": ""string"", ""document_count_internal_temperature_celsius"": ""integer"", ""document_count_total_active_power_w"": ""integer"", ""document_count_total_dc_power_w"": ""integer"", ""document_count_total_reactive_power_var"": ""integer"", ""internal_temperature_celsius"": ""float"", ""interpolated_keys_internal_temperature_celsius"": ""boolean"", ""interpolated_keys_total_active_power_w"": ""boolean"", ""interpolated_keys_total_dc_power_w"": ""boolean"", ""interpolated_keys_total_reactive_power_var"": ""boolean"", ""inverter_id"": ""integer"", ""ps_id"": ""string"", ""total_active_power_w"": ""float"", ""total_dc_power_w"": ""float"", ""total_reactive_power_var"": ""float""}",8443a1e7a6f9325f29040ccb338b279c2c0e9cf108d232bf8f99dec41ce94b33,"{""internal_temperature_celsius"": 4276, ""interpolated_keys_internal_temperature_celsius"": 78209, ""interpolated_keys_total_active_power_w"": 78209, ""interpolated_keys_total_dc_power_w"": 78209, ""interpolated_keys_total_reactive_power_var"": 78209, ""total_active_power_w"": 4276, ""total_dc_power_w"": 4276, ""total_reactive_power_var"": 4276}"
BR-PVGen_inverter/PS_049.csv,inverter,"[""datetime"", ""document_count_internal_temperature_celsius"", ""document_count_total_active_power_w"", ""document_count_total_dc_power_w"", ""document_count_total_reactive_power_var"", ""internal_temperature_celsius"", ""interpolated_keys_internal_temperature_celsius"", ""interpolated_keys_total_active_power_w"", ""interpolated_keys_total_dc_power_w"", ""interpolated_keys_total_reactive_power_var"", ""inverter_id"", ""ps_id"", ""total_active_power_w"", ""total_dc_power_w"", ""total_reactive_power_var""]","{""datetime"": ""string"", ""document_count_internal_temperature_celsius"": ""integer"", ""document_count_total_active_power_w"": ""integer"", ""document_count_total_dc_power_w"": ""integer"", ""document_count_total_reactive_power_var"": ""integer"", ""internal_temperature_celsius"": ""float"", ""interpolated_keys_internal_temperature_celsius"": ""boolean"", ""interpolated_keys_total_active_power_w"": ""boolean"", ""interpolated_keys_total_dc_power_w"": ""boolean"", ""interpolated_keys_total_reactive_power_var"": ""boolean"", ""inverter_id"": ""integer"", ""ps_id"": ""string"", ""total_active_power_w"": ""float"", ""total_dc_power_w"": ""float"", ""total_reactive_power_var"": ""float""}",8443a1e7a6f9325f29040ccb338b279c2c0e9cf108d232bf8f99dec41ce94b33,"{""internal_temperature_celsius"": 6307, ""interpolated_keys_internal_temperature_celsius"": 78229, ""interpolated_keys_total_active_power_w"": 78229, ""interpolated_keys_total_dc_power_w"": 78229, ""interpolated_keys_total_reactive_power_var"": 78229, ""total_active_power_w"": 6307, ""total_dc_power_w"": 6307, ""total_reactive_power_var"": 6307}"
BR-PVGen_inverter/PS_050.csv,inverter,"[""datetime"", ""document_count_internal_temperature_celsius"", ""document_count_total_active_power_w"", ""document_count_total_dc_power_w"", ""document_count_total_reactive_power_var"", ""internal_temperature_celsius"", ""interpolated_keys_internal_temperature_celsius"", ""interpolated_keys_total_active_power_w"", ""interpolated_keys_total_dc_power_w"", ""interpolated_keys_total_reactive_power_var"", ""inverter_id"", ""ps_id"", ""total_active_power_w"", ""total_dc_power_w"", ""total_reactive_power_var""]","{""datetime"": ""string"", ""document_count_internal_temperature_celsius"": ""integer"", ""document_count_total_active_power_w"": ""integer"", ""document_count_total_dc_power_w"": ""integer"", ""document_count_total_reactive_power_var"": ""integer"", ""internal_temperature_celsius"": ""float"", ""interpolated_keys_internal_temperature_celsius"": ""boolean"", ""interpolated_keys_total_active_power_w"": ""boolean"", ""interpolated_keys_total_dc_power_w"": ""boolean"", ""interpolated_keys_total_reactive_power_var"": ""boolean"", ""inverter_id"": ""integer"", ""ps_id"": ""string"", ""total_active_power_w"": ""float"", ""total_dc_power_w"": ""float"", ""total_reactive_power_var"": ""float""}",8443a1e7a6f9325f29040ccb338b279c2c0e9cf108d232bf8f99dec41ce94b33,"{""internal_temperature_celsius"": 2675, ""interpolated_keys_internal_temperature_celsius"": 78233, ""interpolated_keys_total_active_power_w"": 78233, ""interpolated_keys_total_dc_power_w"": 78233, ""interpolated_keys_total_reactive_power_var"": 78233, ""total_active_power_w"": 2675, ""total_dc_power_w"": 2675, ""total_reactive_power_var"": 2675}"
BR-PVGen_inverter/PS_051.csv,inverter,"[""datetime"", ""document_count_internal_temperature_celsius"", ""document_count_total_active_power_w"", ""document_count_total_dc_power_w"", ""document_count_total_reactive_power_var"", ""internal_temperature_celsius"", ""interpolated_keys_internal_temperature_celsius"", ""interpolated_keys_total_active_power_w"", ""interpolated_keys_total_dc_power_w"", ""interpolated_keys_total_reactive_power_var"", ""inverter_id"", ""ps_id"", ""total_active_power_w"", ""total_dc_power_w"", ""total_reactive_power_var""]","{""datetime"": ""string"", ""document_count_internal_temperature_celsius"": ""integer"", ""document_count_total_active_power_w"": ""integer"", ""document_count_total_dc_power_w"": ""integer"", ""document_count_total_reactive_power_var"": ""integer"", ""internal_temperature_celsius"": ""float"", ""interpolated_keys_internal_temperature_celsius"": ""boolean"", ""interpolated_keys_total_active_power_w"": ""boolean"", ""interpolated_keys_total_dc_power_w"": ""boolean"", ""interpolated_keys_total_reactive_power_var"": ""boolean"", ""inverter_id"": ""integer"", ""ps_id"": ""string"", ""total_active_power_w"": ""float"", ""total_dc_power_w"": ""float"", ""total_reactive_power_var"": ""float""}",8443a1e7a6f9325f29040ccb338b279c2c0e9cf108d232bf8f99dec41ce94b33,"{""internal_temperature_celsius"": 3234, ""interpolated_keys_internal_temperature_celsius"": 70583, ""interpolated_keys_total_active_power_w"": 70583, ""interpolated_keys_total_dc_power_w"": 70583, ""interpolated_keys_total_reactive_power_var"": 70583, ""total_active_power_w"": 3234, ""total_dc_power_w"": 3234, ""total_reactive_power_var"": 3234}"
